# --- Computation Report ---
# Time elapsed: 0.016806 sec
# Matrix dimension: 300x300
# Total elements: 90000
# --------------------------
    742824    753307    782127    742456    713717    768325    744368    788966    734006    725266    685703    763736    704334    727770    768992    707210    738706    737647    738893    725741    722515    777307    786662    757919    781943    725947    712506    762339    733483    738688    740498    710822    755671    734661    712335    751183    720848    764287    734733    801502    729690    757459    780521    780545    794369    698485    737538    749242    715307    731088    792395    783078    717771    749279    779973    778921    695907    739664    794150    749723    721669    665341    744380    762683    703590    719702    771590    808435    709265    767034    748094    710291    697704    698138    738250    727937    766184    744175    749427    768488    763621    705582    774659    713483    726949    753024    790880    734820    726382    718831    776593    781809    737963    754201    708747    757672    761798    722721    761349    748515    750637    742811    700459    767448    776023    738185    734180    758252    760165    732960    762961    800237    724371    722065    746083    717127    780720    760784    729322    776377    763410    737233    693195    713986    744008    764253    717203    736690    728460    744323    755166    759892    753344    740347    755372    784613    730875    723770    759837    726563    750481    763813    734560    743070    689717    687985    763260    769340    731284    732480    711111    744639    732058    708196    736362    793772    757959    772114    789972    736588    707927    731174    746622    735757    720992    760941    742787    718034    702406    781635    717941    723671    736977    753753    751846    722814    710256    751319    716057    746023    731964    768319    730186    758120    738260    728992    728647    721383    764584    757421    735602    714464    723967    706942    696609    752489    784057    737074    733449    785639    751712    758419    761480    711350    761313    746903    741517    680312    798202    737114    722273    769082    774007    741098    734354    763545    802588    770956    812670    753050    727021    726440    724932    748941    718470    738444    731612    748467    738181    733792    736065    712904    725731    684113    711635    731224    800816    811422    698034    748931    700111    726436    787100    759974    793283    738838    714302    784081    752455    748495    692802    735120    751790    778831    727170    745864    781436    762231    716657    705376    745619    737161    739376    736317    790293    713181    765417    716725    731065    739717    740994    724773    728327    687432    684630    718236    728192    744454    765289    703745    798104    738168    718338    676156    716784    711002    733019    709672    735385    707503    791287    746593    738133    761862    762576    777881    765798    760478    742482    683861
    762363    744791    753891    728588    721578    749202    743490    738156    710558    736038    663764    735143    710934    721473    762175    692570    722378    704921    708542    716240    740533    747857    757019    700620    733666    681918    708300    743568    711484    728486    698924    728845    704440    724774    707623    706600    713157    735864    705446    756369    741555    723119    761683    804247    766855    724756    677462    724932    686936    696840    760002    758970    706821    676714    757312    752929    708860    737324    773489    744334    741362    676590    726951    745698    722491    735772    744766    751848    720832    692631    736076    712787    698788    691038    684896    718405    722356    727063    725197    749965    721366    730289    737070    724381    736458    727854    734803    749377    728144    689356    742597    773437    706287    758872    723768    721802    751250    711850    740905    727608    734813    725013    697305    752110    756756    725408    742160    739416    722004    692102    710529    739517    744756    711438    755406    710800    756665    730812    709956    782655    755547    681278    719912    694078    697130    707899    724789    744952    706002    711603    719313    769200    696311    764038    703190    777204    714186    723364    745272    709824    742106    749607    710951    697348    690436    678012    723772    747100    759189    704616    726449    710637    704863    709250    715423    791166    782989    783309    777026    712371    731752    713285    730632    692764    721931    744831    766203    718889    668592    758858    703207    675186    719254    738757    754143    715564    695512    765752    717622    753080    737330    746504    711267    726521    693054    711303    733298    750654    755352    717176    728145    672701    711880    697050    702071    751071    773838    726263    706097    781874    730616    748329    697837    737172    754268    739225    734184    692721    770614    724462    698373    745742    741204    754714    725469    730846    792801    713830    770369    743818    698638    741791    718005    729747    707107    745322    746714    757802    711453    738343    707411    684425    715787    676661    701938    712440    751348    778303    651950    714516    675703    689037    759157    724779    722472    732963    675694    764611    731367    696064    684493    746632    725775    740998    708502    750835    746741    754303    727210    694323    732413    757795    712003    742582    742899    713276    730525    680333    709017    717290    729889    722341    702328    683089    699636    697464    754342    750943    771181    707046    775744    689662    689898    700913    679555    674483    741112    722513    701228    708913    734991    714501    714680    715352    751145    759163    715102    734217    763703    725791
    781011    781590    787320    803113    737842    803870    756815    804066    731995    756340    678660    787300    737369    722967    777380    758696    753650    728361    735620    747804    758231    791622    780726    744091    782648    745880    739637    770685    766508    739267    758868    720621    772529    763688    727561    756512    748121    798159    745474    800095    771181    747806    814260    829667    825492    752047    744164    779367    741068    746423    796466    786585    745398    709422    827636    774067    731297    763098    819934    759947    732414    710030    754158    797810    724977    749425    793430    806139    747565    768883    786938    733402    719471    702857    716957    744271    769657    780912    761721    787528    726112    741707    791055    756544    747515    787319    810309    796204    753694    719094    805594    788757    758700    798893    747237    767051    787264    736448    738908    739663    711549    732163    706933    796684    786447    784968    752616    757750    780431    737240    755750    783595    752985    764807    783757    730872    787060    740680    744601    817557    784237    740489    713078    731894    777602    775937    738368    777856    733734    749981    791355    777963    751316    800850    760505    795722    762568    730858    758609    754478    780784    795919    752797    712482    736519    742002    742538    792913    760588    734072    725989    744640    747328    721007    746374    814511    763596    798214    792981    760879    744749    741778    769384    747893    711825    751470    770750    722573    698382    800308    744273    722054    755491    772264    782828    750404    729984    783859    751737    768422    793948    789508    774570    754549    759964    743179    763279    768250    792927    770194    763533    738841    770405    719021    744583    772668    799940    776531    734042    818687    755249    777638    765182    762146    750740    784764    766368    696969    784767    766494    761212    757314    755600    771725    749601    765133    789967    751818    796223    759651    762189    774063    745396    763679    743842    749110    747191    795411    735133    776326    768726    715327    766761    715744    745641    758415    817174    823831    706689    734157    714029    746420    814367    751407    770781    737437    739633    795975    742286    737378    702177    743343    740677    790487    761801    783741    777535    782477    723051    726726    762834    767511    740514    787869    767112    752965    773128    729508    770137    769716    732040    760011    746643    703957    711555    719717    730110    738947    800556    723346    793930    730499    717505    740877    745959    737528    775268    735113    765407    719740    807252    768303    731337    726650    793991    776125    733174    776083    776054    746157
    741627    753997    744019    757060    729344    750132    739573    765705    721203    742206    688188    734782    730666    720031    737155    701869    770487    707977    713716    715287    733939    764159    755255    717878    766579    715476    703947    740769    727700    753428    737674    722789    744420    772875    713408    733412    754773    765254    713899    809219    745816    754828    747543    776487    817566    734019    737234    775335    693413    726851    759325    751564    701141    704465    765623    770853    690780    750385    776854    763912    732302    662398    770371    778576    702295    734003    780132    798718    714653    722109    751659    722985    700788    690975    726462    731598    745201    716705    740363    755377    698483    720136    774165    708424    729883    748750    769251    778086    725247    706768    793668    778891    732596    754165    738703    747436    770424    711833    736399    742463    721239    714585    710896    743387    759298    761239    759915    779424    742845    693618    746349    778191    740982    745367    754246    736970    766547    740948    739677    795136    737153    712608    687068    710496    731904    770838    715810    729382    717755    708959    727805    750803    727024    731308    719591    777982    748859    733117    752266    740352    755377    767551    744175    721490    719260    713799    762858    761477    741260    731253    746883    725442    735666    679137    738476    807633    746008    773156    778107    730584    721158    723118    732600    736903    717113    752066    754564    716097    694822    752006    712839    718250    725757    730165    761696    734117    724646    755643    723917    772423    761825    791937    746036    773187    733206    743036    726279    758919    783624    727716    748614    715188    716737    714131    685902    739692    784121    750443    706276    779265    732866    754619    727156    736056    743722    710042    735848    696105    781798    766919    712813    768307    745465    753846    716444    751089    783976    736800    786126    764550    743234    735201    720162    755912    712425    744167    758638    776081    706142    755075    735377    704705    747643    680380    727953    702195    761538    806699    694780    717459    695226    721041    770335    718783    732526    773635    692063    783014    716631    706123    695570    743290    770370    741026    742699    753178    745503    740405    730325    689102    748041    745805    722788    751123    806544    699406    726697    736899    748260    739426    704028    750927    741844    691703    681938    710416    741053    755640    757359    730722    778416    702384    691690    707729    703606    719719    752120    723654    744836    705689    741747    752869    780406    691435    757940    722126    731537    724283    757327    736589
    756818    766184    784922    761425    750882    792622    758469    779343    747290    774512    684559    769999    759282    741652    786854    733165    765449    735756    736922    770175    775599    771636    752766    765238    787818    743003    721398    761744    707350    753263    751149    755845    748484    762442    754034    775224    750200    768522    768998    794496    765176    749652    790246    785936    821212    751847    707394    787318    731426    738594    815479    775984    727001    720049    796703    791675    727949    775525    831415    780702    724876    688168    790780    785889    758616    774064    785508    823796    740281    764581    794509    743913    714154    717065    741360    747634    783997    751175    750141    785295    734744    750388    780716    730890    737496    765833    758597    772263    729482    754564    784966    777703    744927    751528    731245    767327    772243    763125    766421    748331    750167    719388    716871    772324    754230    772107    776512    766987    785080    737405    749694    805722    766800    738472    791337    737992    766511    735985    723162    797128    807315    708173    720278    722266    742143    756976    739024    753105    726939    739262    728311    755020    751771    743752    725044    781121    753157    758024    759476    753326    775877    779217    698411    736870    719603    715906    755044    763016    777800    731533    716814    717043    740220    696713    729223    802910    771087    811944    785252    751081    712689    753932    761710    750027    741597    739624    776322    731563    701731    786307    737822    703721    714787    785694    814136    728178    766270    785763    742552    776552    778084    784319    729743    763703    759169    742074    761839    782759    770972    758332    751652    716033    729611    746492    732273    757658    801715    726027    764629    811648    731849    763864    750397    795253    763071    755621    758081    716835    778337    757928    764677    773174    760498    790842    757478    780644    812046    743488    821396    774601    742924    768961    744866    720427    750197    799845    790998    816065    754140    779187    746924    726249    745040    699433    736210    736850    781073    798025    697095    739340    730471    753623    785664    738703    756083    744645    700703    848513    731496    716154    704747    778826    747541    779585    734751    776792    751874    760093    746143    728975    777063    753816    743006    758085    776452    728679    784130    731322    775445    765857    740657    723967    766300    698846    700496    726046    742993    764928    807115    733799    787532    738781    731506    734181    738183    736595    788795    739572    745910    721426    785388    772578    742469    758036    786530    816874    763608    756806    783924    730799
    783739    780611    801515    778929    743414    791288    790044    842905    770319    772598    692372    783872    754248    770977    798839    750331    772530    802407    770283    736919    797865    821154    765836    761726    793698    770656    736101    790672    770657    761884    761904    750003    798082    786436    763202    797904    773918    823206    778241    812140    793879    769104    800547    825589    848594    759007    746398    798300    730307    767914    834327    806429    767787    732388    823878    790858    771552    767058    827623    823991    732475    724156    794040    774478    756863    758589    827127    864503    785414    798240    777223    759151    726207    740939    770165    791106    798582    737246    779451    808987    745371    756039    818687    768089    796146    798558    792215    801681    751095    752492    829007    820047    772588    782634    758300    763093    792399    764635    799302    781380    748376    773802    722426    782987    774051    802394    791188    809003    781600    773485    778955    825385    759182    764725    802660    752544    806861    778424    740330    819716    809655    779127    749528    762079    760174    765536    749457    795355    759423    762964    752810    789032    778841    781072    778463    833964    806428    770770    791900    759465    794762    814400    770910    779110    758307    744436    770460    815428    776255    748540    801170    781839    763808    746775    760409    802331    769939    836845    827044    782905    757762    756663    781014    763360    794410    774093    768031    752156    710726    805187    732602    761833    740938    760257    790679    774621    754826    790597    747331    786538    792906    829814    773777    811879    761526    776763    784836    791842    821003    792251    788508    750435    792000    755917    757400    794381    816191    778816    773827    845230    791870    792652    783660    743351    796961    759756    793285    733726    815050    800731    747455    804916    819155    781025    753957    782205    811405    774581    828243    806535    762489    766829    755138    788204    778851    801109    792494    814870    733796    791071    757921    735753    777249    732916    765432    736179    817285    850469    714066    752539    710912    765153    814437    766520    772851    805408    737129    821506    782665    768568    736569    810164    763477    815630    791013    780285    773597    799151    765089    747937    763749    761357    750622    809241    802624    723311    769769    780380    779924    792230    773861    755610    774815    751583    697778    763025    753375    786977    813021    750221    813184    713002    774564    719690    750479    758629    786449    752691    802202    741947    792951    784174    749901    736169    812094    808113    784777    772113    808121    772549
    793808    772775    806350    777902    728152    781023    765447    792337    759918    750462    694160    784321    751974    775711    794491    717524    780674    728794    715621    740959    762433    800763    771132    749400    794914    722415    716346    779736    740311    739014    735278    754542    762304    788965    718646    761457    758500    773118    775659    801451    758186    753003    811019    815112    812666    770204    742422    773182    729857    740869    795093    796466    731371    739669    790581    766093    722223    770024    808132    787465    763483    702542    753473    762887    738653    748352    786030    822220    755798    750853    767746    714974    694645    702030    758571    723135    785893    760369    781631    771846    752397    756521    774606    728877    760633    747494    788136    794273    733073    714494    769477    792602    784443    794159    735461    732705    782813    734745    753174    743945    754297    745647    697613    773130    781311    759817    760372    777719    794025    731290    731537    795657    752395    719569    804864    739887    804281    748671    745579    791245    815820    726127    719954    718833    763467    780222    717300    751701    731269    725507    759434    787589    759535    773499    766399    816732    750723    751827    757955    756413    790293    771440    734465    762264    726981    708110    751206    790748    795819    717687    756735    749728    752078    727129    734696    807652    780282    817483    805553    762881    736126    741016    794341    764835    760251    790908    744756    743234    705443    768174    705495    689030    743371    767299    767435    740847    701175    784175    732779    789053    732544    786249    739759    774188    751678    747684    762837    767656    808045    776312    746757    701058    745676    732141    714337    766089    802218    777260    765590    795828    750330    790913    768898    750871    754228    754254    765182    675104    831288    730935    738389    784137    807556    764422    738650    738601    804774    754818    802461    777758    759746    761077    749159    733107    764485    783907    771008    794823    727045    768498    771942    739451    762535    691963    738594    765726    792883    798650    709766    729566    732460    735318    796687    791283    767960    753618    724500    812781    723405    724021    714019    749523    729408    735934    771292    777455    813623    748556    728759    749889    778429    768218    729968    771048    782589    723342    764035    758601    747544    753231    761458    732832    721783    729389    741612    727502    742784    760413    805076    723032    802522    726191    753078    734962    748811    706828    788992    712243    742393    693709    784600    736852    770101    768819    776846    780681    729011    773447    783606    736651
    739680    752682    722673    748009    747032    767659    737166    781956    703935    737748    681289    750438    752088    722802    784825    709651    742691    709164    721715    758715    734448    794032    762080    754116    758794    719805    721000    746703    737207    736019    735095    739823    767369    730646    705690    743081    733534    754905    731767    780561    740797    715698    789130    772105    783895    727614    751532    747140    711186    753742    773940    783171    734900    714785    772835    765915    723073    728980    796837    732709    723729    710484    770369    759706    749913    748848    787215    804807    721726    741413    764126    720736    702192    719598    710978    738732    757931    731608    709412    779510    715703    739075    777121    723148    735796    775240    791067    773890    716741    696086    788363    795236    742080    760491    697763    745316    760134    706539    726610    740112    743285    736131    683401    768484    786347    748141    756560    746204    777904    697807    749249    786147    741250    727539    751279    720398    771608    733451    697616    786362    790078    734767    720719    712276    747673    747611    726451    750751    726196    750953    741745    768013    721073    747921    726742    795348    765969    693510    762913    712144    751740    755947    764021    735629    713210    724280    729474    760885    777501    684101    737973    705300    708747    708456    716770    781370    765583    794359    783983    724042    704980    742335    758398    725207    754813    721189    756212    728007    677181    785279    693475    718595    747377    756944    741727    761922    690483    751529    720222    775696    763616    746318    721043    758554    743382    731211    739330    767599    794153    753708    742501    710674    739945    695469    704529    757177    771171    761911    740670    801653    753273    757148    711978    736958    771841    708394    744964    690459    783636    744941    685633    755987    769401    731084    728304    770771    821125    709855    802685    737771    745236    762306    716575    725909    730658    759699    741559    770878    731560    756687    717288    710221    738347    698646    728868    733374    783145    815609    696690    723875    697134    752840    769606    754548    745192    736809    695734    767546    737925    718495    675878    739659    711590    755858    755440    792173    790128    758736    738165    721723    726203    767943    728450    758824    765883    708135    741182    736486    748474    729344    742349    750722    740387    679472    657681    736718    730487    727182    776063    695653    796035    722092    695190    713064    701346    700098    752796    743941    736795    691428    778991    764604    743382    714785    747497    777342    739174    726751    756937    728183
    800607    800643    797953    784823    739025    760992    771639    808006    753286    746657    691712    770889    731951    734036    782183    714186    797454    763722    729021    752599    758659    800873    787044    768541    782754    752341    739414    776628    760016    772396    760951    751828    757945    799656    764481    747715    776579    788516    750849    810387    776466    780729    804975    831545    860589    788912    770433    757052    725764    758748    787228    801017    749432    735369    804687    807649    742146    752572    800340    809529    760500    751569    772949    769018    751667    757081    785390    813746    743791    789130    770852    747033    694865    717433    769993    727854    761661    743990    785274    783249    751697    747918    796208    747202    777817    764273    779303    809185    766863    718703    823746    796090    770117    795046    757728    768238    792053    728457    775558    751628    771192    722034    733941    807256    838434    759252    768697    801898    763529    720152    760398    808995    749578    751090    785945    752429    815254    775112    776146    813090    782006    740731    731260    734898    752224    792941    720481    784047    740112    764534    760563    804940    762002    781396    766578    799116    789473    740166    786832    751931    799041    795999    725840    756746    728431    748262    763510    822789    792643    744962    741040    732117    778267    732807    751565    818895    781027    789454    774692    747607    757202    749783    759862    786225    739852    769919    769353    748844    715943    775212    728640    720683    763867    813016    800453    727598    719320    819219    753350    803519    778168    816695    786259    783202    774853    762352    750867    776661    779805    789939    767410    729292    769762    718544    730491    736138    807314    770566    754202    835568    784877    799172    775394    746551    785458    771721    782191    705588    793266    760362    751608    802208    808890    786664    733079    782676    834498    789774    810282    819480    750133    792659    751967    784654    768969    792528    776534    796041    760698    812467    783624    770883    767699    713549    760659    741113    784409    827745    733410    759043    737549    749686    805914    776196    798080    762516    701556    805207    745949    731022    699708    744205    771401    786441    752591    810563    781023    794245    795674    735368    764074    794328    759797    795308    784400    746874    794581    715950    757814    746194    758904    758191    779431    728111    755910    725297    746713    784539    843447    706462    826831    740983    737992    749315    744672    746636    744755    745387    732553    754802    797576    775168    753801    749886    798698    778073    750722    769769    789345    749193
    710569    704437    714256    719958    681922    711103    737357    745311    715896    726000    651817    732373    713889    720222    733019    689300    731959    697233    692737    704133    723371    751902    722926    718656    727197    685178    667136    695671    727618    668932    679296    719797    702296    720655    684070    682616    689334    732131    738498    767361    717986    715912    744139    741727    793566    725532    704853    710679    680917    738460    768736    740659    674449    685648    755413    702467    697980    740107    757071    740737    693775    677291    728706    730758    711941    723062    753557    766399    675517    699058    738813    710331    691321    636256    741307    685823    723535    691865    721202    736884    688250    722846    722598    638483    715719    729733    716815    774121    684720    700582    742160    744784    736342    720196    699767    740339    714692    704502    753869    737978    682018    675447    671451    737807    736889    723870    721708    728581    722886    697720    719950    743284    700119    684400    719836    701716    741208    685842    699868    755127    738930    707472    670869    649986    738810    729087    680368    729182    681144    697365    710869    736741    716351    729916    732325    764834    727887    718257    704949    708413    723778    725755    706779    717046    676180    673196    701172    735975    728383    666328    720731    691540    701174    672730    728482    775951    739246    747354    720397    697720    693577    693214    737718    717075    674532    731372    737132    679821    664158    726948    669204    664915    715280    738146    725768    682245    673549    741559    715005    715556    723278    755503    739669    718533    718225    724839    702046    729275    766264    712926    719420    652203    697956    696404    657005    712538    757492    737053    698307    777710    697284    728557    709250    694937    700987    737627    742552    664376    783355    729411    700663    750305    728388    706204    704422    697406    762951    724151    766778    762086    711123    726753    709530    720277    693554    724220    724573    718242    673456    734748    714564    664053    717625    632517    717616    701449    748077    773503    683618    701995    686003    698910    728588    710006    724297    710724    656569    756390    706176    669654    655050    723841    713242    717084    672045    705759    753119    728695    723069    668616    716752    717810    693591    729717    751449    716504    722105    684325    684230    709094    705490    684352    710252    680739    671294    671742    684537    730804    745463    690941    744822    676035    667278    660817    663588    684780    714530    689791    705805    677676    738804    703982    711385    666179    739330    731273    720068    720715    728359    696272
    789120    750135    750482    770964    731061    755333    749389    806337    758394    763757    687007    777122    757318    748136    796559    730472    760910    709520    712023    751838    758077    765172    779993    757628    789559    735825    753133    781070    754086    743287    777486    772227    789134    776571    727847    750028    740202    757930    737368    824993    757458    784930    786480    793571    821710    729161    747213    765833    739642    745737    797091    808217    750566    753133    771443    794487    733430    744436    792537    769843    730950    695083    762784    785232    732691    760362    779864    821061    745132    771715    750486    720233    729063    731553    741904    775665    788234    745558    733077    753360    758729    758831    781875    736543    732194    773993    775564    771116    761168    725473    789143    788437    778382    792392    740767    761555    778316    735820    775003    713966    738622    732163    722094    800862    789649    776663    756169    791088    753734    698454    753937    794378    770998    756074    776966    749092    781540    752874    708397    787372    771391    731301    714221    714332    770554    753067    725444    764810    723322    712339    769480    743425    748091    742664    745548    783354    761968    742546    761443    762788    785561    784086    764274    743219    708486    737235    749447    781011    777148    735301    755046    724341    728993    726953    733057    799848    783058    792741    786427    736433    748927    761176    780749    765690    740505    765057    764203    738166    688610    797275    761044    714732    774558    768552    771636    758933    734971    788320    768219    757145    773963    765874    746990    750726    750969    755685    743233    778449    818964    765451    755624    733235    763882    722581    709508    739403    790684    749509    727640    760756    746659    767725    766871    772012    772662    739050    758709    705550    789240    754910    726340    780915    781858    776543    754329    752663    791011    767506    822710    750106    751431    774181    745647    753913    723695    783894    746661    782971    724476    761827    760726    728071    743478    683107    729631    741168    800340    819571    697867    727174    708740    703362    790505    783720    765374    746282    715371    808468    735817    724918    694172    755746    749148    762036    765035    799263    760961    776419    763922    706403    772646    763865    731140    766000    804873    726782    772086    766606    730926    768158    731083    748042    772691    713699    725916    719216    756716    761543    787234    721965    805018    742002    711920    708958    703811    709236    763963    740135    735384    714275    786986    772645    769038    735186    775448    778169    734877    773097    753981    724897
    797260    765149    762201    768627    737267    775070    772104    820381    749877    750078    706297    765804    753282    751764    803082    745953    784690    733959    753015    785435    757979    808797    786291    790435    800087    753773    745037    745534    709848    729874    764420    754836    749934    790213    738776    711926    750521    786268    773772    826163    781015    750633    819073    805417    845132    748492    773818    748047    723755    769755    815658    794910    758602    741520    808924    791959    722692    745027    796847    804156    764545    717212    752133    792409    757556    773228    769987    825814    752191    751699    769357    765854    708166    730728    733453    760754    788061    741679    739368    782761    740090    737149    794476    742764    744456    810300    795347    783249    754909    715427    797213    788311    761153    804070    732907    783080    768148    722541    761733    724735    764194    769638    736496    791245    809468    787445    783987    811523    758957    723012    778140    784973    739149    746737    792057    758207    796690    763541    742366    815387    788258    781017    733227    748513    776275    777866    710033    763630    714983    741454    763729    815969    770829    762861    749947    829601    772933    741792    783403    755150    801364    807357    726586    773087    719455    750065    768918    801345    770632    723846    770039    739836    737640    725337    725359    805672    773557    793883    806307    792952    785376    754707    766716    765635    757324    753837    771681    729653    687772    805916    729464    717923    747061    778118    798322    766371    743697    759012    733106    791278    774982    813194    770293    775233    772755    756762    756288    768552    809388    772887    740491    729959    748740    724736    717478    739296    781678    746023    783796    812257    749803    781424    766737    762188    780356    741592    788516    721081    813265    776507    775015    768174    803624    792337    765640    792508    823811    788467    806102    770719    757092    774375    800196    747293    749538    791825    775910    797806    730902    810317    744682    740332    752329    695800    790852    733142    782193    839466    746729    735116    737540    756050    805365    769078    748445    794144    713793    798594    734741    745129    715041    738185    745017    786645    766675    805960    802620    788478    744218    744175    779112    773512    762097    767925    792395    739653    742595    763324    773784    773317    769571    753203    772994    728097    743771    741214    760766    772542    797445    737475    835238    719219    763794    746459    753329    743968    763827    733519    761725    760542    804561    792784    760928    741185    798998    786215    764451    747717    782540    749482
    720653    738493    734421    744279    726843    770996    742908    778760    723791    718705    686100    724446    710698    703768    758180    704506    744451    724009    700714    719802    738490    766954    705912    731897    761907    694918    684962    723542    743971    745189    749140    735924    727739    744494    710666    707694    724423    747355    713194    776795    734536    734609    770630    767655    810940    732287    712617    742399    680413    685831    780284    783625    695007    706323    759216    783296    709560    718834    784309    751800    696783    676654    765161    744289    726252    717870    778048    780114    708416    723687    737007    702428    690479    694691    703441    720485    753856    719818    718364    740611    745280    720457    752948    731999    742284    744149    761186    735268    708963    711001    754747    765213    714343    766846    685602    735503    756482    673985    741499    721879    723881    718099    685037    738667    743126    743552    734284    768864    750390    672974    747404    752664    728888    684726    756296    718975    752307    718456    690028    762490    738410    696466    712018    710934    740102    733039    727699    736095    680067    716256    719849    777282    710583    751894    724660    754320    744217    683853    728776    726770    762507    747648    733584    688218    705036    709629    744482    740618    758577    683694    714496    725941    731024    728296    692579    778646    738837    767255    766391    717466    693801    718222    744548    726242    715143    773323    735479    713442    704081    735862    670254    683690    702371    751832    748181    725842    686445    757672    714120    755482    762058    743505    714220    755488    735823    701680    734588    708476    784300    702582    722309    689556    718207    704387    662716    698176    802495    731170    726045    778742    737764    732605    741091    698734    746056    692043    757493    664713    776850    740577    710474    742126    761939    755159    681282    727420    755200    721932    773866    738075    742392    752920    724641    742008    712948    725437    728092    748367    698828    758597    717714    680542    720400    669159    719116    711813    778935    794198    677148    719981    703596    699684    750685    756391    774303    728374    704386    775246    716896    703500    685975    762164    753875    732914    715254    772022    736910    741743    712843    701104    735742    731833    734618    748804    754111    688678    761596    699312    732606    726730    680220    715403    732496    700339    678467    694702    721300    731282    798956    687426    782240    685219    720864    713972    720181    671976    721694    712909    714693    720337    779296    716932    750677    723323    762930    752110    711490    721003    748648    686177
    818970    800758    809616    793789    771006    804754    796665    787628    775171    785406    729166    782692    772576    762610    778046    743905    787435    750714    764972    745265    774411    800969    821420    781038    812166    735087    727625    762030    773725    771799    762958    775690    793629    794255    730487    769371    803613    788211    766748    829391    791725    785481    829241    852516    863783    778487    774816    800323    725827    787669    794997    844061    741780    772324    819643    816943    749879    769390    829175    798939    771774    732981    808700    813898    763090    813568    816763    847742    777982    762992    792585    770932    713682    725246    770438    762683    792948    749734    781804    774813    751488    753217    801837    766644    778631    779088    835111    790421    748547    755053    805988    837695    792067    822093    785738    780988    799008    714147    818258    793701    771517    753848    736865    818476    807801    786054    797306    833679    805019    741310    777856    813415    789664    763706    814809    764673    812622    787628    752278    814179    802907    767519    734912    752082    787264    792157    772366    780350    747165    787674    764847    783792    779524    768427    773719    841861    820013    786564    801667    765776    801726    785644    779803    756372    753959    766808    799970    821540    794800    765915    779030    765380    759424    739776    755479    836767    806171    831816    810694    774915    758670    757484    782749    776763    752934    796645    792585    778681    741958    780389    731746    755589    745181    771703    798359    780942    713396    795107    790912    796609    807426    817474    765471    797011    784260    745473    775735    782572    835530    801029    802610    724777    749681    738289    718237    781067    799417    792207    788175    842711    778883    795695    768126    785750    803878    762138    774272    728746    809007    796522    744653    795175    831614    787470    756339    773170    826920    762666    837387    801411    778999    799659    765553    758977    714693    788209    783409    816611    745945    778508    783357    749069    759716    734750    770269    766871    805363    826897    719586    758275    744337    746606    821870    792085    806093    775742    751873    811262    776583    753492    725101    780580    778331    791147    797130    797458    839765    777804    769160    731761    782497    798426    761728    818001    824523    772860    781451    783130    779458    766039    775092    767549    772593    740987    714833    739592    780412    788601    830003    739072    847467    735030    751427    741402    752541    721168    794840    770189    783548    759098    798241    782714    785185    776394    816265    768935    787623    760783    792185    786300
    819712    806820    776100    798831    764817    812089    794983    810926    775899    784513    728820    808578    768411    806965    790373    766231    805036    712654    763246    771851    761021    816137    802040    807093    797143    739354    752336    780676    759187    767256    802555    780721    819129    790549    755540    768682    800955    816017    749618    829410    763112    778525    809412    838909    869596    749491    756375    782004    744362    767431    846005    783447    725971    748397    801516    807383    758259    793596    837670    801932    766323    725599    807996    812275    753294    779644    809839    839194    770049    779553    802963    742577    728232    745808    757811    749767    770056    763324    779525    788661    734864    758882    809392    775472    761376    797690    815483    772497    765543    734253    819694    793768    768138    806279    766112    776959    811981    737872    784143    810631    790754    769168    732847    830899    814242    806159    792055    803643    775260    732139    783847    794354    771229    749881    799206    745020    812665    790476    758442    827861    806830    739827    731582    724341    784076    766752    762695    785900    734917    783495    772659    782647    779586    786424    789586    809157    801803    778244    783749    756716    833746    793864    761430    776402    738487    760251    794063    794549    797453    752509    752138    750567    786660    756955    769802    837376    814124    822402    807629    802362    739248    762167    803344    771197    751026    791059    785092    758215    747246    828149    727635    746904    777547    780749    820620    768735    734307    794782    792591    800683    815472    817461    758793    796422    764995    742146    768508    769291    825714    785595    780440    757957    752505    726058    731218    776031    815822    782174    776572    842051    768110    802980    778680    804299    790915    764201    787113    745386    811082    797389    751749    798078    812008    795129    783662    781579    836844    777778    802731    802288    781048    807574    777213    773892    731989    787430    793702    785824    761937    789163    791186    753128    769287    711174    763656    780004    818472    843810    736981    772312    729743    723323    807432    776995    788604    760599    744046    793187    784415    732571    687489    799066    791249    785398    800004    781648    816289    791825    791216    738703    780532    776541    749106    760505    805345    762687    789308    750011    765250    757845    783236    785519    801830    740951    727502    762183    783412    785569    801655    753333    817321    776926    751526    770144    778098    746635    780861    766850    764165    755130    820519    744425    790134    768140    772194    799403    783158    764805    816802    761644
    746184    760316    760960    757754    732217    738675    758950    788006    726070    761933    699153    764309    779193    736584    770085    713549    757948    725459    718899    749471    734814    797742    769942    789369    776857    722532    739872    776789    731870    735804    717544    734671    771671    787681    743134    747547    764159    757035    738745    797970    775196    743730    755800    790833    812234    745431    710833    752527    718461    713607    783550    775480    719060    710946    782202    777594    701707    768172    821658    776221    720924    684214    773096    777244    707499    761821    763557    829552    721377    741589    749619    741589    716701    708131    719226    752454    763011    744516    755776    793901    762810    763838    781636    724630    736824    753334    771609    780232    721149    741052    791577    789670    767823    755159    751812    756782    748167    721693    757554    750648    736430    744759    698610    789074    794705    770892    764202    768766    772602    733004    794456    799909    725536    725001    763044    750735    771229    733001    729099    812635    791353    736690    704178    735097    751635    768296    743364    762738    739848    715778    767248    753449    736435    780762    716218    805935    763999    695204    782103    750675    759904    808293    770128    739172    722595    719500    738264    765400    752842    734407    723973    740185    708135    709453    720837    788365    742981    805438    803507    746427    715613    731425    764512    760363    750689    773065    773713    724861    673060    799662    686495    693171    725858    745872    776040    765561    740721    776459    749109    781610    746075    781119    729247    727831    757490    733308    745940    757050    775241    738046    752380    732966    737494    720604    709444    740598    778149    756453    765908    810057    732111    787929    739578    741837    770460    726726    753916    701990    801420    754753    741821    771845    714715    754697    751615    752683    806078    745987    775957    760626    738508    768879    731779    739830    742129    750194    766888    762711    727633    770816    720369    724487    743287    697371    734867    708087    771547    805461    688007    712970    706661    732365    782694    748152    760858    761860    717696    813001    729026    704732    697202    770018    743002    785839    757440    742994    780378    765874    778712    732497    739217    762109    761298    756123    796728    705667    746479    751890    750123    740764    723674    736214    741101    693069    681394    692239    721241    771465    742045    754197    783002    724843    688613    693239    717523    734705    767217    723455    722286    705886    785870    747738    775067    725481    768956    745113    747537    762716    772100    742242
    758945    758286    773106    735889    716649    741883    759224    778224    703220    734304    674171    759788    732669    747860    780104    722226    768688    719791    731471    714460    736026    773579    768856    760670    746233    733978    714680    732275    737641    736736    739747    708796    767568    745174    702886    745381    729990    785830    709333    791673    742800    776345    775057    792063    829626    739109    704041    770423    722678    739067    783741    789253    713856    727207    799941    789834    696811    736136    774505    785532    735048    684212    754281    778002    713637    744021    792306    814040    719553    760470    742102    733864    700848    693471    728437    727844    734166    719902    732774    771375    740036    704759    772599    736936    706751    767577    777217    766078    710371    684708    772397    755975    743689    762552    736775    751191    784267    716871    752829    752650    755812    738552    711002    779812    756740    738503    747767    761752    763177    726330    777018    778753    727297    731847    754623    729966    767393    745823    708523    810545    766257    707038    687293    701369    743178    747532    715132    732338    754423    752754    727587    772645    751176    733656    766024    769312    759802    734391    769420    706565    784174    788232    710517    727544    711248    722343    763420    782011    774204    728761    733916    720243    734867    709606    707365    803313    755304    772259    766583    773239    704838    699670    760115    737839    734021    748524    729198    708554    690419    740249    731889    704154    714577    723820    773792    728141    706925    760627    759815    761248    763195    771497    746463    764318    749168    706107    747398    744731    783140    734066    741554    713454    723845    694889    693975    751079    765408    745051    750053    795481    734953    759061    740137    726360    762621    727847    755934    709116    810284    736446    734293    757749    745267    741616    750594    759656    802013    739523    773260    751730    721580    763999    729507    746913    696984    744751    741595    777644    739143    762183    740504    711024    735702    692660    725224    704375    786603    799882    693731    771506    716419    716286    803166    743916    740185    770849    712938    793844    726537    717317    699524    745541    734808    749378    770586    741019    778803    740458    728806    735367    722542    768248    720223    777994    776476    728492    730273    706716    762482    730924    724168    720145    713291    699785    699327    693579    743752    761022    784812    714868    797199    705839    733348    715205    731147    719608    760398    755171    752242    718715    759280    742544    744605    745553    767004    770742    754246    752612    749750    687704
    719521    709846    758662    733142    722391    757594    712654    787861    715652    722649    654614    736834    744288    742412    753253    695360    738649    695495    691936    715631    763127    801953    775920    740994    755469    727332    692621    767133    726348    730622    724244    707800    737158    762545    717962    721064    737624    769413    741344    770568    732025    723747    784142    782968    787761    727221    717197    762846    661074    724105    792071    768175    715686    716733    780966    772127    697259    727232    772714    747758    714333    682982    741512    767799    731030    726443    778091    801510    718650    744112    743162    708590    683505    686442    742281    701143    758933    735153    731656    749201    726577    752145    779793    717032    720752    766955    749654    751554    716157    711694    771644    768224    752216    771702    711404    724038    765190    700529    727406    724547    716676    698424    712012    767673    773462    759556    763889    776412    747912    725655    724496    792574    713823    735955    756527    723405    754750    718889    698999    775962    764665    696531    729417    707853    735035    757434    705996    751041    699672    705531    724658    758771    715701    727801    755867    784558    751605    733073    752199    742341    738151    760988    737523    731767    684629    696587    743107    759124    751506    712929    712105    717541    722966    690352    716748    776550    776997    800380    780605    734891    714088    733973    756694    724687    717784    748081    744378    732653    675902    767610    701445    704329    720996    720881    751314    708186    705643    766908    702727    762532    749926    755975    751471    751166    738347    723643    736937    732666    762535    726465    713534    707102    702717    707393    694632    732180    770930    737710    691685    765638    718923    747552    730921    712020    744457    738347    740967    655774    786808    751138    700667    720530    761004    743468    722723    739398    789668    750655    777600    761173    745818    711038    745124    723097    735944    738928    729165    745189    729304    744937    725243    704319    717989    682573    705515    725070    761035    792060    683018    728674    689404    707384    768718    750748    753357    725974    673054    777417    721027    686627    707171    745256    722104    750873    728283    764406    742068    741712    716983    711453    708693    742286    690150    763440    766478    695991    746538    709837    717502    739166    729065    712186    732240    698691    686104    714916    720677    749000    766669    706853    793744    687155    722314    714484    714724    703777    727842    695567    737227    712705    744387    737706    750471    715624    739454    766750    710533    731516    753184    717700
    715067    738167    747931    729688    697639    727522    717825    715831    693464    701726    666277    733280    733468    699581    750483    718027    714680    692915    678455    718132    700859    757367    757621    706583    728342    691448    702481    747036    713147    707168    709878    688301    712898    728661    702997    713909    723938    734741    703920    755910    718296    729287    745911    745989    775354    705768    677099    719851    678522    706816    753618    767752    697450    715941    742569    769681    685861    691135    765173    727573    682813    665822    724002    717480    686983    735057    757370    776637    688388    705535    696804    685150    660426    678748    706168    696850    742333    697601    677472    741351    710555    701397    716494    695809    692112    733380    754911    732855    702703    676000    728200    749963    718844    707752    709625    739783    733577    695559    719848    721310    702243    712260    677490    754469    740574    723600    716390    727820    732717    663135    734115    746105    697843    710189    727704    728201    730452    704932    697447    771634    727219    717002    672403    705428    706046    705353    692697    698063    702596    709510    714988    735646    699231    693203    692774    772585    733620    723120    731531    719141    733461    745712    703431    718146    674467    689443    714966    729635    751476    687690    708760    712853    696475    674158    699203    754494    736051    742168    724520    722741    662792    683932    725451    687531    714958    717199    728367    697912    651886    733006    714696    679881    693611    714573    732817    717521    689484    721184    694512    753879    723494    725019    722104    714352    709129    710882    730497    720059    769508    709401    715621    692093    682496    667594    672117    706487    739338    696843    717822    765899    703741    744872    716877    725421    775231    713303    707870    662099    765040    698599    697289    726840    711503    730083    704904    712453    760432    677067    729655    721079    703378    729567    700287    712572    673975    721755    708879    760297    713700    730617    699359    678133    692745    664289    690132    699737    744905    778170    667413    688205    675508    701479    750583    711509    744460    735669    680663    756329    699136    690154    665266    709874    713669    704105    716086    755641    726950    717062    719901    698605    683504    722412    718389    745696    754618    673418    745184    701420    745119    723818    728869    695934    691836    699038    683675    689388    726609    735316    746926    681785    752291    652260    715759    664862    698454    670763    722490    698563    715166    717806    736306    740183    710845    688324    733391    724832    742988    708761    718045    705310
    752900    741777    741287    740390    734372    737716    762641    777860    729759    729551    672331    747735    718096    713965    738351    721416    755156    722652    709822    732443    753965    770057    720800    747970    745220    720963    697285    755183    710395    719996    720755    717673    748847    727466    697000    720672    726143    770942    739429    738001    736891    734107    765077    771917    790770    733168    724395    748975    670931    726294    770517    790263    721483    696627    790829    758451    722431    737616    781717    756646    735689    689920    761866    752506    705004    738517    763853    788711    668888    733137    738229    709173    671780    664073    715712    706236    733255    718112    757066    735987    725320    757057    730904    731406    720826    759267    782939    740682    695741    689140    797005    740875    722201    750234    718075    749974    752122    707849    751858    733122    728326    736499    705222    740715    754431    755475    727177    755159    743639    681636    735943    765435    744593    706837    774389    699631    738631    712677    726684    788740    770225    682875    693668    685379    747200    740014    700822    731225    723139    721495    710702    781119    715455    729692    731795    776824    769722    722478    736711    724481    774493    727162    711537    734819    700793    707851    739877    753247    745052    713622    710613    708968    720081    679696    692792    766367    769082    784496    762441    742035    681192    711344    744030    707159    720889    754200    757958    724580    684554    748485    689718    670146    720401    758404    774405    707365    718838    730739    732922    762501    745035    760480    756236    743435    734007    687447    747143    737274    745345    744533    738620    695198    718495    712021    692038    749127    783182    715169    728833    770703    713518    729295    742324    707736    762263    721577    772286    666501    808935    720962    708333    743189    759654    739725    725934    766495    781793    728948    786529    752006    721351    720343    679019    731047    698760    709627    756911    743334    726810    737077    717144    683949    727802    696678    712400    727623    750376    794116    697832    715799    701032    730234    782246    744113    743098    725603    696034    779066    730823    697687    686534    785918    748512    757275    726712    739914    712437    741622    715527    738280    739309    757250    702466    756172    747090    701594    763491    713861    728193    702768    734587    727400    720751    708194    690228    705198    718704    752601    803414    709960    762007    673177    709769    707346    697710    697276    726987    720556    699413    696964    758792    714933    714074    693157    752421    743860    747582    728711    778101    693094
    737945    734100    733775    742142    724544    742551    713630    747683    752840    735681    656802    752810    709393    692181    742402    733946    715958    721809    711002    721407    717860    762299    714617    752994    729196    712119    718659    744382    709713    735690    734622    730195    763565    730544    700896    721103    759151    762534    742203    763036    767102    741730    792773    769634    806526    717192    688124    757793    677864    729126    797124    770719    696979    703970    788715    777332    729572    737053    756918    727415    726750    703091    758748    720375    714017    738454    739951    804652    726373    726032    753133    696963    689498    673870    718520    707464    744220    691562    721901    740411    730351    727216    770154    709915    736513    740339    737013    760021    696058    691889    778340    756424    711392    772288    693775    726852    754139    705277    783040    727730    698841    724335    713398    750697    782338    728351    710819    747283    762989    710448    745889    758735    763763    700122    739292    705318    778774    727173    743089    766851    775671    735711    691838    702760    746086    761115    701863    756874    727195    716575    685034    751550    705001    762580    714858    774435    754873    703288    706146    742116    743083    738241    704105    704164    690409    686440    725695    759881    777538    689202    731348    717178    730388    721940    702184    772786    771470    787546    761893    685424    697497    716021    728154    728486    734486    739114    754412    710274    685696    753968    693010    692229    693875    751408    781112    715896    706264    735197    733368    777307    762830    753520    738719    747809    711486    707740    740373    738913    763783    763906    719162    693751    724813    715855    701441    731228    771293    735382    731859    755730    731163    755088    718133    768876    744367    729239    748413    673274    780185    747634    682131    766834    767272    741807    719774    728741    778761    718093    779332    763344    733262    746572    708267    702742    695313    743001    733798    742691    725853    738059    721283    698358    734142    668384    714106    724155    751333    797277    694940    720620    682747    706870    747587    733944    762367    706958    705793    784797    727091    737847    671438    754482    756459    767524    702465    750252    746264    729202    725457    727852    712017    735103    740421    761572    720981    694695    752550    716393    716933    731104    727485    709124    723091    700816    704645    729957    721794    745337    769800    706910    780808    716452    711440    696167    700911    690411    735629    730292    723274    705959    748991    730433    709130    711013    764527    758323    735021    730053    760765    735758
    769697    781374    772608    777513    733989    792023    753603    807544    758219    751148    695203    786601    754107    745740    802621    726747    762253    731754    764514    746141    790272    800472    791959    761927    762994    726391    722448    796661    743465    763920    749135    753457    778467    785440    763630    747010    760622    789400    760885    799280    757325    761262    795474    820373    793870    743161    746685    764218    714154    763575    796551    817716    709865    741357    794685    787075    751131    746445    840751    780558    762403    694527    796186    761739    720106    745396    786833    833559    728649    726866    771105    753316    692501    711684    755027    743329    760224    781073    741406    798760    754091    753785    793970    747724    760294    794452    801159    790922    750804    705742    827111    775422    742843    767172    739768    756624    773039    743452    746740    771076    743248    760327    692784    788920    807961    777509    780299    783839    768135    744792    759178    801468    743835    742699    782391    740245    784894    745207    747971    813027    769638    736475    710281    740582    769110    752629    746852    758119    740907    734750    747945    766446    764490    761345    746972    799279    771620    747863    802343    747483    787944    787676    731673    739967    726709    724766    749870    792745    776191    738750    730141    744819    737779    727024    746787    791393    765136    780448    816055    775908    712321    745850    771334    753703    726427    781055    751123    719184    717459    806611    691687    723192    743316    776613    756590    738314    728660    758018    727635    789196    775605    782222    759799    776797    766887    722925    742201    772699    803434    753816    761654    730795    749506    720151    737563    782422    793603    773796    766598    827040    744506    773341    759445    718723    770081    766798    754653    674917    795831    727482    699673    740779    766335    770603    738986    768617    828273    762682    791980    776106    752258    780396    751067    786290    726470    773871    766582    779924    749814    780845    777346    715040    738993    695262    729024    747721    824962    811331    722017    738373    728301    742405    804722    741137    769232    754264    711474    786649    753295    734983    698177    774931    753089    767951    753094    783981    816782    766123    751438    737194    735304    779849    732268    753167    782654    740849    764429    758902    762872    720650    752403    746333    744901    719613    703965    731914    724321    759882    814280    725968    804125    732013    741073    729873    733844    736311    784134    726916    742063    730567    775395    765839    747741    710850    768629    775233    765413    746845    773389    711294
    758780    733735    760186    763972    755913    742923    759762    797165    731048    733231    704142    737648    736247    757274    772119    714702    712314    720652    716237    724795    733420    766517    754056    735007    748803    716750    726095    740023    733537    728944    748245    745091    739570    744116    705076    737014    752230    734420    708779    768719    751824    736501    785650    778511    821114    749122    725752    744821    698882    724681    782244    765051    745715    709009    771629    764856    707092    741041    802599    780730    727057    701493    767324    773508    740289    746675    792901    802826    721521    743792    746426    725171    690945    700004    739396    740372    731692    735802    736422    796480    742394    733481    774082    738276    743718    764469    794254    753119    716624    718133    753570    777784    750207    761022    740033    763248    737202    703125    774864    740703    741679    741469    724335    748581    785189    752971    765518    748677    772517    700959    755056    789113    753372    724531    752997    710283    761204    766097    717165    793941    785664    712820    737328    716127    747011    752240    712300    760364    699198    736184    728543    745897    739128    773527    729633    803256    760013    686102    770033    751571    763266    766407    729712    725486    737811    693524    752578    790977    764463    726020    733822    739672    714561    708677    729113    814466    775045    812431    761996    736093    737867    715525    739674    744512    738552    751502    776023    736403    665132    776548    692179    721565    716789    750194    787199    716749    683908    782071    725367    802898    788717    766896    729593    748912    752056    727987    755017    745683    777852    756358    747690    699153    742429    705653    704213    740835    754993    765258    763108    771770    728567    779503    728230    752086    790300    741007    767628    716521    777590    736950    761917    763158    766804    774283    731051    740881    801346    744295    808161    762530    740731    773920    745537    721323    737750    742712    747368    775400    736240    726880    749292    731472    726303    697276    741983    746854    778216    812406    710125    739244    687460    723658    754546    760709    772690    747897    720471    785790    730279    720168    697581    760974    735882    754497    750866    753320    763007    767160    724678    728004    752783    756951    742260    760824    772479    736225    765353    753007    757400    746324    733769    709927    747530    697606    714189    707007    749684    751418    775749    736844    809753    700341    722328    707802    730627    696771    752687    734164    754116    721620    784237    755719    757913    736993    772791    777612    742488    716937    761879    750702
    761869    777341    772090    798236    745215    774466    781888    761125    749628    760220    676394    770109    725066    721309    767426    739133    757240    734936    749466    731864    730856    783087    780861    745154    758898    717230    695324    766291    750574    729679    746840    740069    785506    776841    717278    766986    748568    786974    772463    814000    782411    738329    764641    829173    816566    770661    731290    754666    722709    721929    795542    781281    727015    740760    780782    784435    728941    745780    786868    771842    732533    705474    800913    767123    726226    773713    788294    816144    719885    759346    759901    723718    694999    701276    736632    753142    751264    722100    731851    787018    739952    721438    791461    736575    754619    756447    782223    782270    711477    727449    772719    763515    754318    783787    735805    756242    770061    713619    783043    748329    769421    762769    713997    791973    802157    765708    756095    774126    753633    725032    751034    793475    739384    739982    792228    731860    768380    761778    721434    807675    776805    743597    699252    717780    749411    772351    706517    748831    709970    757227    763724    767267    748654    761166    755462    802826    773723    724401    754213    750349    777463    792642    746587    735275    722520    718928    739370    762363    736128    729951    759750    751855    744843    712103    748615    792826    765618    807096    757126    731416    724284    752436    754563    743843    735877    763052    758718    752127    717872    761889    727511    719865    724093    754382    762139    749616    717312    758084    738851    764726    766187    778915    754127    782274    745256    718349    754643    736838    812810    761131    744697    726269    744778    735697    711410    740042    799586    773934    712334    784951    756760    776751    747091    734540    776558    735868    748717    722551    788908    761189    725575    793260    762417    775967    738990    736961    785328    742310    809346    770111    775371    772962    722792    771522    736071    755526    749135    783875    722817    755500    780506    711787    733027    711900    751030    744374    801010    806795    701156    734432    736862    738705    767887    756636    768568    754020    717140    792331    748180    742096    683912    756590    756386    781479    745103    788250    780288    780532    756690    712912    750956    746118    760066    767704    770838    741182    750791    739645    750422    753091    756851    753399    735699    728221    694949    728106    728551    740129    803236    735000    786529    712197    709685    711267    747671    705937    760483    731079    786873    740963    796128    753778    729367    734824    796456    774358    758019    763164    762325    761539
    783668    748751    785238    763890    742641    744910    771466    787549    735986    772152    679209    752662    741505    736819    799910    744855    760505    757060    733177    724981    770620    796711    751277    768453    748104    745151    710990    763091    713980    736134    754595    724600    756753    783004    732209    733991    770484    750499    742564    809010    772920    760052    777974    827545    817572    738374    730130    752205    739482    742676    808933    770739    736102    718282    793699    787144    716651    755180    769539    772382    756062    719188    725991    795961    724337    743699    788301    820420    716434    751439    748267    750813    728185    702737    726072    762410    744453    714700    764062    779913    729382    718567    772561    730238    766064    762998    777174    793164    716754    716493    760120    745497    735956    758502    742517    749708    775910    696966    757132    708373    740066    713079    723171    761277    781872    745075    730003    757800    771305    722089    725012    759431    755880    722346    762575    737771    793469    762967    737837    781895    775162    745310    703374    729919    772886    772449    728887    775325    724792    732986    718790    738385    762889    767324    743700    799276    764601    748183    786111    728430    766125    759966    705054    711251    725641    724094    743115    753893    751154    719066    759466    732858    705174    717986    721375    808920    798882    776730    775303    748258    738790    750063    731193    734208    718767    773264    772828    736399    699952    775562    709977    693468    732237    756102    792298    730448    747307    744514    729357    795485    761553    783910    774487    774323    738307    738323    733233    773514    779639    784177    754902    723511    736302    707335    730319    736303    784861    756234    752533    775234    758062    776945    761177    758061    800557    770076    760740    703992    800284    757160    738603    791775    756427    745068    733084    787942    800772    726045    806715    760461    743724    786488    723963    736824    737416    759143    785806    764350    737547    756382    757427    722908    731541    701944    741432    737635    778010    807347    714703    744976    722626    749702    805675    761428    774726    748886    713099    799819    746468    702500    699566    756193    772281    788259    723944    753472    768516    753069    763586    725676    750646    760898    755822    746660    790971    732738    754137    735653    764441    730368    740241    722711    747100    717958    718140    740144    754418    751755    793017    724703    773746    731867    712174    698281    708560    718655    755769    741123    748910    701570    775588    766631    744032    720125    791151    790622    770073    759776    760826    742753
    736929    759153    740434    728292    729277    732653    735245    782632    702952    716698    679312    710534    730035    714751    747599    709885    705648    722965    707754    723786    720270    762362    751707    707476    745799    714334    712630    757016    705483    718765    718266    733527    710964    715395    732760    706125    733653    736525    700097    761893    737736    707951    771922    769785    812641    704877    704201    742325    687471    702804    794061    747782    704516    681949    761381    766786    682232    721118    770457    731407    733080    684327    744192    749363    734787    721071    770865    802964    721983    721963    749415    702727    697548    710518    709643    742232    725251    712632    707627    712864    703964    709755    760893    701937    696024    745403    764520    739699    686479    703875    732236    752720    737064    736790    695903    726082    770627    677919    753734    722310    718838    718641    723075    736362    771257    739712    738123    772788    731474    668343    739924    752553    734650    707383    741414    726660    741019    739866    706986    775509    754401    702854    714315    687894    726450    754829    723535    725096    710022    730428    718354    710304    709993    728912    693616    761454    735908    730970    709208    707167    760090    761768    737776    701100    693921    737629    744004    769735    739493    718460    720676    711598    679748    668830    683958    784367    752599    788138    768157    695256    729863    696513    718516    703258    712610    713783    740271    700511    652715    763121    694588    694590    699376    716795    746621    714920    701770    737677    726155    740819    733922    769060    718366    726964    715265    745130    708284    735227    760870    711139    723534    681365    710893    679753    680302    730657    761437    729218    708325    774979    727298    734582    707910    704610    751218    695440    729627    691483    765006    725214    702348    737654    722285    744443    716087    697373    775195    717627    751373    737730    714208    736079    727534    719932    670453    730097    720803    738804    717885    743306    708321    704507    706862    670780    701409    699726    784848    803802    674580    692479    675877    705225    770224    740294    724357    731144    710804    761853    752339    698659    686628    714684    734859    706329    727489    756202    754055    769916    705387    690605    712113    730838    702101    743809    756339    700590    739984    694692    718494    712125    704395    726254    717127    668056    677133    683885    724314    755978    748843    713143    766381    677492    702671    677068    713657    689408    711301    690686    728259    694544    770059    752164    734472    694807    732614    740227    706105    729382    715371    680542
    713132    691782    731274    698761    688547    719583    731189    760666    684651    699407    652844    707369    675829    675903    739978    690294    727331    690715    704321    695710    724908    772539    738890    707881    706219    702557    642366    733565    675528    705871    687933    667977    706443    720204    678268    683917    715899    736815    705105    714063    716771    720117    765696    762997    795653    702749    678103    703786    657292    700589    726410    750230    674710    696187    731843    750429    682538    724761    770751    735181    688058    668076    726820    743540    708749    714286    752216    758450    698718    713875    696481    694335    645024    671107    710564    676181    726612    699007    698955    711004    666527    662988    729629    686088    719667    734322    738434    732945    686259    689260    734092    723718    705223    735801    689012    726149    718585    679279    730776    707382    690469    697067    652096    717035    724304    737630    728278    715858    724011    689032    721283    750884    717907    670373    712599    707353    733066    746590    716120    740697    724487    711031    673635    720952    736033    714228    693650    711482    695767    688673    705659    739746    697070    712177    692201    753756    713327    698533    709763    698234    739250    732762    698757    733179    679884    675480    724921    761118    699686    694978    701271    690329    684283    679800    701181    754832    722936    764049    723833    727378    697912    685548    710147    668275    702796    709111    709196    656212    650534    755134    632599    696851    668657    718338    771073    683569    689065    705850    713753    722121    738585    759773    715380    705491    722813    708540    687649    717345    769251    740940    723291    689148    695278    670901    650547    731430    728960    736779    678118    737040    701735    729729    694157    680924    714791    737745    715290    657576    771537    705131    701765    739951    709319    705003    694613    719937    738675    698535    740070    708637    664195    709956    701741    710958    687718    679595    709447    737914    699055    732822    728548    684350    662124    657536    714706    708567    722793    767916    637678    703840    666236    695811    758238    687544    726993    714774    662388    723605    719532    695328    666190    706339    720182    737767    719517    726207    722937    701341    693418    665854    705896    718941    693882    752346    732619    703864    696883    687291    692643    700709    685534    694506    706115    638801    671793    661024    682437    703601    743738    698123    736013    671110    696866    657359    688733    677660    719274    687014    714684    683750    720212    693595    685094    680095    759089    736343    735849    710910    729637    662892
    708401    717982    733001    716545    700356    708773    698073    746157    701348    727205    663686    726020    705889    695555    714255    680456    737886    729843    696776    715833    722802    745332    715324    720742    733039    699586    679798    749597    664073    721243    724031    695582    692527    747211    700082    709899    722984    757207    691450    760873    695014    736750    767129    761145    774687    690195    694998    708116    684254    720805    763079    765165    694231    699992    731396    782420    695893    715557    789283    745936    721078    660774    742012    725455    721303    731734    746367    787907    724822    728209    717669    707877    636037    706379    759605    718021    713778    687155    719514    719581    708927    707670    762217    661449    702631    718534    770179    726448    698363    655943    733326    741629    732326    743595    694784    749800    733157    677353    704760    720512    718898    707643    707822    713096    762414    723880    749790    740390    743538    665323    738234    744369    717257    711895    693055    705052    733993    730656    678270    766574    725881    697997    714892    666684    717909    723913    687238    713704    665334    693499    704917    736346    723449    723181    695882    743347    695357    701251    743015    698252    749547    759207    711819    697862    647758    671023    728409    742282    729672    701820    691673    665242    704041    671301    705339    754990    742083    757907    753931    709356    710901    683199    731895    708625    675080    723112    723881    665743    661823    733190    651300    691834    714890    709621    730505    682577    685139    761631    709297    751971    738302    725184    722125    720418    711485    697765    701111    695250    729353    722340    724708    704049    690520    679754    675386    720948    747855    724693    666467    748779    698596    734594    719030    703056    716554    680128    714067    656076    768663    708737    691109    739959    705489    718392    690514    731158    775417    710491    761784    734119    711430    711224    694184    708625    690913    688286    711422    723406    711513    734252    730841    700286    680347    672536    677438    683030    755357    767051    670048    715578    676099    688286    754888    699085    723972    714110    675250    773660    716505    682681    693559    748393    700267    732035    700977    744986    760037    712964    719800    693935    717238    725335    687116    746425    743852    694727    717500    683661    718924    711913    685479    699034    726373    639000    660148    670386    697258    717383    755665    680684    784474    688396    667010    661914    712387    703237    731662    705711    720838    713433    738341    711071    725320    672453    706397    728163    718206    706241    703752    694067
    694679    695047    706890    710216    656915    690264    687106    727708    700224    680533    636994    707391    703256    658753    686018    677268    696753    695086    645876    683242    709166    725980    681601    675111    685106    677560    683129    725318    680408    694549    688971    683689    719110    711259    664579    690613    696535    694162    662873    743883    712253    712815    710062    764017    759427    654896    659936    711453    674068    683758    733318    741805    645717    664641    742848    721266    653170    693020    753379    705077    669580    645611    706567    694140    678434    661428    724296    751413    662884    678169    680557    676859    647409    623608    698778    691876    702097    654652    688767    697352    709044    656356    736626    671832    707396    707274    741981    710523    676528    672540    734985    746462    679993    685050    690562    668910    714160    663557    705728    679144    697746    673986    647898    734829    733825    727608    710872    722204    715997    654712    704609    753097    663896    702459    703933    707122    696319    687285    667996    726971    737437    646121    674273    682322    684186    658051    668617    684447    680930    668314    699999    695653    697037    699320    666955    724611    707043    646327    744913    703028    721939    723572    708653    691721    647238    644461    714049    723652    715720    697574    685284    685481    656101    650597    647475    733655    700540    741873    721624    698532    690400    703693    696528    703509    652944    689048    685755    653998    630911    691366    647805    647154    663590    686072    710025    698442    669065    690144    661558    729325    701227    704732    700373    710146    681672    673672    679468    695959    722101    700035    686404    668295    667647    665426    634285    684017    700624    711460    673898    708176    692525    701170    714042    674525    689446    707007    691245    636699    742390    697310    695033    724892    696944    695467    664169    702404    727583    677527    725137    758820    709844    707940    687317    673517    667408    684008    685313    710172    691881    700353    693311    649687    679047    665677    674157    687038    737298    780441    649310    684063    643610    663193    709783    706116    723780    696159    648229    699392    679286    668895    631401    669245    706490    688040    699145    699987    709451    680599    690010    632544    688026    676326    687037    695486    721367    668146    695425    675196    694771    670156    700747    690081    664652    642767    650059    643864    661021    718875    706588    662402    724709    663117    684364    638368    672222    656965    648828    666019    671428    681755    738147    676138    698163    665713    701321    700968    690738    702477    705272    677335
    749442    756401    771795    779403    729941    793976    762447    810654    747024    752992    719927    773069    780698    742839    756273    759541    794716    735794    747794    734189    752436    782737    739916    771358    768212    737848    738225    789874    740002    749766    746023    792972    782314    762418    732132    745031    774749    784367    754656    800069    765173    760898    816408    838912    830439    733498    750228    812214    719281    785784    797214    816066    718549    730012    761657    775274    720047    733237    807348    765458    742607    705147    782543    785644    753562    785732    810017    807255    728907    754134    774852    766900    738093    723708    777208    729346    764546    737931    735755    764441    730314    751192    789267    740911    750665    761949    779564    774212    720471    733556    809116    788958    767311    772719    755311    746168    767600    715236    766512    788585    730685    713888    728311    772525    796798    773205    745980    773408    806418    729690    760555    808451    762498    684798    785284    757958    783736    781118    764734    791376    770359    728226    732016    702573    756301    745518    756705    758641    749030    739817    716483    759213    757694    766738    751556    808325    768614    744432    775022    748219    790273    794174    754611    724288    722526    754437    761449    802619    771224    747700    751087    734449    729367    738388    741554    815461    770235    807442    792274    746084    749095    773970    741762    756598    731115    766787    787683    733440    690747    787018    720080    742606    746683    764807    770761    749296    724496    811741    744161    794092    779867    750891    766275    778485    764854    748200    754849    771355    769439    756709    768130    725955    737184    726879    710017    744277    790433    746011    732645    791274    759146    768629    765717    761272    777541    766364    768008    708232    811707    762486    713173    810436    785480    754507    737901    777158    833956    762773    811759    796810    796208    790299    757405    741148    740305    787654    813165    773923    777944    779497    743554    731578    762816    699270    734255    739011    785351    837113    731924    739020    712571    734070    792783    764667    763702    752593    706877    805845    770713    724263    692251    761614    780006    755095    747003    769403    778275    786797    743034    724671    782981    753390    754456    787970    806896    726677    791167    753456    768035    771467    733742    768777    748473    714036    696926    732895    711401    790677    808374    699729    793387    750276    728727    703575    735146    734849    748822    736840    735979    747953    805250    781711    732083    730594    780824    780497    730157    765546    769487    766373
    772917    796137    761372    773488    743938    775074    778673    824721    746990    763801    692138    801191    773507    742789    772320    748308    783517    762646    722469    733667    762857    807769    789749    765696    800190    725661    732342    778975    745819    747920    770213    754556    766673    780421    722963    755648    767610    782544    769269    803204    793221    773572    792824    828974    821222    745769    732951    770733    702512    776791    804114    785819    734088    718311    804506    795509    743325    746751    836906    773803    741444    704607    759780    811765    757477    760049    815599    831069    781808    781731    762334    751787    696310    728286    767587    772540    773058    726336    740502    807547    716938    744023    790425    705316    765367    782822    800080    819665    723029    744737    794830    745132    770771    789565    756286    757526    767030    732175    765212    752035    767050    732341    733083    770916    819263    771361    766330    791673    779994    718878    793090    801625    748260    742075    777063    730148    796510    772450    745347    831119    793651    714801    745457    727709    760105    774011    738438    774910    721440    755019    738653    780125    744471    759086    739572    768777    773405    726646    795670    757949    792030    791128    757134    748092    699098    732186    756770    816428    768318    731680    760220    745973    753613    716355    766618    814870    776920    784126    814983    744004    773356    758518    771419    763005    759248    771468    776555    706014    688965    785292    735768    725678    757154    794455    804429    757496    745056    791387    752287    802590    829920    799643    760932    763110    732138    738480    744561    788954    771881    770063    783694    714945    733748    720809    741148    729847    809785    739257    724126    782328    737978    767575    769946    726492    784839    762907    790025    699078    815097    748910    756435    799544    786973    745071    758622    771169    793013    766466    809754    763117    739741    798321    725869    748172    727975    784533    779217    783707    714235    779905    787729    733881    730114    722536    757499    716346    793746    810772    725195    765243    743093    728748    793657    736690    753231    784451    702710    799136    764169    739383    699205    768690    775340    795237    747470    768541    773235    795220    772930    744718    770588    761255    753691    792228    784626    749326    788522    722451    743626    758671    757972    744953    759820    739777    708403    716680    747931    775251    763473    725172    775958    760565    723952    738936    716365    718904    783070    757767    759770    732537    813811    765159    752083    749858    792092    779247    778320    780475    776529    754232
    762474    697442    744958    709793    710203    724691    719711    755935    691815    700126    648989    731067    675256    684388    757065    689803    762402    722601    706563    712060    705929    760694    745716    706783    739845    687763    689897    751641    702627    715268    700802    710404    727745    736595    699375    703678    723684    716142    694840    760136    724265    680302    752309    766612    793261    687543    686984    721881    686636    717802    771838    772934    682248    690560    753798    758289    684922    701596    760408    755680    683711    640067    713382    756828    720139    728287    736632    801663    691923    727086    726764    689474    648922    687655    716805    723123    751831    715414    706632    734470    718167    719812    758789    705394    707182    728515    742404    726588    692777    677983    756860    759663    715259    739599    699013    713532    717795    680701    712076    706186    701778    714935    665218    714001    736321    712966    770454    758662    726415    699553    728983    764964    711224    697745    742125    727569    741542    706812    685703    771238    741046    715958    699974    685851    708738    733276    686739    726238    710212    716956    693705    728974    710787    734367    727330    764330    730075    698770    738653    705473    704939    728536    701483    719673    683418    685856    698308    775686    720770    693237    703495    695462    677863    664893    687815    751374    734276    756043    768507    743822    697532    702753    724981    722894    730313    725913    717452    696074    681290    754358    694633    682547    680728    747810    740342    696789    696741    734849    693056    733315    741148    763725    703485    699623    719908    708637    723798    707312    744069    714974    724154    657246    697730    681988    685019    726788    749307    731608    690184    766333    708055    733737    725879    718749    707677    704750    744150    715686    749455    706589    708613    735797    742990    725460    714354    751524    760511    747885    773864    726742    717871    715368    724322    710873    713923    711097    719293    698843    705730    740643    727387    704336    720212    671038    706542    704145    770524    815931    682282    696169    679883    713714    729641    727932    694217    710188    690664    756216    683542    685719    666369    731134    715646    734518    695072    751282    740506    733090    719541    665878    718285    750371    739784    724955    732828    717320    733244    696594    705093    729900    707314    719855    718753    661323    678997    692254    708734    738120    771600    666111    767807    695419    703271    675431    713093    671239    714995    687840    706103    710903    744209    718497    703656    713473    726384    747676    689648    740224    727839    693754
    802464    761252    779284    769991    758753    792564    785966    834127    753114    772457    728533    778040    756307    770456    775925    757640    784276    769433    750708    757219    807632    828181    804999    800354    779791    752885    722293    792933    761789    756355    757336    765740    795335    771555    747350    747939    775169    801378    766881    819060    765933    781307    810854    832435    852205    758065    748305    778984    725631    742819    833174    812308    749178    760149    809374    799487    757828    788937    846034    784092    748923    724658    786297    793401    788194    776394    789088    833159    777620    791292    790666    763850    748200    749349    771093    774411    785661    793105    771323    799492    767777    740964    802159    767189    773652    801656    816121    772301    750597    770853    777010    813238    768639    810417    748481    792749    781108    744272    784328    742057    756762    753644    744207    796259    806820    808196    809391    804108    802859    738457    779850    816347    791401    756553    782496    757117    816749    787892    750083    798192    790460    774809    750902    757938    777544    781505    760667    787603    765319    748356    775913    776515    769976    769220    762241    834309    801098    765029    792423    777050    779814    781674    790676    765851    735797    743156    788273    788767    812595    753028    768786    738812    763299    734469    763097    839582    834838    838260    784197    748015    742282    751074    799750    770297    756771    762182    798108    739600    696007    793682    713167    731149    773465    800738    815003    777093    735932    793435    781460    768920    786838    809265    767263    780933    784888    766128    760370    800467    827050    781698    797781    718294    759980    734759    705242    766541    780620    781247    755053    840785    786656    802426    757979    756527    766793    765633    781019    728217    818401    774657    743282    779618    779615    769679    731329    776421    820393    770831    847786    798986    758798    780887    763304    768151    762360    799486    779853    790734    756977    786297    796379    742025    773086    723198    756171    782575    830780    827964    734991    768475    709901    754421    802737    766456    790103    775613    736411    803256    767826    741219    720103    781844    777118    800201    769596    792519    838609    761305    762996    758339    794233    789355    752049    789589    807617    759376    785200    757692    763555    743158    758085    758758    806462    749861    757815    734615    762146    782527    815816    739209    840650    749157    743910    730421    738436    738405    789526    745195    774439    736346    807198    780039    768108    750175    798934    783074    759842    791666    788452    749935
    784081    801806    786531    784609    749607    779730    782880    787424    743528    768797    687459    800295    743153    765236    790624    755372    755013    778232    743098    764874    791457    806253    804354    746882    776964    732530    709800    756708    741195    762707    757925    738331    746839    757920    742797    744440    782407    812397    749921    804863    784532    752346    802318    833625    869537    754031    744523    760008    727863    761783    812924    818228    724492    736669    808069    799648    724963    763412    806888    779079    756334    737158    748910    792677    768499    765248    809699    828675    751648    785503    783886    716636    701774    730579    747828    741098    754726    730350    773309    775608    752971    739160    789935    741789    736892    788035    809338    799661    762304    743432    800906    784615    765367    776516    737559    763382    821767    717041    758490    740241    776532    758351    709562    786690    802776    794250    773384    787240    770050    722772    739571    799602    779634    757936    767895    729125    775496    738235    734307    810324    784901    731113    724230    745960    761206    784661    747131    749633    722955    743389    733976    780968    752068    737763    771086    791187    779407    769521    761605    735059    813374    780333    753088    729268    717306    768108    754220    784204    785861    739402    763782    747591    742745    724032    728783    824989    816428    781551    813450    759213    738862    735870    786307    760798    748349    769835    787140    762446    727734    790997    707953    728186    766551    791364    786107    759469    734880    786353    752949    794532    772713    762556    767467    778785    769960    750949    775539    749962    793506    790370    786902    759103    755115    718905    704902    748793    805653    768300    743673    799069    742427    784864    735606    743509    772479    769492    767781    691854    816316    772648    742087    792959    772240    768385    742859    777870    795117    743312    818239    785937    752287    770793    734503    739394    729128    772148    784138    771130    754583    781416    772721    757989    755895    724586    741060    774971    789874    825178    699586    749573    726505    743202    801825    791653    792939    744175    695126    803399    756517    719796    729616    766181    780703    780387    741352    782076    786254    774479    752865    741390    776000    788375    748313    790197    772288    741792    792104    740237    775064    733395    736174    758573    783013    702133    739733    726838    742964    762282    824332    730982    792888    720576    724740    743466    730996    736945    752838    740494    753771    739661    781747    778655    772331    743737    800705    793656    779799    763598    788902    740365
    763110    793436    800560    801387    756618    789378    787850    810455    750929    772282    722162    791415    762034    763193    812126    735545    766514    766262    731956    769136    781936    802194    800597    748470    783885    748021    729930    767541    775179    757262    753566    762037    786851    780139    731150    777811    788360    790679    769101    820898    780847    791050    827338    849452    851210    755889    742222    799847    747725    758677    813224    796861    744037    732313    810958    785308    759697    793220    826044    802305    751032    720151    837077    795587    741297    789394    805787    846844    763402    741635    788489    734650    708325    734788    764490    775359    793455    754172    748752    801569    759355    769339    810494    746302    757022    804314    788825    812733    761418    758371    837025    806107    757903    793243    752665    803282    808118    726585    804826    767445    767941    745897    749172    807677    823500    789225    770201    813038    777852    710819    801809    829179    754579    765264    792413    775543    821789    764448    743940    834294    814352    777367    746005    750054    747568    830315    747855    768122    763688    762815    756690    783721    774703    774667    763392    811666    800372    758015    756793    792329    821319    805709    781275    743722    706696    728491    770659    812488    798778    769942    765392    775569    746135    744934    772413    832962    797910    833782    818411    759098    755492    773018    761378    788010    784757    789775    790659    762847    691664    789606    742502    740315    767199    789940    806147    785885    723331    779590    758684    809044    799118    792223    755507    765083    772844    743418    787149    777824    822017    788207    768779    724552    744376    745466    735593    777124    803830    792313    753131    820070    750356    800146    778895    760922    805631    751341    794340    717199    837936    771139    762525    786269    787182    778029    738002    785723    830263    763580    805162    783312    769615    782268    764913    758873    730820    787430    732734    805251    724809    783983    769835    744149    772860    717101    767699    768254    821579    839882    700628    763764    749818    737740    798478    790466    785054    767086    741934    816597    775762    730086    722150    776131    742985    786736    788332    808784    800632    766339    764288    741237    754010    784927    776297    783836    798139    752809    781443    767125    767814    771518    749963    767069    750020    731534    704163    746575    774872    786020    814608    726043    825968    732737    772356    727887    770904    730589    795348    773814    800297    760171    787194    773728    774974    763107    795149    818352    740888    779309    798644    755598
    754562    709539    764027    743695    714018    752014    732379    782656    702210    715517    679265    729311    688315    717153    764178    699183    730915    675028    706805    737060    723962    769464    757965    720576    728408    677092    682670    755706    724160    725455    725106    722643    727064    731150    655724    725643    726139    738720    746095    769113    748430    742748    787248    781214    800987    721423    728364    750840    703649    713148    773685    793574    689666    699293    781707    745705    690675    725467    804929    746405    706131    666209    738861    717909    704597    741269    784706    789149    721060    731461    723480    705144    681541    668827    695423    718872    727819    678714    729555    731510    731440    731149    778288    701405    738849    730164    768967    775988    720259    674538    743904    773587    732202    751705    700376    745871    746750    717771    759669    703888    727611    744647    686993    729146    750826    761564    776853    744235    757012    703686    734591    774322    736461    704880    750220    722846    755758    738853    691877    764432    737581    711504    699468    675023    719121    722704    696375    731959    705356    707306    744854    727607    711345    741019    727256    821200    721475    722702    732865    700515    761674    745445    719485    728632    719805    687617    730463    773741    737437    724373    710741    698547    720733    708400    695880    776367    743967    751107    757400    728717    716542    712848    767206    721676    720280    742111    742326    709489    667666    755725    683226    697598    713064    745667    746670    719892    660274    757516    717868    741064    714820    767142    713417    728549    733640    726164    726999    706423    781654    775145    739861    701199    695247    680614    685967    760677    760499    739206    701967    757244    724448    755836    688523    735536    754976    748291    710457    674535    787035    738961    694569    773136    746470    739039    720712    755655    764100    714330    774771    756196    744399    765561    731504    714064    741146    720315    746510    759750    701580    738529    733360    711144    718905    711762    708513    705614    773051    798254    682186    717461    702524    707000    776275    718656    735023    748011    666793    747755    710874    674559    668667    730437    729407    725765    713644    777296    768751    721941    708947    700954    732485    726342    716974    764770    751033    722663    724056    709384    717657    729441    721930    703581    722563    687136    691284    686338    734122    738436    767099    719804    778359    681602    689698    685867    726359    685688    739016    698929    707137    730206    747382    748431    751502    701592    742430    769585    709026    731627    757797    701356
    763965    724963    717209    734802    709171    735451    718124    752461    727359    754536    664490    745731    743993    711190    718617    720418    751203    706809    665754    741280    698307    757851    714408    722817    740283    712302    686616    701629    717510    683940    734230    746903    731612    743735    684296    725603    723107    745521    721888    798051    708623    711440    756808    755366    777370    748137    717461    727652    675309    705142    770634    712379    702765    704938    761185    757410    670200    739638    789116    766405    719492    661642    758926    764719    707508    712120    737661    793338    715265    736300    716847    725982    684327    673474    713810    723072    744920    709172    726532    741005    722187    705711    743893    663545    726883    735397    741612    754140    709996    686285    748325    738742    742481    741692    687376    747714    744554    690082    731789    723511    725383    720776    695686    734967    739201    732012    753078    756331    746963    705459    746852    777567    711999    693206    731823    717664    767444    715578    695240    758100    746199    688585    708999    687515    727535    742120    689543    720393    669775    721656    712603    758117    706760    731738    704901    788616    753376    691219    734010    748100    736499    741813    734705    717649    675482    671133    719159    734620    733518    681019    723904    695439    704840    676120    699592    741319    763932    775042    767844    702515    690814    689428    729073    723465    725219    738969    726677    707798    665238    741720    719644    675410    703863    731059    745937    710840    695967    750269    721169    762355    727680    765504    733994    734658    685364    726711    713476    725294    745509    726333    737296    704444    711853    690475    695080    697771    778029    723845    710692    778394    700197    743593    711864    717438    722384    701951    726376    684539    768307    707406    706091    748797    757132    725689    703924    705048    781177    739314    767356    737283    699156    730674    700332    726348    725942    734492    737801    730475    702214    751632    708770    679280    718411    672977    706160    709611    750071    789664    678612    726046    676320    725372    749965    712603    728274    722379    679715    766332    711496    708824    676354    731604    732018    712510    703421    735455    751446    717507    745250    716492    736890    733983    695948    717428    762141    695816    744675    691103    734872    726545    731168    714424    755720    685036    690343    674372    702527    741015    722905    735526    751461    722118    691535    686357    697748    686534    711236    715877    714408    688271    776306    702537    739112    681333    747236    746277    735739    729521    736421    719991
    763116    748358    747815    759759    719211    753692    762160    779584    727788    731206    659751    709407    728299    718438    776217    704031    759397    731387    712659    701414    728583    782679    752192    743809    782100    684421    701753    749904    720398    737998    726546    747641    732290    761038    730077    717803    754422    760802    743729    780961    759110    714562    782408    781341    798241    728433    712337    789626    707234    728792    778659    794621    706553    709438    781778    774590    709079    749488    799831    775396    721781    692509    763145    776249    735514    747205    771291    816133    714865    734866    756424    721482    713278    688834    732652    714553    742896    707989    735927    770265    723049    713754    762164    712730    757836    740329    776597    759681    703013    721242    765582    802516    731985    777601    703849    724032    754277    726447    754390    738100    710350    716865    677863    740945    752833    736980    750046    756057    759692    696027    721416    785730    741895    685077    762167    742708    804238    714900    720843    781854    760632    750210    712314    724163    746942    751432    723115    772610    717429    729359    754224    767822    738120    759179    732869    798217    730264    693328    752179    757160    754778    756417    725818    722613    736473    709494    727476    785779    785936    710069    751021    706704    730105    684319    714713    802518    766851    806343    789485    743580    723607    711732    769096    703376    745593    720824    753243    732654    698533    766769    697980    682942    731070    728945    782368    720539    709964    759860    708372    768709    755333    780867    758237    749200    725710    731826    742137    765669    771694    767172    756154    685077    746039    704171    717473    710959    752187    766925    736886    785508    712838    787056    707734    735388    747449    719692    740938    699781    793964    738656    728996    774223    772951    752274    742842    759373    764565    726356    768319    775390    744554    774504    751454    734864    738683    756902    762746    776935    746574    791421    763565    707493    717306    705748    713315    739894    769944    803207    700396    743174    714054    710793    758839    730840    736563    723033    734793    789157    741926    720442    717840    741161    734811    747399    726512    774761    798803    745635    725228    722695    739427    735303    727112    770799    775538    729930    762687    713402    745118    763732    741457    722048    744068    699194    695547    725929    714164    730975    780018    731088    773559    695228    733996    711760    740184    718333    745155    720006    717481    706213    792010    724554    724195    716128    784708    772878    729421    754093    744590    745691
    796361    779863    812719    799452    753602    796176    802992    837928    766973    760951    702335    792658    767610    764620    782838    763116    782896    792269    748728    767080    777903    815851    824307    811187    776897    780148    737221    794571    783068    755563    756931    782636    773326    802114    746948    785069    783439    798854    779113    818248    775583    771081    815065    843161    846350    760080    758521    790897    759757    775978    856156    818122    751696    742896    821392    801089    757450    775221    836603    817242    758916    743154    778306    805268    781213    799791    811324    833619    746143    770160    791694    771175    747399    740028    755926    783446    793843    759965    772508    802855    778297    758007    831978    771540    790857    763130    811283    810193    778932    745211    831467    792392    781602    788676    755618    786271    831817    749644    792561    763912    787409    751468    741425    789629    836210    823551    761621    794495    774440    726725    788470    817362    794302    780378    807979    755272    807658    796603    772466    820996    802868    754280    742311    764549    776055    803443    762280    768554    764239    791871    760605    761261    769411    776449    761254    832504    801218    781061    799736    803005    796900    782279    764541    765212    747547    752738    781995    803071    783605    782006    751361    748266    740845    747013    755338    805734    792744    821595    813660    778967    766288    784819    752629    763559    780646    808385    795767    746659    704045    827940    748313    727838    723423    799399    822539    796804    757395    793177    769127    780250    782333    831418    769544    778489    781647    742445    768357    776862    789536    773667    747968    738083    783398    747900    735165    773786    831947    784335    772846    829081    772910    816734    776685    805133    783537    778449    796597    726561    832191    773011    779344    797074    790132    791126    738057    785904    815203    769823    825774    800668    792110    791282    759192    796764    793511    781369    770793    797977    762669    789788    758006    749865    777506    730964    756689    770867    824858    860479    722854    763498    716792    794696    812972    784386    808642    768399    739012    827022    769550    749679    715872    790725    791684    792835    763777    817891    773510    808661    776963    745790    797466    783289    772491    787552    800374    732574    806887    781525    765127    758849    772750    770594    750008    740854    742708    752000    796428    776238    832125    748423    807351    716878    735514    740401    744001    748106    768992    748889    797561    750796    808101    792396    763677    771989    802286    793106    779355    792560    817506    746319
    770628    772917    770418    767902    749572    756615    784554    819735    760583    740549    721696    778740    741229    768877    784014    722664    786612    770985    727626    749216    753841    804253    789174    764187    782034    740325    712644    768940    749190    776350    751001    757892    778071    746593    746745    758650    772714    787877    725525    826218    776801    730892    821338    815978    829790    772701    751315    780097    716880    733436    795557    811427    745430    744117    793502    771010    732571    759200    833814    773005    755505    686152    785958    790100    752673    762406    798309    838845    731119    774764    785225    752438    743872    727169    772310    759896    759137    755154    733687    789397    720382    774360    776163    720432    768869    769405    802278    797270    727284    754984    815008    791590    794253    779050    733208    747557    791041    768554    793831    775277    764540    750631    729475    754582    810129    778806    748239    771537    780697    734159    761243    810521    752395    757545    756212    745469    793624    767112    735066    785216    765713    735648    721947    744383    770012    766514    745169    748709    719574    777320    778823    794687    746286    757730    759343    836305    779903    732773    773604    735343    809803    798166    782064    744618    731407    736576    757979    792109    772736    734795    763216    745104    745375    730613    725636    815086    762008    810484    798604    737898    715809    739570    781388    773948    730326    768964    764898    750169    708046    786334    707051    715975    745544    783660    771936    751892    726614    801923    778692    790698    769569    793096    764768    753689    752512    734978    757617    772786    823058    764316    763346    727366    770910    733345    717793    763130    817907    773141    753122    792362    746459    779619    752519    734593    763681    759858    752102    736479    820449    771028    742002    802401    764842    767675    724657    761328    807899    760604    822328    791569    785238    789483    745672    773114    748422    798881    767881    772536    752813    766784    771657    729109    753970    697682    704269    758897    816612    851868    707297    748694    705391    739695    810031    734232    778987    782536    750583    801016    764492    757656    722701    765246    777968    770997    767186    782558    797794    769580    771762    717700    757219    780552    747084    774898    781304    728135    772144    758830    779430    731850    746390    790670    776733    700462    740633    712427    761322    750421    800229    721493    803972    735290    715475    730865    729814    728933    777789    763688    745986    724450    798815    765424    753616    742903    797561    792642    759640    742531    780277    744857
    718646    729393    723848    726139    691461    744467    711442    794185    737504    714220    665973    728845    727003    687559    732550    708925    728386    674520    695041    732326    702136    756877    757517    730503    738182    699417    695666    745366    697465    731180    724243    692016    737670    742621    719712    705624    737325    711367    726133    747642    722898    701758    780830    747725    775498    697277    704588    752692    677159    711004    759170    754807    713671    694154    753650    745657    691465    715313    768230    744904    700880    678235    734113    745108    712893    718361    750361    774708    703806    733772    730461    720189    681053    676590    700282    708894    746089    708641    712207    730818    713975    708880    739925    686537    711884    742061    752166    745359    713722    695163    736814    765040    727963    750051    696134    707970    726871    713062    703743    724362    704944    706354    673063    738751    734002    721527    745893    735259    730146    670251    722976    727970    691111    713631    726685    698149    739240    719269    736037    749478    750254    724491    705660    677828    747792    735843    697647    733271    674622    713509    716192    742156    718620    730521    701621    775073    732266    685457    734000    721691    731435    734317    713566    685182    692115    701516    741853    734333    745947    699581    703634    703255    704827    696797    684208    778952    755675    773346    776452    700917    723527    714766    748526    707215    721873    714579    744142    709463    661838    756839    672923    683983    706227    714468    763981    709173    684730    731974    727723    755636    739393    766323    738264    726012    712519    720665    737740    719403    760943    717487    730922    702269    717471    692125    690072    679167    759895    724999    701462    763866    735540    776186    694183    726319    750478    708049    726382    678521    742317    759812    706854    733996    735442    724079    712911    714364    745783    715294    742340    752570    725056    720181    725500    725880    696306    730282    705956    739480    733392    731407    702642    692546    714264    665257    720232    698992    744187    797713    666913    681545    685255    710368    751698    730034    753040    710701    654620    757371    712676    695759    657645    731362    725666    771453    709686    774058    739752    743921    728724    681235    692802    733722    695747    740297    763114    683535    749838    714788    742540    739239    722140    694375    727119    682426    662607    688393    723709    730167    766756    696853    776774    695696    691207    691306    704036    697316    710946    696798    700715    688607    747452    728399    748303    693075    763228    743683    694702    717880    721250    686610
    778425    726611    767436    773358    702388    763740    754989    777251    722639    749300    685873    761182    750377    719377    754081    740161    732549    694974    734000    716729    737204    784167    747298    738400    752595    718286    719987    737541    722944    743018    745784    735480    736929    769160    686618    712021    755218    772638    744411    789101    748145    737029    801089    802119    793570    735909    722382    771795    694009    730676    769140    772711    742886    736192    791220    771411    715518    749633    782780    785570    716162    686810    743175    761327    708797    734000    771101    801885    726050    751678    730659    702611    711458    679501    740738    736838    761413    743808    764921    757105    730179    719736    773351    731087    739666    773586    788551    761224    692717    698058    788939    788133    743076    760872    732090    758421    759970    708647    727996    745490    763858    729913    690114    763075    787739    750827    758056    758858    763619    705586    758260    792995    747279    703895    764295    733795    775369    734581    713493    787253    772334    739095    704493    716107    757193    735496    690232    751773    726303    689264    770602    781192    730773    745793    740160    794109    773937    700616    775655    749784    762269    771441    737657    723747    703396    698091    744492    750044    765251    703789    755535    749774    733730    706155    724976    802988    777346    788220    771852    729424    721832    719103    757069    741217    730780    759844    761466    723072    721906    767420    711180    695098    725437    750941    776496    712267    689674    747662    703085    757190    785728    766684    740157    765872    749134    722036    728110    755712    801663    763301    748767    721502    746718    711717    724340    743661    726135    738480    734554    798616    729336    763268    733248    742320    745931    769679    741694    672898    787222    754781    716052    761554    721502    765679    740983    760767    802882    742757    777523    772252    731617    764264    747180    744650    730333    748288    739027    765705    727142    757824    754740    712085    748327    705949    739160    730790    784911    809135    687568    746522    716767    736153    759401    747970    768610    745123    692438    759633    746067    704830    674515    763790    764119    764920    759392    752812    744338    739412    706800    712696    766681    751592    726850    745077    771717    755436    742252    710942    738670    720716    708226    728874    729050    694233    706678    705666    722152    746753    771765    727921    785335    716012    717943    730225    724042    708775    744697    706477    734874    715015    776883    740406    725341    725407    781412    761035    737008    746971    752074    713768
    758786    768523    803565    770057    757272    769834    765943    819036    768138    772282    708669    786231    757995    814915    798694    749523    778093    767247    754152    740993    775529    820116    771928    773049    801038    762609    744342    789894    769779    777412    785955    768651    777732    782535    760810    785162    774780    817830    772353    818270    769078    806625    821045    827388    841512    761861    761368    770879    745060    763230    829207    827255    763283    778894    805850    798250    735516    786772    813444    801473    770547    712067    802655    784368    787131    757324    784597    852943    780699    789599    785298    761683    721016    737374    787568    775674    798695    737234    803905    798689    772406    764925    816966    759887    774441    802352    808727    785991    752837    745417    807972    790652    812897    783993    750624    787615    796771    736171    789946    792326    780798    783497    751910    820242    814234    781193    766444    809584    788789    766528    794607    809380    773776    754533    776619    751420    805392    800915    755136    822332    801800    758982    752630    738044    764622    791112    756349    788180    758272    747932    740062    780912    791026    796272    768180    828434    763216    759156    795270    784016    795579    796692    750963    757408    723868    754237    800265    825987    770229    769050    766632    762566    766635    728158    748561    812150    781948    790479    825817    775552    753693    758893    779031    781605    745658    767151    782453    748152    717018    819715    755866    715793    774406    785749    783638    761389    751749    797616    759614    813406    795923    810596    758383    796849    755131    759806    764517    763495    820111    808296    770013    760167    751708    752107    751016    797674    819190    788591    770461    819663    768663    810306    771177    765257    791211    762954    798572    734639    804297    763976    724121    794910    799567    786519    760058    807210    837680    784652    839102    787115    794597    786917    765698    745460    734994    802835    805534    808706    791086    766279    783656    773437    771733    710382    753170    762494    786961    827265    720642    767108    734542    735509    828249    748565    786289    770971    751938    841552    747137    718602    720637    797381    770472    770650    759610    787160    799669    803746    770228    730857    763360    777950    771611    787783    815933    733818    778955    781933    766133    767135    768114    757617    776107    723373    741140    740563    773006    808700    815199    772136    860082    738236    762165    724551    748240    745374    781436    739623    777516    738969    810840    774576    796384    796489    801076    797358    783750    787562    785797    752377
    786921    805110    766779    793161    741781    788042    767957    780134    741998    777914    719478    755847    767786    763290    784773    751998    778998    755442    732346    753402    774764    772182    739641    766746    771947    709134    735585    791996    737489    780146    755056    746205    789137    781116    748372    748064    775555    787086    764750    825317    768849    792531    771132    812773    805031    731761    736746    795337    716553    757887    836928    809099    718767    720977    785016    819725    720600    770518    839552    796214    736901    707736    785462    797340    763155    761008    791971    786239    737735    771357    759576    728677    730665    724700    785210    735791    765127    746881    756812    793800    734462    742487    775828    743704    751895    760276    765268    798842    771491    723509    801554    779149    770010    781863    716044    732590    776145    719976    780754    764702    725869    753664    748715    774404    783839    794001    783978    805904    786489    752001    783490    791698    757424    732298    756117    735997    776286    717041    738999    830126    792298    729219    751825    697161    743223    750043    734066    755844    744618    753669    722078    780429    751788    772945    746939    788510    765042    730317    758524    753045    787545    810723    758544    736175    721763    725727    736971    779363    784642    741067    754217    753779    743482    748602    722194    799729    788758    792901    802436    746307    752417    724623    756085    763094    742120    756994    765432    711057    718004    781132    716793    736138    753785    741036    791430    734938    735312    782818    743915    805368    803172    787307    753934    814214    754325    748604    760624    789657    791922    793523    777989    722635    755008    739032    718307    763897    795271    749662    733773    814465    769324    769517    734214    755092    807491    779324    767029    704331    825903    770841    729665    768070    771124    768281    750671    769964    822980    726685    773812    768554    787990    771131    732875    752237    699698    782037    751124    746208    747738    788030    732407    704544    758653    719117    731155    770640    807662    788806    711609    736797    698490    747567    823577    765187    779200    750588    701738    773408    752369    749906    725524    776281    776200    757923    740239    760025    777501    765706    738531    744418    745587    749926    751024    774294    793811    720356    777701    715111    768450    759207    745717    754526    758704    717276    704451    717625    755183    763833    806955    748733    807636    747811    743737    706773    719731    736743    766728    776707    747303    722985    781478    782908    798351    736703    766366    778205    744328    738188    754660    752923
    777013    773194    791635    786174    768805    778607    769277    796190    737009    772982    715240    787991    779805    755870    800366    733358    791729    751900    773079    773362    782980    802756    783041    754569    783654    745562    735663    760234    780383    771830    764562    747031    770143    777174    751465    759844    779456    794306    789256    819451    791515    760082    827743    822138    856161    767802    744854    781105    746513    740856    806905    796707    747779    761696    790238    802281    767248    784288    814614    783191    748924    717203    797427    791775    743094    758387    810606    848973    773904    768594    754997    764588    710478    719047    771686    751918    779382    753053    795005    824170    738251    754537    808865    747548    787964    817587    807966    811187    753898    759027    793516    787013    780269    783447    743135    775815    768674    731971    785849    781423    770380    766374    726522    801002    811436    808628    810547    767881    783859    743477    776028    810838    751112    754934    783473    750076    790289    771023    737025    841766    828383    739382    739832    734506    783309    812325    756005    805660    746769    753797    778371    789787    779031    789703    772058    812610    778524    744346    771170    743504    767218    815982    741714    756193    746920    747650    760018    793803    796639    730831    761632    767391    790289    741339    740245    802621    775939    800802    783319    785395    740391    756778    789913    777887    758446    775111    783436    771666    724528    790967    714546    718812    761627    795987    826651    761824    728108    796308    789313    797840    772002    815507    776426    772525    762271    771012    763382    762872    803583    776982    791027    752353    770613    775519    727190    754681    832858    796345    774309    815481    736506    779198    772519    756280    788887    758599    759616    734118    805581    774956    757516    826515    772509    819011    747311    794152    837183    774294    813352    788088    783571    750923    729599    760173    764605    803278    799243    823780    753324    788434    769072    749556    782582    713641    751532    764369    812034    811738    718324    757360    724789    745819    832599    767309    783962    764067    696833    816365    766924    716845    697944    787446    763943    789373    758886    797236    789737    798715    759700    772889    767959    787796    768600    788123    768287    724243    754440    758863    775399    768355    756290    760356    774551    711886    713750    726736    749817    781080    826196    761775    830611    758279    737702    750979    763569    751122    786745    780824    758506    746125    802875    773331    747432    750380    802196    801483    758754    765642    794835    727266
    771499    773174    775114    781573    742597    740359    772621    808669    743346    756938    696146    757182    733929    736536    781951    762557    757234    725632    732351    736899    762045    799099    762050    760111    788209    727354    739130    771031    738471    727304    696243    738048    775817    774876    712275    783228    745871    761282    722698    774528    747794    767094    793103    827460    799475    766340    730432    750801    739736    732043    796546    808989    740762    735822    811270    770260    726455    740323    824659    778289    730349    706864    754905    804642    722808    775383    801787    799356    738106    761432    751740    722410    721942    708292    714248    763257    755458    742659    766940    789371    750601    727566    773956    757432    775142    755551    806341    769232    714969    722964    806404    743177    753482    802310    731764    771457    809614    720130    786798    739726    734361    720970    744781    759203    780768    747305    781605    760173    760894    722387    745044    776707    770203    735696    768464    741761    802405    762474    744940    781198    792240    731908    734671    737270    762280    786463    703108    753216    744488    737713    732742    782509    736999    749628    731159    788272    779356    744374    774944    774653    773187    779939    747779    760316    729504    703280    763196    816488    777704    719881    757191    753360    727436    696619    748615    800887    787004    806783    764222    734905    748290    753408    771655    726041    719534    775958    770772    714442    675791    772767    713541    685533    758769    793962    799251    777301    727378    770086    737686    781318    764907    806901    748481    735565    753970    749481    753198    776760    794707    788454    758641    729273    756001    722599    716900    747423    755482    780558    768060    794908    759628    783172    768107    756987    789031    773089    764820    689027    814677    744066    744213    791677    796900    787868    731977    765945    786041    760481    791987    774703    756524    761739    756531    738274    726461    757506    775511    799846    719984    768741    772092    707757    742447    710166    735986    724909    809031    843888    682651    778741    729082    738798    787531    760474    780460    726004    732421    789760    743049    718708    719079    771408    802922    782523    774787    782071    782509    760727    750082    756519    738352    788800    757228    770032    762876    740217    765156    740863    772509    766711    762041    757145    750211    734324    725481    732680    758143    802140    805774    716582    796080    703717    746215    714741    730453    734849    740989    741717    747160    741442    776588    748842    753309    770702    796017    768022    736791    746405    804645    730422
    729436    750488    747878    737171    690419    752842    725065    784658    725533    712842    666917    726143    740555    704421    748608    712469    752588    692147    698211    743433    720912    768295    761702    724453    743960    710171    699408    722926    701706    735971    707722    711248    707974    742620    695630    712787    737793    733173    713102    774673    722708    729449    772591    784080    782966    726637    696289    727094    680798    717821    772989    765994    690426    688968    780554    784064    695890    721570    781442    715559    741537    652629    738449    747903    720215    744655    785795    790483    711266    733657    727820    732457    700316    711146    705047    685080    750322    691968    729688    758977    724860    691066    763149    716691    711258    748614    771794    783570    711003    689010    750351    753649    712901    733787    710238    742792    756149    707803    724035    709962    740900    707917    694385    755827    778584    747180    754812    759872    747017    699196    742059    769584    713562    706579    739634    718695    741406    739055    721828    745544    763391    708586    710591    678422    711278    744584    715786    716492    718425    710538    696358    731301    721801    743366    720775    771441    736936    705911    720316    717201    756415    756567    739991    721122    711922    711478    735945    767853    767783    695489    712103    687552    677255    701093    702962    774356    763763    761417    763455    703873    736994    740561    736152    715420    697125    736454    754784    691881    681365    755406    696160    669975    721253    713888    758087    709665    692775    728359    705565    751786    738646    773821    720141    735961    720793    718715    750933    737718    758498    733617    731095    710485    717363    683433    670934    704163    788261    718058    714800    768997    759261    743858    718249    734848    749423    709177    752011    691329    761296    740143    719526    749865    721018    740597    704497    753267    765099    712119    766198    746282    729501    756119    734233    710845    712837    749933    726749    750006    742295    764534    724366    707516    718019    678255    700220    728183    778497    810978    665385    697415    694742    702907    770406    741093    735817    736476    666278    753528    730274    706325    695939    731859    742585    753961    714411    755212    772380    734707    742324    703866    719650    734837    721597    725441    759204    669448    730997    684266    737513    714282    688582    731469    731742    695499    696785    677892    718668    743549    757731    698197    757882    685691    714111    720479    700957    694732    725482    715795    738594    713374    773334    738865    739116    712920    745710    733714    705838    751723    737650    688551
    752234    755933    756884    744045    737812    739921    752154    791812    726155    737879    686518    745137    743865    744821    761470    708042    759713    733429    714307    716430    733521    779635    741941    717427    767261    728813    717491    748477    711970    742978    721510    740138    734812    757076    709351    738473    760702    750114    725876    757908    751666    770084    790124    785929    805531    749222    702209    782101    714518    745108    781038    795547    708926    709749    771632    778966    688005    737554    783255    787880    708541    696886    750161    752523    709624    734652    767694    802887    703000    724360    748523    725116    701261    667628    721637    733186    745715    702746    739965    759656    719778    718697    789016    701219    711028    737223    767496    767068    687928    688543    764771    756863    754878    762090    718556    728068    783943    703116    745114    733712    749015    704296    689462    728160    792432    726253    746474    772227    760839    687731    741682    779133    757116    737037    793610    726054    777854    729312    717994    766618    794312    702677    704649    693506    725435    732326    713315    745763    753657    703058    708476    768050    749563    741116    723207    787910    746255    711198    777295    747462    752459    765116    745241    725835    714265    690762    767855    778160    774256    718543    731834    720179    707915    690057    692487    779943    744106    798530    744638    724130    718904    731883    729157    743458    739834    745629    733883    694022    695512    734742    695514    681010    704553    743332    775143    744472    709269    757013    716056    748461    730433    777238    719070    761788    746727    711332    749207    777563    776294    744351    739922    697189    732254    707849    698610    724428    770834    758293    723885    789612    728086    754485    749331    746336    752397    742145    753388    691129    784084    738953    746116    747564    756067    744783    696413    730852    777336    771405    818181    776366    746967    754998    718372    735309    727215    774194    754260    768223    720101    750567    735024    731726    706808    687479    715238    738282    769765    793728    702838    726198    694812    734449    774082    740798    755797    724817    707617    769089    728004    696870    682958    706414    755544    742415    726516    763866    775866    746846    698144    710917    726261    740195    701977    760908    774127    713027    743090    729513    766937    715974    724173    726760    699284    705475    707456    713978    713726    768310    792881    701832    782766    718611    712123    698251    703800    696011    740879    731000    740850    704599    796882    740740    746372    731407    770591    736328    717611    738374    761460    714344
    778664    781791    770487    771951    748260    763625    778261    816913    768177    753040    710915    765267    770849    751655    796210    769678    809025    763347    721414    754724    752755    794147    778135    782302    792473    744900    717146    760678    741432    778772    727892    761544    767986    794593    763912    758708    771453    777406    790942    807017    800310    776904    785216    827272    844365    752469    755266    801211    733405    772025    823704    814120    738959    750588    792263    780737    737242    759346    811569    787938    767568    714342    780014    803396    751716    778262    798064    822190    744284    735280    776491    758019    725808    724822    772858    749000    760464    730818    726454    797913    760129    750754    783826    759899    749976    798194    790987    793296    735468    728770    798046    814028    759459    780782    723285    746670    772671    718225    780170    780813    753463    746455    728507    797077    825215    773095    754512    809922    781842    717453    756266    815431    767043    733489    804505    770615    796744    759431    759537    822551    798656    759616    717709    747593    765186    781577    759352    743465    768713    752061    768712    785297    754716    781066    765165    822397    766321    770598    752393    754393    793276    781589    739937    750712    719227    722410    743419    809213    826399    746457    763123    744088    742419    739968    716673    822980    782561    820529    793039    772292    742393    763151    781055    748109    760716    794739    782061    732075    721369    790776    723717    728528    739909    812479    801394    756872    716489    793968    767210    784908    776719    809567    758141    779561    759650    751039    766926    755655    776923    775383    745459    735418    764822    726187    708546    740819    804756    752027    764601    798631    777184    785978    771639    739762    776913    769777    784983    731662    827353    735735    716843    799473    808545    786995    715106    776926    819339    752584    807058    805496    749570    779499    765757    763091    755763    800641    783454    782588    769511    798639    765173    740347    752822    706915    759589    757016    779622    829708    709498    760517    724137    739658    790549    769976    781183    770212    735232    797185    753529    746959    715902    743286    783746    778854    769336    785797    782011    779345    739111    756427    764901    745200    758068    804895    793709    743722    764853    752556    765255    749677    755852    754451    757035    710385    718377    727781    775088    809304    828490    756201    825549    726991    744475    730105    724306    724332    754046    759262    756132    749100    785412    777412    742926    739695    783531    816561    716652    774082    790630    713335
    786364    761808    772903    774163    715267    793565    786951    796631    743860    780972    735036    773874    756298    718759    781776    744712    778395    749381    742873    763763    766408    780916    754525    781645    784537    767303    739805    776319    744191    778139    755887    775029    757182    766743    717526    745501    730685    776011    756763    793760    739549    746506    819827    804293    833342    775104    741395    742841    730521    752629    789819    779601    760106    741312    805186    809180    711454    755367    810443    813643    766876    691225    795692    779622    753640    764294    770268    839449    739100    744955    760391    724228    708832    701625    784349    763152    771520    738774    757793    786288    750326    729217    815181    738071    737529    771447    823058    786490    748610    735648    758978    825532    778191    781724    733510    780037    772333    729625    788998    734680    747369    756589    715502    774200    808436    748941    776711    792594    774502    721734    801455    801891    742991    764988    761098    745876    816359    761405    763409    791674    805890    753010    746023    707140    770277    770577    730433    762646    741009    724453    760343    795851    753078    761352    749447    798918    771518    751561    779642    771643    758155    789712    754489    775396    701576    707463    772633    790106    795376    744464    745717    723183    776554    740534    739277    791265    777240    822787    807180    753926    708502    779686    770708    757532    724037    747991    786993    689613    690009    795055    716761    714012    734717    766093    791445    735715    738658    803007    754387    770760    785047    800324    769966    761619    761061    738176    717366    763409    824562    802138    764095    685334    752026    727989    698753    746170    797801    790039    753287    768045    756884    770660    767668    748804    783743    749242    760899    711154    808694    774965    761591    771976    774348    772575    752741    770074    828780    759418    801645    772913    760172    787591    745538    753142    746478    752407    744225    772845    770112    745575    745187    734531    763456    668868    771314    759311    784179    827171    721023    739265    695013    747524    796404    777980    762936    759146    704998    803561    744671    760758    713462    753807    790058    788326    771043    789406    801625    784646    737864    726751    763271    768920    773830    767600    779200    743937    794616    743099    742426    746751    753655    747547    744358    703627    722727    700465    760278    769073    777631    728626    805027    724565    743285    711489    734868    716665    775313    744101    741052    743215    771779    757806    748558    732580    793002    767246    768986    748812    771453    739443
    805372    779873    816436    798747    769000    818347    763439    828509    759783    778951    723201    786464    781690    766659    803875    761565    795363    757942    746726    767079    777525    823659    824743    779308    813520    763840    753840    794340    798186    799090    758803    744365    803816    805003    760931    763656    789554    786397    765607    831637    809698    760676    833222    812081    864123    763394    747987    804978    747838    744596    842152    828157    750771    754013    837152    836155    762558    793523    823561    849730    776415    713943    836529    798249    776575    790670    821457    850725    754755    771367    806281    773162    736319    725748    780401    776353    809780    772653    763037    796625    783363    759236    829969    772510    770671    797064    803078    814425    779945    729789    839183    834174    782601    789852    787248    771188    815841    759700    803657    781074    743474    785839    735688    822105    806050    845598    808743    787843    799781    759853    799891    822464    775988    790587    818551    785465    804859    793915    769848    798133    814931    774271    744738    753610    782991    803084    762635    784386    778471    752182    784136    776668    774853    773414    776367    808146    783022    785557    788839    781616    791553    803251    758041    773310    761487    731000    797210    815644    788705    768490    777007    777820    753491    763470    753467    834848    787673    833880    817917    793469    781850    790364    772408    791782    794469    804579    800481    762022    715808    811108    731819    738061    733433    797458    846054    806024    757260    800731    764479    825011    776231    824768    751186    801314    789105    772328    784215    809318    810723    771615    780827    744210    773620    764275    721020    800185    825439    796013    749050    829969    803255    822105    798167    788521    814049    762958    789260    744411    830811    798897    768291    815227    805598    813665    738115    768589    823472    759101    836184    815946    766320    778484    771713    769032    751630    791469    772865    803343    753427    787224    782317    747236    793108    718394    759307    758435    835277    855326    710187    766403    722544    760278    825023    779516    800230    796153    737861    839656    794676    764136    714113    793336    774689    830739    759607    807588    808661    785490    767698    764058    756279    793922    762456    779456    802950    741118    796949    756135    789051    797509    779038    756150    773743    766463    716474    755260    794952    806792    821405    750850    826093    762072    753063    750922    747950    762979    807409    783965    767623    734810    794887    777433    792930    765283    805654    808004    795196    786321    808562    756371
    752315    708951    704253    713012    697875    687375    730531    742782    680551    680019    653074    713012    704445    708017    725147    679690    717215    685700    671895    689202    683694    718570    750331    716158    701708    658454    672718    697461    689882    680920    678664    691758    706718    706777    691917    674385    706987    677441    666283    745300    713606    686645    727555    741096    750552    680386    700590    706634    648833    692982    735712    727266    680745    690359    743130    711730    679172    683490    761362    722763    691265    649435    696650    735052    674042    709505    721302    722573    692751    717127    698658    686770    632400    661884    680245    682574    686049    686283    695114    729248    677710    695655    683547    677149    708271    719703    750370    724348    698387    681752    719340    727256    714892    744863    678622    709652    707647    650568    714222    693426    714198    711938    661433    693212    738425    713509    700910    722133    702536    672221    718374    738357    680934    669461    704838    683264    704194    710708    677667    749101    724267    687888    649738    691455    718941    718752    688649    687968    673498    675270    704792    745991    669101    702441    666395    760484    701407    698389    749821    703835    719812    726962    686190    709538    692168    682168    726503    736114    705328    695631    692966    714094    654613    667502    690437    745751    704999    718274    744192    687170    698799    663597    716836    678198    692521    709436    705627    667567    659092    736264    639402    656178    677519    704326    737270    672164    688601    733149    683684    720618    702285    707892    678502    704168    700713    671391    677120    721936    733384    694559    708877    685579    703911    681685    674887    684235    730831    707569    684421    738470    690900    712409    683285    677082    734680    680781    709206    684428    742877    682267    713734    714519    726421    707325    670289    698361    740316    715107    755833    703659    711855    705003    699012    712503    690432    704348    728410    714697    698466    714324    693154    666147    676726    632921    683925    681911    733088    751328    666634    681047    651941    688888    742044    691208    731975    719195    672005    728379    682983    680420    641514    711952    714500    713129    718411    726128    746326    740078    692219    688368    702976    709756    680846    714735    746339    686086    702656    662980    680250    718600    682413    701280    707663    636025    664000    655794    724745    694300    737063    688239    757954    671871    670164    661862    664024    667151    705279    703488    676583    669888    727790    674664    730061    712800    715850    723804    682777    703663    719856    649185
    693776    733318    697980    706643    686810    717483    703351    723262    676348    684515    664106    720138    688466    647604    712732    672248    720461    659692    689580    710610    717771    725037    703857    698446    741424    692949    647471    688528    676331    680392    715092    697932    709342    698643    692367    692055    694515    714337    688055    730014    687496    686791    740338    757436    767372    679410    698236    687815    665838    687342    711912    735708    668707    693429    747569    731665    663388    719656    729451    724000    683465    687812    691275    702906    702230    693080    732158    760358    687643    691829    701202    679916    654921    641176    688633    693485    693112    674823    726832    704309    683394    675516    730517    685910    676729    726581    744818    708505    671710    648950    721501    711776    696834    719734    672795    706844    694789    645192    669981    694250    680901    673152    642750    705204    713262    721217    718330    725202    714228    645838    703463    744171    688059    662231    690139    661867    732701    689558    685611    725476    731467    674240    648092    687031    705936    732032    693021    689018    685369    664401    686241    711032    694297    678356    639035    738554    709225    685730    688588    714435    728689    729398    683613    676996    672740    667682    696232    694536    711376    676214    685370    707371    704882    627413    678735    753778    724490    725855    724131    660950    679843    676374    704879    662406    671850    697736    701150    642543    661208    716626    640071    656490    686386    713278    731522    691050    674519    698119    668822    720596    743474    739199    675208    724108    714855    691663    658679    693824    765110    693316    716088    664247    727001    661638    640083    695286    727968    713261    699642    726692    702914    697566    683619    663093    728445    693714    690510    625542    744711    692934    676761    716857    708979    717187    676025    699343    736625    720525    713421    680249    673518    720736    673203    720023    671118    687819    692835    706277    678962    728971    712206    658393    696771    636553    667412    704683    745198    760007    623633    655472    660536    677361    745001    673064    734150    699369    679959    714460    693989    695358    660009    677226    726708    703541    712693    717325    708191    730955    667634    688274    732709    701919    685402    691870    714030    701229    706051    688288    682305    671507    675527    699301    689245    655688    677669    648271    684078    735498    741656    672403    750382    649785    684429    667769    677535    650529    697318    650964    709838    658779    719638    707505    706534    703932    745311    695028    684895    705494    684443    655221
    766601    764252    785110    788661    748555    775852    799317    769287    762469    802313    714443    773165    749446    744051    780914    775183    756940    799328    764958    773001    753293    790302    774800    743626    791137    732796    729034    758214    749011    762540    749817    768917    795190    787789    725408    755559    779894    798434    768099    798110    777347    747507    794793    810209    838385    739140    726099    770321    742737    768170    796442    800157    755490    740843    808361    792808    731385    762851    824592    808003    746649    716127    776835    813289    784327    771510    790726    841917    741766    771688    780018    759948    759740    729889    745204    751283    781492    739857    773706    806479    783125    740687    778082    748705    785676    778301    798931    779115    732800    731592    814226    810559    787011    788328    734656    751627    771003    702798    787507    767043    732293    793585    715789    793502    808548    777653    782200    772227    770216    750071    769342    809486    758058    750059    804175    780810    795811    759495    754095    815311    807823    768897    740157    738344    780706    788510    752852    784093    742544    741719    783526    775361    766931    784379    735914    829648    787224    745856    771119    765646    813581    789169    764891    745055    747893    730717    778990    786179    776600    781325    753284    783039    725241    713932    744348    823179    782113    836462    827924    754527    721506    759774    751833    781957    756063    772385    770538    763581    698103    755453    724654    734310    722484    789175    795682    779078    742141    748723    749184    783520    775767    791760    759774    767909    749435    790834    779941    753588    817136    806804    791173    722802    791910    758786    707098    768428    791597    795549    753662    800605    773241    791629    766616    765445    796297    788467    764925    728609    815962    779617    735655    797358    789733    777843    748885    791044    813171    763755    814127    786051    771958    794277    768483    750593    739882    767921    759394    780159    757798    782163    776136    724513    771534    706112    744702    794769    817754    858495    695432    753067    741244    748894    793113    770589    774373    753978    728901    820048    763169    760649    722875    771275    796492    789618    740258    787483    779032    790444    772023    742602    755462    789063    758941    781459    794237    726873    775425    763862    757437    752312    743938    767538    767554    721461    704880    727790    770988    797648    830678    728071    827486    730288    736522    724402    716870    734342    766915    772369    772450    724088    812898    770396    758619    747402    806760    774414    761845    775380    772729    750492
    743361    752042    740858    725432    710892    722936    739619    786558    680459    715228    668756    726912    722033    725101    723472    716663    732178    729234    717703    712736    718860    740630    734777    718262    748269    706000    698630    751619    691747    730559    720144    712063    743778    705406    702368    721077    757482    755926    720844    749065    739241    760817    758071    780925    787912    703252    714459    738824    689721    706721    770739    760683    692225    671188    739940    737854    711933    721771    791192    736318    725627    681203    767073    749167    702804    736797    765032    789913    714401    726263    731453    696498    655896    694631    740979    710700    726889    718427    728623    729423    707240    692548    770630    698817    700520    725976    778459    753343    695769    679821    758662    748351    745290    771996    702854    717059    767298    693693    732575    721321    730918    701499    692209    731831    768127    744627    728178    760157    752937    691381    743068    762104    713638    695473    740078    723959    769199    729393    708493    787814    770010    683337    717478    707650    721757    722082    713947    727492    725925    717910    715423    738348    726406    738893    738183    756060    710357    709558    745786    718908    770471    787380    735138    718565    701697    714259    724365    772466    749472    714157    727646    698007    713900    703420    696398    747666    716429    757763    764309    731396    716832    724257    744995    739154    691370    753063    729976    705920    664398    743313    673681    672776    729502    728890    748723    714730    693327    747368    719941    748225    736181    752890    726088    751084    724592    717433    722802    741677    743647    747233    733788    701493    735934    698313    685257    728643    745515    726114    732517    796594    737058    761733    736064    715641    741923    712309    729337    685915    783869    720195    716245    743021    748983    721517    709433    735421    795096    712348    744637    742634    739923    736684    701357    725687    726475    734342    744444    770360    718480    749779    710116    697587    715508    671784    713379    703170    773628    789084    685520    729238    663263    700005    747955    725921    732034    741821    699828    754786    732832    701628    670456    729907    732527    750259    693354    737729    770339    723460    713460    715503    713756    704876    700297    750264    763284    694287    722202    707173    730552    693874    736366    704280    721331    678738    674718    688044    710983    736175    756128    687155    781403    711682    716661    697341    726955    735396    730278    710057    708764    704203    776178    756519    746841    704272    745500    747498    695311    727940    738164    715182
    757687    756002    770976    762074    726374    766501    763085    811133    738160    765383    699206    769775    723469    730768    760432    740903    765985    720673    755928    744774    721329    785538    748098    741142    757324    711084    707552    759229    719258    727918    730838    732798    744266    778205    711076    752273    737151    785231    752604    819701    759644    737450    756419    805217    790341    741426    728546    771252    715431    746257    818278    811202    734880    727291    796467    775211    737242    751402    813071    768149    711385    692673    759800    756312    737076    779279    777760    807300    707985    736280    745348    709663    701541    681593    736293    739888    774453    708617    748189    769723    715048    750603    802013    700435    763525    758613    760557    769186    717147    726295    780623    765525    776929    774396    712390    734376    770911    716848    762472    755842    733708    769352    699240    768457    784537    772039    776168    734606    738776    728023    766054    768751    754281    743609    770216    735941    771095    729650    726150    814510    765183    721370    730953    713863    747108    770602    724900    756456    732117    723732    730430    761514    734416    756708    724053    772842    764322    734587    757987    754397    770963    794472    754675    749715    711352    720536    732959    779333    757151    738098    726291    715887    728527    714496    717766    782144    776878    801063    770983    747999    736145    748005    756649    763627    759909    744701    777467    727982    695695    773828    707888    700347    749124    788093    777962    729162    711206    768583    762231    768484    781916    768703    765913    732845    707584    712661    724791    739076    781786    785882    764716    703367    729940    706321    677987    742045    783244    761995    763594    786817    719429    796413    732861    780769    735903    754443    728485    691009    793059    759317    727601    772906    769939    748412    717196    754644    818851    735952    784088    786221    742906    747501    718140    734751    724858    779381    768937    761066    762038    767629    740638    729365    754943    705343    745660    753719    755725    824018    713617    767518    725372    718206    747773    731433    761448    747538    702846    796591    743185    711291    687162    748402    774676    755192    731162    792604    778818    749329    764096    717942    760561    746935    751622    769385    777154    715627    754078    751859    747909    744898    756262    712272    744554    721504    692450    724503    739458    776150    788405    702355    795520    709375    718036    717230    703638    703628    744177    737665    747776    726162    787903    769000    736385    737804    785717    763523    736158    752065    765546    721203
    745939    778739    753017    755652    733859    779380    738551    773028    726403    740106    697601    761933    722128    715709    768951    747567    747033    738950    730358    751196    760814    771140    774738    760922    765937    706425    736252    767458    712592    730856    718956    734063    741055    745518    713220    701213    751190    759263    764733    769616    762987    765075    775899    785097    773645    752758    700631    792878    710103    749738    794339    802370    725643    706882    802112    774993    704868    763843    787513    770472    730564    687923    732255    781260    720348    763979    771662    803942    717406    740329    745479    735580    714301    660705    730730    759770    736228    712939    740914    785441    693077    725295    762627    713270    702061    747445    772824    766760    711894    727643    803165    745597    774678    742570    698594    745302    767194    711203    786850    706551    762976    729541    718874    796255    793438    753462    730369    765800    757912    690471    771326    779081    764197    738186    765166    705476    779868    740123    728396    807087    752531    694572    719227    694916    739209    760792    736119    736741    702314    753387    751903    752814    735237    722007    730632    794279    760746    727587    753801    746884    775161    752865    744854    730948    729901    721992    703262    765357    742486    734752    743136    739661    714315    701190    719786    762805    774030    782357    775533    737297    743402    710152    718074    733011    720252    721857    766347    726502    708866    755811    703985    722324    693036    750141    788892    738386    725618    758324    737759    775909    770080    775383    730122    754297    726363    719344    726409    758067    798450    740272    743172    685856    719348    700332    706888    714833    775848    771902    731388    793978    730327    762189    738769    749176    758737    713458    760118    701398    817110    733869    758511    785283    747493    751809    710006    763283    783814    734252    807748    763584    766821    748812    703631    697040    688909    781971    747657    764085    730365    760244    739479    693437    739674    713111    716341    742671    732966    797865    712973    725159    689259    718441    781835    743887    769886    732466    689529    784229    759183    703138    700304    747016    756267    733282    727535    762059    755490    777090    732539    721563    735845    730291    748197    745208    771989    720392    751674    752965    755211    724103    744145    720592    741016    698230    699472    712080    736455    723911    787144    716307    777752    708623    706671    714242    692232    705636    753837    747256    724747    700314    795604    747316    765169    728258    751677    750125    740830    728911    754460    708492
    771569    765865    776182    780554    756389    772649    754981    806922    747569    722168    711631    773042    755102    736684    788425    751133    756403    725525    718244    760507    754499    805520    751551    762356    764674    732429    713466    782703    727610    747483    735634    754284    769133    780130    748470    742221    767453    772458    751985    790237    774659    759014    781740    826797    805642    731090    756752    777782    710811    751327    809446    805323    718999    744899    786246    781224    728474    758045    826434    785747    731716    711868    782938    759042    736624    768257    803983    801838    717476    753380    739988    727626    697775    700041    744951    738753    776160    751704    758648    768190    733498    772346    787208    721791    748887    755647    792296    756363    724165    730190    786107    761505    742277    755901    754079    774934    768037    706214    746939    752411    742847    764628    693248    782714    782994    761837    763581    776597    754346    722470    754973    804723    751222    733077    787334    742767    771883    733162    748494    807387    808876    759118    718241    731739    760823    776495    725354    781002    745830    717723    749051    776912    743317    746409    721674    802270    773588    733454    781184    761080    754613    779896    750864    730743    729971    713616    753553    773079    764203    745328    749305    758491    727448    703855    727075    783587    781881    797864    803940    746710    735305    761040    771291    739758    762821    758433    764001    743871    687958    811398    708245    698438    736956    769265    770975    735419    749293    772465    721965    792212    798082    809553    755669    748416    781316    726534    781957    766600    789599    753590    770536    742497    747343    727983    694082    745412    778455    750036    731244    774152    723617    755788    745309    747674    786295    756845    757697    695060    826160    753012    725879    785397    795559    762153    741655    748596    809970    745166    811706    774906    753635    742677    718426    746983    736724    736672    786775    745663    737165    773628    771254    719440    762197    696112    751568    741217    804047    837435    710150    731387    710942    728506    786757    754525    767589    754571    723646    783421    754496    721832    679155    776286    770426    772565    749250    762865    772099    746167    743931    738466    774581    771726    737317    763125    800456    720517    773683    757471    736165    755418    735552    742547    733757    727358    682549    742357    719344    777278    775170    723636    804558    716874    754078    711402    726876    724076    759190    750816    758231    723759    788830    739217    753749    718961    767549    764261    772060    753779    802678    754688
    757770    779095    748822    775254    726648    765285    774143    791854    741954    770332    700582    743287    748776    745976    812862    728258    745899    723207    774195    746583    768947    789812    774308    727306    782099    725888    706184    768104    754179    759619    725984    751283    761111    750189    711832    751072    764766    777664    743765    792909    760103    786031    790320    834796    802135    728297    736645    760539    728444    757807    780891    774165    715531    759897    791338    780658    721595    746386    804517    769895    724447    703657    802298    791049    735952    763765    798227    811698    720660    742107    748119    746131    703435    712028    737963    731377    749916    731373    754704    785718    749967    728841    786153    709189    736142    780543    804808    789859    727742    730655    785470    799740    745537    788713    748955    775406    766509    731597    784099    736692    756576    758451    716724    768100    785814    753589    766673    796367    768540    713423    774519    787376    755814    720001    768495    748264    779697    769565    721915    798777    801044    754624    700821    692888    775217    757615    743100    737889    736164    719859    748928    768252    739557    745919    752378    784929    738239    719103    769377    749609    768298    775358    751331    734712    733817    702478    766643    774021    772278    727122    768613    765089    735269    721569    759909    812418    801377    812080    789478    738396    741083    754493    776179    739439    718623    754413    795671    725374    702546    807051    724207    717846    764964    770111    793590    742790    702847    770500    733086    778758    739107    782208    776591    739244    740177    755279    755427    762508    781070    779302    786050    735897    742162    695982    700984    748074    766009    761281    761170    813318    743656    770690    752547    736287    764761    739154    769887    683060    798111    761296    723457    774912    759068    757849    736346    788539    829036    730946    793243    769185    729836    758751    717376    760915    732729    773401    772117    800510    750916    762609    767245    740279    729824    717220    732183    746943    798368    803426    696526    751570    706014    727906    802602    779417    775012    775482    694008    792088    772048    732727    688066    755897    740351    777418    748646    789077    792680    778512    745280    720004    741088    741627    769884    779115    786113    737898    756919    741794    763288    763513    730308    739553    746937    707903    688850    712974    722069    745806    787969    725725    790976    706205    731829    701072    722598    721124    786135    716483    743541    735706    762100    752519    766188    728060    798826    767903    760723    756007    766236    710406
    752577    746732    757269    769588    769244    796972    777665    804576    742496    763712    691851    773933    780296    747098    800169    740120    772882    716998    726054    729649    772955    784141    799508    760835    757957    736451    740916    793166    731725    741660    719693    736688    766420    750131    733266    729156    786420    779135    741282    798611    774915    778996    814077    826563    822003    740750    720302    773540    705470    758063    807410    795205    731953    733253    801581    769626    732181    751703    797251    773889    743391    724432    763603    784647    738651    762872    795717    806188    736302    753451    761639    738012    718596    700630    744126    736267    759550    714682    750554    744659    719399    751970    797235    733811    754242    790030    811904    769250    737758    701712    796337    788978    786588    789476    722131    765812    793791    728354    772336    742638    759075    748388    695486    791169    799883    773404    746420    775589    749901    717107    744371    779669    765567    741430    773534    727248    815675    748529    742176    816940    799306    743630    720285    760071    782349    758511    761088    769939    744613    761476    755569    778422    733245    747719    728562    784180    787921    733462    772342    750340    765976    763076    749316    719294    722347    744281    779545    763168    790182    754204    752984    745762    722527    728352    724485    811122    788263    799757    781146    773602    731431    728650    777685    734136    726845    751696    771610    743072    721343    748974    718325    720281    753468    756426    796393    760651    751568    763983    741398    782947    757591    792115    759360    755743    756825    727214    761895    739323    797726    760285    760243    718836    741305    718432    722858    762554    790346    778908    708484    805121    746150    763020    744458    772647    776223    771260    758315    714573    806004    750858    720902    770599    779697    750898    753146    789353    848457    763551    794102    774598    754288    772596    731437    746430    723889    778663    758691    789851    735365    760886    772642    733645    745773    711314    739442    734084    779665    824705    720339    759615    736814    736065    774138    767612    785387    736724    709358    799221    751604    711074    693704    766241    773248    761239    737202    801493    805251    787121    747700    724645    740060    773698    721715    781445    787837    725442    753522    751133    791854    739174    748597    756171    760544    731624    737856    749703    771567    767291    799335    725189    822628    710730    730413    733033    702736    725421    754742    760856    737384    714872    795991    764758    745355    743905    769775    775764    749349    779101    763884    726466
    762534    742525    763379    747012    715046    763695    764419    768611    729618    747620    678506    762259    761173    688857    749210    705670    737654    730736    733338    749015    731180    755612    790472    770216    762563    708516    697143    750182    718599    741984    715632    744779    725851    761087    706423    718245    757560    752364    745284    791495    745786    746255    782494    807351    785410    736095    708300    738019    685415    716362    774109    762116    732595    720611    787987    762301    703121    715926    797146    764356    739758    712277    751883    763823    717846    733179    751028    815554    737327    725059    750588    747741    704128    695073    728045    732804    741859    709169    730520    760042    765118    706861    757508    702728    758502    763135    793012    753986    739414    697933    750979    767999    735830    761661    711008    743764    767438    714200    779069    732511    731136    742437    712996    748736    773479    732349    777952    797980    744514    712568    744940    781771    747920    737439    760380    720208    766260    717693    718385    779514    748371    725983    707667    722363    723288    776184    732524    724795    702249    735106    759629    763936    721005    763318    723280    771038    747761    716167    745649    775075    758505    744675    724562    721973    696910    716304    748172    757391    762519    750748    754911    694065    732180    697423    719422    786250    763255    753386    763526    750435    714130    719044    739623    723273    742297    753126    786187    712976    683349    765998    686297    714569    735896    757425    777661    708719    719847    760465    749609    729123    752509    785301    767290    751511    748503    690950    701173    752444    768664    780417    729177    703591    721625    688153    717513    711754    766633    771403    740137    796745    731596    767825    737350    729402    768760    773647    716186    694570    775271    779386    727493    753531    760654    755528    723859    736160    782040    759933    776667    766428    731313    743110    728448    755017    745016    740350    733498    762566    726119    743335    733279    724199    729298    699056    717306    731186    750810    779018    705869    729737    703391    725780    778882    721740    773582    755643    685633    771853    719559    719289    679898    725187    760648    775540    760574    753933    761654    773205    733335    722034    740589    731734    745390    742912    767594    724248    758436    719101    750167    745749    753641    748781    714293    717667    716283    702082    744025    771974    785851    705020    775873    704998    715790    722882    686564    713907    707976    746706    696705    731764    792836    751381    770032    722652    760123    742134    759160    732016    758649    707080
    787926    792263    777024    791312    781905    785660    778289    821174    769482    779170    723688    814689    788399    758829    795191    758934    790725    775852    783247    774101    782075    817338    810039    781872    799252    767266    730801    815580    781742    787518    772735    772432    790217    801671    759770    789999    774602    819281    749766    836842    816229    770310    818616    839520    842820    760103    742253    785067    749989    751758    839284    796273    757061    781949    817079    798126    753378    781989    863686    810497    769799    711769    799345    806194    751994    788683    815721    878759    761726    766169    796811    761827    743679    725326    738960    783853    784233    774320    781330    810023    776270    746870    805137    786337    776652    804935    825461    789245    746006    747186    825439    803685    789666    813748    772599    789599    814009    751784    796552    754500    761526    759379    749151    796713    844062    796689    808500    785710    801922    775658    801495    845640    779004    781549    805446    786072    827671    771389    786980    824171    810247    745890    745359    753340    803083    797660    787372    775304    751684    779823    814519    807727    747659    784083    781831    852837    795253    751710    822744    791553    779205    796245    792404    762542    749101    747645    789615    820929    797231    784354    746287    767590    779615    708601    740630    848602    804803    828096    813880    766762    754530    754558    773108    762316    761769    761992    785339    747961    727829    811920    743155    747440    768629    792767    823136    806005    769069    810095    762930    786057    809086    819653    775942    784564    794515    750523    771052    768240    823132    798189    805562    733167    794980    738734    725334    760050    816269    786458    753359    815103    769149    774856    757534    765471    786218    785549    810112    758337    818449    776635    781370    821196    802577    791375    769919    790876    810794    778178    842383    804447    786093    779354    756648    797675    773419    797103    775522    800849    776075    786408    773587    733704    775712    730130    760134    798261    818603    876249    715795    790381    724507    774490    818991    782852    794292    767465    792886    813261    772272    774189    728285    799097    810480    827039    762945    845404    812901    799831    765671    764560    784811    781385    785199    810854    833262    763210    801050    758712    787459    796619    778892    779082    805553    723419    757065    752996    756807    791421    802976    763875    828699    768103    747444    742360    770950    782186    790730    766786    802081    763912    831347    764855    760007    774819    813229    791060    746964    789410    804867    757640
    795214    802304    799790    797969    773723    791243    782380    828988    784982    761460    700843    812823    791398    791513    812505    768712    800781    773660    768609    783156    788543    823907    824505    827097    801310    756523    752642    775732    786322    738852    766417    753421    799964    798249    764378    785403    797865    815231    774552    814956    805816    790649    866141    859892    873713    791475    767663    793108    743805    784553    841904    823861    770405    778954    835506    787182    741516    788531    827011    802202    778028    754855    805937    806444    796761    776148    839014    839931    802582    780255    779289    773042    749649    747964    794802    750531    787582    775397    783546    821397    740731    768506    795268    748218    802136    821364    852494    829487    753494    791809    818342    821924    813456    807541    759599    799201    813524    749651    822086    791431    769388    757825    748057    812157    839057    796821    809801    813786    796364    787639    775727    837585    776796    763011    806108    771188    816988    775232    764145    858301    814791    774943    758870    761280    791044    811833    768015    813957    765875    801448    755125    805591    794465    791034    775179    840938    798026    793274    783449    800088    794464    817036    765665    773734    766958    771314    780096    822867    805239    775758    776591    776086    781617    727139    781668    856706    826888    847618    823010    760920    781699    761846    800331    800928    772867    782724    796338    762107    718914    829155    716719    741258    775396    809722    828645    778136    782147    785820    763136    824741    811358    813944    779739    815339    775040    761556    767152    816892    814945    812757    795322    735776    768139    728089    729757    765205    803414    800320    793126    843674    773255    843461    788141    759157    808132    783395    799701    722707    824261    790987    764223    820170    826163    796389    776378    795871    840181    793598    847295    822011    792453    809795    766621    770044    749127    799888    790280    828844    756360    805311    800462    737744    788752    712085    778845    769546    822948    817920    760846    777169    756534    771187    818036    785981    815871    755993    737007    819836    778171    746063    740986    792040    785976    798920    797622    809008    839513    815929    785101    760648    781382    793597    758058    807439    806597    778613    807020    792088    809462    786827    809927    802663    801445    780592    746555    763764    762976    807888    843463    750045    844243    742137    751791    777022    761380    767950    772929    783133    788929    752254    820223    785205    770598    762077    812747    817083    811490    819005    817204    788838
    749440    737611    780479    762433    727699    766281    749188    782444    743734    761047    687272    772707    723235    749208    771801    732510    726248    746897    730589    747094    750238    778768    777428    761186    747397    727065    726377    791167    735583    748099    737249    742449    752635    774560    718620    767239    744793    769737    745760    814278    765626    748036    783799    821286    784553    735915    731071    735849    685375    725631    798493    794263    740770    734621    795066    789095    704620    765816    802849    770214    736778    695434    776349    751330    731552    762235    784994    814232    755173    767466    751970    741481    722480    733599    743707    733926    768720    723828    730471    800391    764916    729112    797262    731389    745484    755301    788695    763206    731161    699867    783221    799797    759072    785599    715878    765910    782736    728241    786140    720563    753694    738181    733277    771278    811967    732712    774437    808481    775289    741142    763356    802054    753621    726795    750698    713835    758338    778262    730029    775769    766870    724118    730773    723991    740780    760424    709070    726921    738483    736793    764792    804277    735307    772583    722084    796923    762057    744766    779649    753824    772582    782167    739958    729247    694174    707462    758567    763116    778979    720848    766724    730760    754257    724944    730055    816248    753698    780730    773017    746411    730662    750302    785014    748207    756121    750757    780019    734762    700981    759563    734530    726065    726913    757086    782858    734610    729840    770917    747185    762637    767648    763687    765703    772109    765162    718864    756233    737509    764279    783277    740736    742094    716421    707643    711386    764773    773647    755101    743307    778870    756630    762904    759660    752747    775773    739650    787277    711173    813872    750275    719643    763280    798523    764384    726852    768660    771896    760749    811840    749802    767081    745687    734571    738754    737664    763838    750867    750928    737658    770194    737328    737461    772191    686518    732565    766872    755553    819067    685325    751636    709904    729498    765504    733249    778619    757437    698168    794647    732184    758562    684361    760111    768611    807146    746491    752220    795581    743634    709422    724333    754354    726903    752116    759394    798381    723525    748741    731213    757226    778923    765141    740513    747399    722529    732286    738868    751611    759151    785201    691675    835140    737507    739308    692821    747486    719306    756196    752662    755235    717338    770574    735560    750390    765735    731248    780800    741795    743067    793669    736254
    783867    780570    733503    752800    725861    776529    746124    794388    769800    756033    698592    766432    755346    745903    777010    763581    762085    746840    751632    734706    733896    764991    758322    738488    758858    708971    739262    747408    730223    729413    743380    746088    754058    778695    716298    713780    755545    785285    743850    801730    772580    752323    784174    820066    794082    764783    742377    772738    704909    768139    798878    781465    711830    728599    776817    789415    719999    756148    805912    779703    744415    697753    782111    791909    751137    757439    768540    793202    738596    761528    763276    730952    718545    698561    756151    719119    759012    727560    735888    771316    731400    708416    786860    714755    775097    754125    764200    790804    704821    727185    816708    797895    755535    795387    724956    752519    756124    717625    768518    754102    775921    760395    746473    792731    795943    785669    745855    799290    780398    711480    754882    787137    745453    722909    748944    714319    775918    781140    748591    804845    792641    739404    748366    710757    742849    766720    718447    734374    711788    742250    727715    766473    742947    744575    729443    789527    774682    748821    771085    740204    794554    775386    734032    709670    725657    724270    741885    770779    790041    726956    762964    752958    727351    739492    752751    817519    789585    781875    799848    724715    746573    706916    741340    759088    731023    760971    780399    729101    715124    756561    690305    713993    716590    755307    745027    754302    719390    756634    757349    783226    770290    809374    734055    765352    732182    745934    753170    761227    811209    765371    726733    694801    744780    700882    710106    738826    754698    765999    749913    788043    754398    796892    772685    756580    759022    739626    762238    702902    794240    752472    700881    790327    786517    782011    731407    771386    805426    749084    813839    793865    743371    782291    751899    732195    733092    767059    752223    756217    752173    773892    748356    721663    719087    696324    743977    787959    790128    797397    740391    762714    715288    714954    779364    753435    762263    751366    714331    793768    745706    729390    695956    762405    762501    784845    750462    766136    811083    775899    775762    700547    742910    744561    748705    757354    771002    719896    756423    719877    741633    735213    745933    745727    743476    711784    709868    707414    748771    739859    777973    730135    814686    754545    711716    712348    698866    719627    761828    748728    749449    703667    770474    762830    745488    749556    778320    769031    749600    746225    760434    756833
    805525    773193    787689    779067    753284    767526    764468    795576    749091    780158    724234    805976    747760    745976    782688    745665    783523    742853    745812    741843    742628    791950    790619    782716    757649    748188    721280    771206    763405    755616    743875    770874    780310    777701    738874    750122    784238    802800    795207    842313    753149    787891    833335    821572    854106    746679    756227    778510    738021    741278    823392    815836    738134    729558    803444    806493    730689    780622    825312    777720    752992    678655    784805    778197    741915    780208    796199    851319    761733    750868    774755    764817    717115    726351    755658    774095    791759    753204    764735    803640    774765    738910    815459    733102    747242    795716    802573    808727    747479    736866    798659    810670    767779    775792    771727    769932    777342    711028    773606    766791    758399    733318    735718    802314    826974    795895    776342    780101    799234    736879    768723    839925    786932    728000    782498    767514    776225    790535    769094    817125    806478    740277    709052    728799    771767    787832    738700    770667    752584    757594    780841    769360    762761    775605    768278    817008    765963    750916    794028    759541    782276    773601    758654    760129    753943    735946    787201    793872    780903    763531    777131    760874    763722    723724    740096    801257    775157    803271    802396    762434    757837    776594    769589    787228    762956    783723    767111    731886    707636    792246    748128    735340    753472    808103    814426    769445    744516    788338    756560    789579    758160    833041    777848    791052    775423    751723    756598    772368    804919    762327    750686    770166    763102    727821    738035    746723    803257    787217    769443    805070    761977    795221    749547    778301    773010    767364    778641    719431    818321    770910    741862    821731    790126    790149    751623    781727    857433    774899    829280    792397    775396    772841    768426    746795    765790    788863    796524    783012    768410    759363    779990    747780    771472    736005    756060    745470    799971    808522    745946    753960    721131    745925    801864    779898    781777    773444    738578    790608    754401    719130    705202    755494    781823    789811    792514    790825    801939    782019    729856    751613    769761    758507    747930    777488    836385    751509    770260    767084    771448    755863    773350    760451    726857    719796    705375    743958    753917    785164    787485    731934    815762    777286    728821    727128    736925    736379    772661    749350    772811    723960    798639    766793    786356    770215    796100    774999    775229    767302    775772    747720
    785336    746588    760710    785651    712395    743337    729734    759276    729739    754578    677163    748124    723743    708965    743262    743122    727244    746968    697677    734365    729848    773599    735513    730339    743957    728569    702543    754480    725057    716133    715222    745682    701443    744086    715405    716411    763200    731877    735083    746995    744574    747278    726879    791565    803905    745500    693702    731882    709777    701437    790392    786642    725021    685250    768252    751084    693066    741358    791732    756809    729308    663835    761445    749017    711124    723291    772366    787711    727302    707361    723850    704610    692351    698830    698597    735408    723748    725335    731036    760844    716121    717097    762080    721985    737592    723650    759895    776626    741256    722788    773641    743551    712385    731177    720188    736207    755293    734594    754786    718463    713967    705770    700106    761490    741180    759219    731744    726238    747695    696346    721309    755373    740556    725130    756958    722560    767386    730428    728950    770538    746592    702450    692419    700466    742065    751124    720934    728938    720094    739969    730019    726886    744060    761619    695605    755324    748321    723205    710712    711930    751436    771509    721807    712269    701705    704971    711773    749707    742140    716329    730220    718269    696774    682158    697470    758671    776461    790262    761716    718850    712042    737641    730220    729432    736813    734172    750568    705738    667857    747451    687001    679929    680848    762777    767191    745671    705585    737789    728119    776072    715861    793004    753067    767463    715228    736605    726452    749521    767646    749199    723831    684730    709695    706652    682995    723006    783329    751700    711783    778161    712043    747761    720496    713547    735652    735147    722676    687093    773944    756698    733654    766055    739021    752460    711503    731103    792102    710662    770706    766024    712904    737861    715216    715061    729478    728928    762199    763873    711531    737123    730732    697633    732480    694938    730714    739255    774157    776855    699613    712110    682671    712557    777580    745840    754985    699138    661070    769720    728859    683988    674862    725855    748056    767947    721301    754626    729149    748877    719311    718185    725579    744587    725091    745795    753421    710089    744134    703475    728038    721489    727811    722298    717526    703872    688131    715626    715887    751841    762836    711195    743876    712592    696731    720469    683730    699362    735111    729150    703277    690243    754177    755480    717574    679744    764086    772949    729568    715000    758324    718967
    725359    754323    715050    768780    726021    735647    725198    787662    723402    757995    687013    751422    756982    715893    739583    744956    722458    707845    674123    722962    733910    766452    735726    726242    733112    724124    701471    731854    741686    712552    756699    742278    761882    769816    715380    741736    743587    754148    699934    797078    745501    730345    718129    777366    815204    731254    729530    718259    677470    727165    761388    783462    713289    711720    785733    786807    709986    745276    775003    765925    705034    658423    754901    756687    730857    737774    761048    747585    729952    745881    724273    732291    710046    717836    715053    739839    737288    725799    716717    741980    716377    709710    757383    721861    746362    763539    781597    759228    721553    694600    775525    759990    741368    767935    703228    715226    786298    685355    757612    705469    727189    711758    700254    784598    776948    745038    751379    739422    755261    701750    761722    771824    716024    697598    737456    694073    740502    737586    691719    762519    759623    701865    683342    716929    771057    752159    705559    728935    702882    713375    749315    724202    747435    742178    721190    783204    755870    715619    725841    743149    756055    785391    771308    706223    697122    702555    745036    758736    764670    735010    761789    744864    704243    700962    717708    781720    781309    789286    763567    735097    726073    715817    760730    731922    704740    751168    737769    681217    693345    748311    673612    688261    728031    718712    763966    736438    696343    746736    739029    755570    765850    783430    708677    776684    725777    742739    701114    744335    769025    761956    746633    684830    741279    683180    655614    729925    758802    742151    717043    780652    737876    767504    710209    698397    723053    701505    730675    704229    801821    744134    719640    740586    750234    729595    679428    720245    777158    725986    789804    763072    728187    737881    722352    729697    713263    752955    722512    729554    702933    768824    712527    704434    731016    664026    706061    716742    758760    817903    671228    711029    709108    698099    749357    751739    770003    734006    707904    770881    752958    709661    692277    731936    767297    705504    760589    744090    762537    721140    721787    711728    749564    739619    717688    744827    799344    698778    746152    706658    733873    745956    687883    746731    725509    696094    702249    719549    752021    732570    787288    705474    802688    702805    685488    717311    687651    671778    742989    736567    742717    662521    748701    748609    751501    727314    762027    748328    729279    748030    734358    710383
    773398    781540    775465    777202    712893    767266    768746    799440    731615    769880    703502    770524    744218    732219    781494    738477    771851    754526    744351    759479    771715    808771    754489    759882    779837    736225    718239    749050    748204    757651    712076    750705    749282    773582    716586    735707    757447    772410    741825    782882    744765    756569    800004    828669    825915    735054    724738    764465    721036    728906    822890    791576    734100    733068    788916    783269    708040    724054    826776    783572    740638    717794    764677    774206    747430    783199    777208    811599    723095    753644    743456    743710    719212    723962    738283    737093    745016    740604    757309    756582    736925    723177    789316    731684    732130    776292    799823    784274    760863    708803    791093    802058    754219    761996    728675    766734    789414    721299    743365    750629    770925    757432    725244    780142    793343    796194    783832    788363    776042    744498    765154    779720    764042    737855    764323    744736    779154    770520    737343    808079    783320    716560    750935    715849    733943    763776    757953    736602    749557    728895    752259    762051    745971    747992    719634    793921    758671    726965    758746    744013    799530    790296    771989    753693    722712    742266    763376    790759    747588    726289    723232    728098    737179    722042    728644    793792    776648    793091    801900    767617    767508    756760    764176    755700    760810    773218    777311    719248    687576    771779    726026    728881    721008    793313    754848    741607    741283    764841    734096    774150    778275    775537    743025    751641    758482    740570    722863    750458    773047    750945    763832    731743    744614    706382    681545    742454    789148    756610    756730    800103    748544    765541    724177    755490    770636    756592    759628    701178    808007    761367    745829    769378    771496    757632    731584    775566    815463    773482    798545    790420    736175    762321    753109    751962    738451    759133    762281    754539    743089    768728    747729    708302    746160    723001    733912    787660    817261    817450    686337    737234    728898    745997    807480    758833    770493    739688    692062    774856    736658    695436    684251    757330    770735    761676    757358    770390    801334    771935    726875    708706    762200    772138    740922    771902    779562    745085    771821    749134    737817    738886    763012    750034    735720    712995    716375    720259    762990    762173    786486    705156    774855    732515    742233    716025    726892    723059    743286    758056    748808    728049    782762    792706    779520    741885    757151    775179    757223    753405    790381    724042
    749741    718378    759643    690537    710418    714795    735285    758783    708878    723279    683772    762716    753051    724286    736666    710388    724915    728705    728055    711471    739386    764243    759400    705630    734633    722012    711227    764844    705709    715417    722322    724121    740381    734767    723159    714108    734789    762926    705222    774452    742775    737783    772559    766280    781062    735162    703204    767737    699977    715317    763798    754234    719865    707642    775177    790685    701787    732231    771552    738217    727992    680658    727986    767477    711607    705956    743423    806392    721892    724152    756288    736504    693594    686662    732350    718953    771288    713233    711291    761650    733156    710211    733018    702528    724726    749458    778474    715898    700643    688461    772659    787434    734045    752717    730361    717327    767739    718453    732290    717615    723377    731074    685056    746163    769583    741637    744407    737364    727003    693280    738795    770956    718312    727769    766315    732857    715617    721577    724043    772267    752024    711963    683839    698444    756319    714862    734332    724952    701726    708869    742168    742370    725980    746306    741751    784837    744594    720863    747121    753294    761262    744888    717272    724102    686647    715997    743098    757723    761213    716607    718563    706101    708971    679187    715972    785758    778485    790979    781495    720932    722720    703549    767556    709767    712119    722796    739966    700452    666121    765738    681387    703370    710089    704463    746154    725753    717659    765530    744419    738148    760547    767577    722617    736293    695876    710626    734895    740977    792529    744904    731786    683403    715754    675213    659142    735298    767901    771011    690837    776941    728259    750469    732856    735153    734284    697827    717492    702576    743374    708894    706005    771685    731930    742744    729089    731194    768378    724704    809310    747522    735353    735629    731478    734960    699263    728093    741549    743236    717039    734754    723112    670308    737265    669311    723452    726020    771291    799016    682465    702955    697942    718321    760856    682472    748596    745366    740840    770648    724112    709145    675427    723699    733870    737655    738403    752483    759946    752206    716446    718897    725678    752149    718088    759704    768846    712348    746707    718176    727034    714197    727763    702038    726665    675573    676273    711863    723982    753256    743241    713283    777835    688581    672203    687689    692754    701383    746744    714709    744181    689081    750221    720532    727121    727377    724940    746568    706718    748809    735094    675375
    752633    777626    778618    769459    732561    747429    746617    785931    723186    750295    693484    749466    727261    735861    761286    749496    762815    721943    734178    779410    733900    777171    771661    756379    745337    730635    720863    782740    732620    747152    725437    724573    755419    781475    709246    724818    757835    768417    724897    799954    773337    740192    806004    825668    818774    730515    738792    722915    707124    745619    826948    767662    732705    720985    783132    793983    749769    716264    797623    780582    706532    696705    774691    749410    731275    759276    777634    809997    735215    771227    754586    702340    693886    695927    746211    706001    759263    738730    733578    763723    715743    717097    760886    741353    750425    785924    774324    766434    723969    708056    792187    744126    750646    780242    718639    744511    742185    712440    771150    729864    763866    748235    711480    764712    796039    759300    751249    739768    768729    720211    757243    763890    730636    720366    758873    719390    770438    761536    751228    782242    792971    724137    737538    722618    743891    761204    705302    747985    732395    723123    758062    755718    745412    773454    753658    779483    783695    727584    770192    728372    760861    752930    736687    712312    721410    703191    734665    789221    744710    728487    748239    738514    723419    718302    720791    794419    781710    777720    754313    730012    738361    746229    730734    765330    697912    724167    773100    744810    697692    770820    694939    713775    721474    772354    794306    735752    715954    773971    723866    793410    773294    753452    755425    726758    739926    705787    756049    773712    785438    761717    762025    709656    748524    691943    673251    762810    769019    731549    733168    772486    740574    733754    735390    723710    779943    739784    740146    695792    816514    743582    729173    755861    785132    776414    710430    794332    807952    752245    800071    782078    733177    757250    710566    718453    740286    763705    759675    756985    745820    761948    738270    712380    743576    685029    719376    731922    784876    817852    670669    739148    696857    740594    789581    746689    754199    750470    683428    784087    750182    716299    702389    749098    759923    756242    741827    772458    758369    790611    753657    736752    767165    744036    734913    735789    723386    709189    752051    715253    747915    724046    696620    749109    748751    710854    697513    693848    744013    750214    822194    706086    803902    699600    714588    722527    727811    700428    759846    719321    721867    733000    790918    774798    716983    711423    783346    763043    746646    734980    789464    721574
    768515    724089    758880    723981    734353    734979    751112    766831    696545    734076    669264    743652    720631    731332    762034    709765    731525    730561    708968    725200    719285    754268    774346    745111    751831    709526    685101    774730    728791    735877    714083    736612    746470    743192    720391    725437    728850    754994    719262    796516    733310    730323    760462    801603    794570    719785    716034    729631    704717    736890    784115    753015    711492    696847    770021    770448    681848    693091    783249    770315    720894    671567    755879    746112    735541    722525    756648    786831    740754    740711    742102    714321    699750    681046    730998    729663    769333    698457    709690    742455    712713    719441    771524    715856    745309    748728    759628    762202    710165    718232    761529    777199    734218    757943    729914    738170    790400    699238    726912    738411    715682    740035    712033    731432    775495    738181    749468    749591    719164    732921    745294    774509    700797    710091    741663    728215    765550    728286    720546    773323    749731    708032    700881    708712    721948    759862    717198    723953    719929    708576    688101    741993    724402    759205    721634    768663    747827    728266    741433    746027    737908    749107    731968    721736    719411    688347    719970    758706    727612    710394    744096    727797    714970    699025    702384    773267    781928    770520    749738    731781    715531    732303    743691    731582    756017    718595    755834    711329    677105    754540    699630    705768    705247    732776    751654    735488    693884    760893    725802    761825    742300    780606    736127    757117    700048    719842    751072    728365    768743    747347    733221    694017    727667    692066    677477    732386    777381    747143    695126    778629    725901    743361    738897    715352    753982    744452    714707    701323    785478    733616    719960    764709    773956    740679    728594    752746    765933    735929    773402    757778    718082    746343    716600    741222    732525    744614    735310    738849    705932    739479    735567    694883    731584    678440    750537    705277    752313    793643    663238    730382    689042    697165    796481    732290    738233    760155    696934    784671    746289    700077    676658    732759    758317    743801    719833    756255    752315    739556    733410    699860    731524    728447    719066    752917    770501    703023    727228    705207    728187    729741    723732    742262    737427    722895    708551    732868    731230    751931    755676    699771    780152    701484    694913    694826    705965    701164    722578    739287    718130    722733    758842    752283    736083    699872    736405    758798    705972    741701    754083    708418
    786732    788127    805727    783052    751014    801060    767633    822575    773341    779143    712691    766126    752836    758388    814840    752198    814400    783197    763615    747226    769571    788102    809180    796310    808695    735925    738013    812076    753046    780129    770001    764189    793392    797901    750980    775017    807241    763513    784078    819776    774932    792084    810556    818994    863920    805302    755613    789229    745162    754916    815730    801325    748404    767222    846572    808232    740114    796522    840587    795919    784084    721213    796936    826271    758446    802609    813955    875179    757887    783290    765658    767557    737230    724738    758460    780443    776907    763170    785499    805659    774765    765907    812096    741599    782456    803769    796115    815976    764245    740431    784056    826825    775532    837573    762195    785995    814683    757587    805058    771992    761590    776025    732341    833828    837253    797644    786893    836856    811863    759476    793413    811699    754457    742137    809467    774240    814494    760257    757258    813545    816172    749496    755641    742501    792678    800006    766349    794877    769229    782623    760887    793865    773504    814330    755428    853124    801411    741018    777864    778267    805053    823295    776297    781249    716497    713339    792105    812015    812379    764643    782299    765432    766265    752442    750855    813992    796758    808533    828434    786425    774925    758369    793289    780420    754221    808487    804158    771917    719588    815947    746708    726618    776193    780223    798501    737860    734935    791123    775193    806079    800027    810202    789702    781649    757062    771132    771767    766480    817838    810739    802211    753438    761613    736847    721247    768508    825254    770730    783226    821862    767413    830102    751317    765458    798823    769656    774260    700016    819198    791769    762913    794737    822042    806041    760348    803353    828567    799538    822437    799755    764753    805024    754367    744056    762938    805562    764820    810691    761083    808061    766154    752696    787637    708053    749800    770114    822189    851083    728743    748449    741368    747767    821774    780554    789641    784723    713247    814477    792602    773581    717369    785039    789159    800095    784722    806585    803731    794909    770569    731317    783691    771367    802509    800265    810259    760679    824266    769323    750050    773504    777925    756355    774881    768897    727369    728136    765532    802607    808042    766854    834860    745175    756334    764994    752554    744732    798516    754870    741053    750151    817107    782072    791561    747823    804796    783476    763416    790884    808570    740296
    805942    773876    799178    786296    730530    800610    777915    797561    750707    781947    711191    792571    775654    764237    794412    760487    779982    746686    720977    763767    753474    811798    793375    796263    780522    760929    740190    788474    744546    756581    740889    763357    756596    799901    749453    753117    808804    763374    775223    825300    791218    755180    805159    820692    832256    766464    743708    773095    741275    734407    832600    792104    735570    721846    785248    794336    726997    770810    822222    789300    728966    710079    774377    791874    744233    783647    814711    808908    757891    803480    764077    748207    744473    720116    743608    760397    793384    723383    738195    755242    729391    745305    788169    724532    768249    758843    790038    788085    735412    714451    822750    780406    776051    816034    746156    774691    788820    742356    788476    752596    755553    757218    741268    794567    792042    760617    776515    766647    757255    739882    774642    781709    764777    718850    759670    721181    794905    769497    744797    776622    757290    748515    717469    757960    763228    780038    751845    767939    715472    752528    785555    766516    736495    765319    763916    812538    776790    773564    746950    773495    774648    771381    763994    714123    754525    725110    747096    772216    767698    730225    785917    738148    756157    718807    760587    794852    810317    805764    789190    771721    770180    753051    775211    732227    767252    760542    763444    762467    725001    773308    732157    717225    730802    787588    802485    748814    729232    794104    755139    793410    780453    814692    780194    760828    751453    751905    747373    761067    778322    774107    773153    733928    752062    705319    714892    776005    817639    790726    735370    810963    775510    802024    748015    768451    784861    769581    754785    726049    792134    786410    748908    778161    790290    792093    741787    771211    800431    767466    798578    797134    764884    796117    754037    742011    793095    765294    795007    760180    765076    774382    760575    743158    749015    706516    746091    768910    788785    823160    693438    757476    735582    712600    812888    743299    780934    768238    703807    834478    776515    721477    698210    779157    774092    776296    743637    759487    779210    795598    752401    733446    763420    759198    759120    751740    809072    754976    763882    711098    765774    767305    744882    773635    785278    745566    753231    737868    764735    756574    798969    727938    810862    739795    734719    764279    729135    725281    777668    790568    745182    719144    826839    778008    747212    716610    775123    776395    783816    770668    769013    766406
    799532    797082    815826    809826    749946    791692    798017    805396    754388    785783    703627    804798    773080    783602    787479    753359    772329    779322    748288    779285    765010    816479    790373    812372    780755    778919    771336    801613    752468    783188    749400    782467    787414    795519    764417    757117    790510    797952    777035    819962    789260    779195    819766    858649    802711    763782    767779    829539    759232    762756    836762    835956    787284    744827    816135    789506    769904    795479    856445    796776    760116    712095    771298    810060    776932    780556    828099    837111    761204    781886    788970    751508    743523    715265    748662    760240    788668    745667    768128    809925    741988    741696    794975    764813    752997    802981    804627    811649    757749    736519    826552    807515    793231    807848    740972    777322    804365    751754    786527    742055    774930    772201    713224    799224    783423    804166    777191    783655    789000    732721    792762    790276    791356    758042    789486    773277    799000    785916    746318    807417    803151    762444    771794    773597    778349    792019    746300    776142    761169    761149    765099    778637    771126    785974    750926    827224    794211    765540    810412    786116    793101    791499    743126    762523    743194    726718    779035    809471    809750    771517    759381    745944    764155    759246    769041    831583    816694    818478    811087    773740    748814    762743    778826    766585    757941    792897    783020    753721    697980    801650    721274    700356    744888    787918    797013    784783    761003    790922    750319    800770    796788    813841    774587    789935    749696    751890    763307    796714    810688    784822    781214    723027    779160    741044    726806    766341    788182    781624    758888    817960    759613    831183    752202    783519    791520    787509    745922    725466    838132    776134    752892    802052    769238    778701    744788    806154    823188    767858    839325    810062    779739    786596    778768    781094    779445    787912    796880    781240    777273    819126    759415    739193    757026    725922    741678    745521    837364    849706    725659    775234    741898    768926    814538    761263    803373    787744    708559    806089    773625    723449    730755    778735    766265    801553    762541    779611    788745    817577    750542    752473    767464    794856    754061    768699    802582    754635    794693    781556    785091    763277    787142    779503    743282    734003    736638    754230    755243    775226    816822    756471    829812    731086    777968    742116    746874    737172    767362    781150    783748    735737    790533    807086    780339    738619    794052    791268    770992    766709    793994    741134
    741325    752387    762001    734646    716495    740438    750773    772400    725413    766784    676574    749223    725737    715366    740553    709844    727623    701651    718915    746682    738666    762521    730398    750598    747625    714355    698739    720037    701859    731103    740489    727517    735117    760836    707518    737074    734474    735671    732584    778628    738443    763969    753173    785956    812051    717702    685869    740233    706250    728964    767371    730583    705065    711407    774835    741896    700434    723040    788623    740148    705200    693493    761765    791655    710363    730971    785685    806511    706493    709604    775896    695645    702772    720599    726215    708874    770559    724252    742230    731165    710606    718922    773814    743876    720802    767653    770531    756550    693449    710644    768009    779911    716772    768008    692116    778358    735417    719695    749040    736598    750000    711428    692530    733515    754946    728919    779438    738447    752968    700047    757270    758060    729395    734320    759613    740930    750666    712759    703621    779938    781846    704048    723098    711142    731031    737159    730713    750915    701029    723461    712205    753881    747243    754836    724609    765904    735923    705503    735037    754873    761672    777033    743459    743319    704385    689429    755466    767252    767119    694685    710162    690153    731464    667735    744815    773954    763714    791978    750939    740584    707416    719138    719936    719313    703409    737564    715338    724828    676485    772445    696517    676387    701980    718498    754227    712299    707219    740930    718011    757925    730910    757068    735589    732173    738297    727055    724383    739893    777549    742583    730421    699844    720085    710719    687490    763783    767271    752022    728842    815907    738312    744013    737393    734499    745482    725751    743713    699430    780942    727984    723468    751446    744400    736769    715628    759338    782394    742508    768782    744450    733345    762050    736508    720811    691729    730406    778919    780596    720203    740550    732203    703259    749198    689727    716277    729001    770678    783658    687364    739972    706709    723439    775694    746664    754440    715993    705493    769722    725495    728600    689025    729604    754381    763123    708150    750417    769709    756918    725551    714945    733768    745880    706360    751096    764423    723445    751693    710089    724952    720626    744371    718854    734711    670855    677541    691221    696817    725169    777275    696362    762186    678839    721889    714088    720193    693346    765020    710566    746311    727818    785980    739892    754386    723129    758710    761098    746815    757256    738480    728391
    807410    814628    833617    824841    777354    784784    798322    814882    769907    799927    707724    803472    785793    752145    788314    772249    810719    761726    766429    788225    807562    847904    804242    798214    785896    758489    756570    809593    778327    774034    798515    788239    815811    797523    797655    787891    797631    812478    784609    850080    831834    785295    824768    867690    851653    772888    766568    845719    731026    781330    860942    860927    777677    798759    847375    841333    773185    818158    864171    805850    794643    729874    793632    772270    792031    781685    855980    849626    802603    794754    797016    765675    754790    760404    782168    762915    804334    777486    788432    791322    757495    797094    798316    765430    788295    811015    824059    787136    771732    770969    832141    824676    819083    802928    759292    764898    800168    750846    816340    776209    778675    761363    750689    817792    838430    809175    803102    791729    794116    743432    802787    794197    820705    778514    845637    768101    820188    783846    775209    809329    828929    760771    755895    760970    794451    810216    737005    792693    776882    746911    804390    798655    783738    797982    783388    856948    835828    802036    795836    757072    802182    845795    786217    772333    745515    753996    772670    810300    813055    777554    803193    773676    755265    762374    747309    840479    824067    868792    840635    762004    784748    795359    805593    805488    785907    811591    790516    771578    734484    816101    740234    755202    769237    810641    824353    770328    771565    803535    797617    790530    815281    831966    792770    811268    795627    784632    800683    813240    837026    825071    816920    749676    779122    718388    744887    812676    841515    812040    783584    815398    787134    805965    777680    771521    815336    790531    775739    741458    831411    785633    771843    840641    822932    796660    781055    780419    856574    781432    843733    797251    766205    812194    760353    793020    792968    801061    789930    807067    773063    814833    801929    738506    781448    747804    757199    761882    859905    848989    727218    764816    759111    773863    815015    777463    782980    774950    771381    835349    788876    761172    735551    800298    767115    794640    819223    821335    814494    810904    780624    782266    811275    796880    796537    807619    805920    767803    778043    775258    785790    781161    763975    812400    779938    750060    754064    771918    779513    788878    830460    757286    849905    758587    758407    785555    764570    740838    794194    791954    793429    774600    800224    779101    760105    781063    795691    826468    789441    811065    815654    783498
    753638    720549    760156    738645    717210    766801    766536    772471    731190    748012    694103    767687    726544    707413    735468    742000    761712    725555    722670    734124    741450    763227    784918    733891    746667    707567    723066    776702    694866    743240    739068    715827    779580    760981    718798    713022    748393    758492    732120    791948    746525    731367    764716    772542    804386    720099    733953    762607    710203    744068    772998    772818    716343    706831    764395    772452    728363    739147    797415    784077    738353    695112    747365    762224    719431    742551    752416    834663    715885    730702    751710    723169    680039    681364    750988    732744    770369    724635    738375    755520    738662    764686    755528    725429    742894    781269    779392    741930    731217    703572    805041    775190    746874    763202    713285    753953    771282    684317    741558    705520    739017    735915    690520    783826    770110    772427    725101    778170    728708    717433    713916    767358    726989    749102    777430    732826    757133    726357    723978    769628    772660    749933    707378    725074    748981    761109    707774    778135    707715    737700    753734    762733    709960    734737    727374    781258    779191    728885    774809    716126    774674    745203    729404    718096    696381    707453    751179    742503    775813    715210    749422    748116    691390    710700    716424    764506    756672    786430    778766    743096    721590    722163    722179    735348    713887    750779    746616    712949    702522    766055    711532    700847    713374    767473    770386    753149    728640    755584    743154    774907    740368    734957    752889    739213    754429    694388    743073    707754    784994    739322    746163    706586    769694    686163    718307    706166    762772    761739    729060    771108    756592    769710    739811    756447    763680    750580    752246    715657    790202    749910    690437    770079    767912    761597    720706    762273    794020    740993    797910    764931    761331    741852    723104    733637    711503    760981    715351    719365    736151    748472    749229    718075    720710    694093    711182    734602    778584    820649    693467    729189    706221    729871    752266    730318    744548    743000    682984    788802    722309    712892    688679    764846    767787    773657    712046    770117    749451    755745    747105    702999    730425    760560    703468    739551    740306    679647    721924    738196    730813    731559    718478    722859    713266    688245    703345    727813    738548    772795    784730    696412    783034    724516    700943    690391    714087    717695    726521    713093    725180    712536    789753    742724    734383    689361    736863    749119    741866    743979    776376    725226
    800420    808103    820872    808243    775638    829672    810900    811346    769708    790961    709791    806217    780839    792143    802967    743994    802118    792957    750233    785075    791725    806820    804186    783353    815075    757032    748157    790475    764443    800323    791417    798048    805255    793919    761561    787674    788148    814882    785015    840362    802220    787878    855278    841519    840505    784823    777210    826177    749601    764289    827591    848130    773024    747946    815259    818654    764225    793407    841929    811365    812460    753895    821891    793464    771847    798080    800038    852765    763006    759261    776925    781053    746519    721092    787091    762159    777769    743567    780338    799826    780898    766686    808096    761972    777770    815671    847608    819834    771084    752723    837602    811248    777492    831507    780584    799417    807581    766699    803756    781778    784576    764249    733208    834690    827081    816791    781718    805909    808786    763563    792167    846271    795965    768412    803057    765257    833930    804084    771901    830007    807713    766826    758116    745687    777551    790318    773829    796581    752821    792534    773281    815481    768386    798486    792903    824918    781431    750337    811106    809778    827833    800059    791241    770749    747320    767824    801447    808134    808570    773434    771497    757205    778629    788096    755996    859292    818514    805258    829702    789987    757622    762467    807671    792474    745171    807764    824884    775117    728305    803149    756469    740494    791113    813596    820090    788005    757719    790649    773378    835212    815575    787140    790192    829985    767962    758760    781795    765675    817977    810253    783726    770715    785388    764227    771461    786680    828954    808668    778541    847080    785949    834607    786164    796637    802461    767183    803560    729590    824364    802600    772080    809238    817804    778048    754381    833039    869475    771225    840063    831313    786704    821460    768156    779257    763257    818713    790270    815896    783470    809368    782789    761113    782041    739796    776475    762871    842954    835332    753988    776053    762713    742848    819547    830241    789851    799908    730697    833943    788966    747258    747764    805276    768587    805021    750003    833716    814507    810960    818644    759781    793516    783650    779098    801679    818275    744980    809478    785840    810428    761389    776905    771495    774917    743959    773594    774574    784168    812569    827991    738254    866850    758381    797657    747619    778141    770670    780422    769639    798549    765239    831155    783742    798540    738481    809934    816431    790303    776413    802775    771316
    716473    719986    742602    775945    709763    722861    739995    768623    701604    710377    660660    743040    721150    712858    741593    730886    728507    694918    718275    701786    750626    722129    743557    735126    740783    713789    677229    720870    708898    697205    695135    730662    742868    750770    690277    732119    697124    751395    706971    753496    703828    738680    729231    778213    785144    731003    709554    720745    678446    699474    758778    750327    709230    700854    746813    749529    703178    727237    769505    746657    723311    664289    749430    764249    713064    740903    732042    793553    710258    700193    748624    706656    658243    691632    732770    723225    706315    692130    698189    751495    719982    723747    761844    712175    722109    755639    758725    758150    685463    686611    752676    752995    714731    748564    707155    708813    734905    692278    732654    705225    702200    715421    681899    730927    791821    741192    746104    755956    730970    688204    723413    748219    712317    720477    755056    716127    767076    735245    694788    775019    742021    693967    691128    709382    730712    749592    704833    725382    708523    698621    703859    748546    740335    729534    689664    789431    743375    725271    751041    769443    755832    735878    725378    716096    699548    691921    736272    730887    740079    701413    740370    712890    721216    696813    731454    771396    734070    767431    753451    725448    685684    746209    746888    723840    697951    758246    739673    681064    648258    757773    668403    698659    737365    745195    752324    713031    691622    757100    680042    750740    736416    756968    741302    740852    686748    734712    701953    732819    770967    728387    707920    688664    727072    691637    679510    723811    772284    772924    738652    769403    745266    733827    725998    689657    753325    750734    749556    676887    789302    687649    691943    751280    764556    736698    686514    733600    738637    724917    763380    723044    722907    733103    756454    744081    689609    731518    722429    753651    699719    716377    700050    673851    735677    637917    708385    705230    735621    792724    671481    711471    685495    715974    743237    716669    756651    716219    709369    761432    729178    722394    661226    719851    741810    742668    734635    759550    740730    758696    719889    700056    751165    737804    724000    725196    758029    692063    741700    710152    717904    737477    721173    728236    700905    693032    665990    695222    712022    748746    791645    707077    752423    647216    699589    684409    684173    690885    706384    731373    738949    706009    719519    707030    715786    707469    739885    727947    727068    712722    734598    707467
    777846    759980    808212    795412    765064    777263    767068    817287    752509    753754    692250    766299    738113    739858    809925    755080    803249    748773    746513    761920    801758    799772    814213    780209    781831    740191    746057    782794    744174    749858    755871    762502    764870    798625    757277    771122    765449    796163    756274    818524    765851    765021    823191    818551    812603    790580    757251    784010    723789    769118    849997    806589    728982    749167    839770    785532    749326    782297    806642    782704    745813    750262    791792    797578    762738    788879    795696    829550    739053    768387    757845    736526    726961    727990    787089    737733    771837    767098    780645    800859    784885    774126    804480    734073    773592    777517    794258    784702    740784    741532    797617    829576    786218    784711    763068    796263    793088    725852    778568    778910    737887    746719    731565    791699    823934    807542    802250    815101    798064    725871    767438    806013    735422    755267    765137    741096    807384    774416    724792    806652    775442    759541    743346    738604    760311    778302    732861    769327    762266    765446    748693    803026    752911    773299    768409    828754    814004    736324    795108    784412    803001    779815    764119    758780    698551    721724    763145    787918    784152    762633    746338    728046    746202    745602    752015    822596    804720    822949    802732    764371    722823    765583    782503    776016    747171    762866    785033    729896    715638    784558    722480    738435    753450    790260    785871    731244    745861    804538    753214    829677    793178    803562    758437    791559    772245    769168    762020    761779    800530    805305    796424    732627    747548    718449    737693    778600    799174    778550    745337    829211    785010    824699    784705    748140    786080    789126    780835    694653    807238    780742    729012    770095    796323    794659    755786    787097    830940    781020    834690    774836    771459    784570    762312    751829    771159    766268    780030    791937    771517    798177    772178    738717    746090    724375    745391    748991    828098    850772    722098    758585    723413    757067    766450    769709    777716    756566    741440    797048    764622    737502    712130    784402    778492    803994    771744    798077    798766    778348    777474    716248    788500    803504    788560    780105    795119    760771    788169    754461    773513    765939    780179    773619    781942    734102    719914    752147    774011    797525    807577    744127    833673    723405    762485    712781    734482    748000    730161    731130    758378    729016    807246    773964    754359    753293    787045    774411    751962    788391    786447    747233
    767407    760271    761863    751124    734960    762297    738048    793915    729860    751967    697484    757494    713312    775146    778225    704006    746523    739407    731734    733375    720422    797626    782684    736024    748173    694895    713671    789841    737797    718864    726392    695600    762622    756928    730157    738519    746617    773661    740653    790845    766535    738875    813351    790458    811380    749093    745168    766043    691854    736307    776998    778673    731787    728884    774839    796945    703608    754549    813418    772614    734709    688741    739116    786731    707195    727212    793483    799976    730098    754045    756370    720453    707383    688189    727392    749509    770815    751071    725981    771062    725802    737678    756897    711631    728257    753975    736251    755907    712660    695770    773044    771735    756115    744429    724331    735371    751873    706077    735772    735224    732310    738627    703784    773458    754980    759536    736407    758595    760519    683851    754594    788359    746279    742206    765534    729736    763217    745953    736294    801232    757378    724202    711908    692298    752338    762783    708705    756026    730017    744867    755338    758164    737816    765771    728591    772575    751013    738749    779304    712130    758191    761343    758987    701951    712551    690489    730564    773451    762048    706766    750014    752201    718759    729118    703418    788169    747725    798537    769858    748783    713995    721200    749037    726018    745113    760787    738815    736401    676829    772216    714360    681082    740494    776784    757777    773469    703204    760425    739062    782015    766566    771404    737017    753070    740197    727621    738727    753326    788830    753227    748426    756095    735204    733814    711714    760666    779472    747291    719880    797787    750667    768355    736641    730482    762659    734541    751547    700420    788052    761346    727541    763072    769765    768917    738343    739661    810649    764563    790629    776688    736830    737831    717989    743341    726609    788849    765295    770519    732736    759641    770014    729852    730350    695477    697611    746336    794542    816303    689830    717597    685498    696882    792037    735447    757164    751461    699315    771486    736339    697951    682159    761997    726965    776152    726550    759837    758070    746962    725607    713757    725805    723138    757460    745638    767212    705619    745537    718880    707559    728760    728232    737397    766001    691659    691829    713103    734732    729158    774772    719553    786766    725104    714238    716990    703183    710818    761799    727627    736485    700705    798299    749753    744864    716344    753964    792366    722099    754354    756798    716976
    763778    787359    798994    769407    757904    797764    775260    804676    734262    756930    720882    817051    755670    741165    779555    744044    764004    764775    734581    757712    761865    800626    787530    763300    795519    741485    728711    783234    748349    769273    766597    754390    777208    800124    737311    760842    764734    808632    769498    819530    792910    759224    808649    829696    828401    738064    732846    751793    755673    756359    794745    803409    757700    727210    788038    795700    729679    764262    820261    784781    765078    713268    767531    802494    784185    779214    778484    832729    732112    769339    758983    758172    718719    728176    760344    761804    791958    781531    748193    766259    772700    761692    813576    735729    751180    802587    786298    786334    725489    689709    795523    803698    775191    803311    751567    768083    793675    734523    769481    731901    752758    759400    732566    775907    810324    773290    776971    803986    781008    735889    767582    802746    730307    757546    787061    791739    812617    771775    750395    828770    759621    748862    757472    731745    752139    780925    731254    783114    754510    751052    766006    793850    745177    788906    779493    819963    754524    755168    768064    775698    819585    806175    765863    743738    724638    737398    772874    805319    773552    754160    765090    726931    754422    740794    728820    832081    782092    818272    822980    754618    728227    750901    755864    757356    786379    789151    780430    728432    723019    802799    722655    742962    751723    821167    774616    758480    728870    795534    724160    792126    790388    781576    743397    783292    767295    741471    794397    757948    801697    816241    767289    748702    733207    728079    734905    772424    789139    785226    757721    825787    777483    794704    779762    773363    795661    778826    770737    736629    817727    771660    734312    801994    800040    757203    762872    750533    824628    724174    812340    800725    753799    765193    767039    762419    748516    752255    766915    781502    743401    789130    763832    739660    773443    742636    770314    752847    811057    837874    701925    788758    732407    757716    808955    775427    782542    755539    733261    811901    784564    753935    722152    747793    771595    804062    755269    775807    805700    779315    766390    734796    778700    790572    765146    773133    786061    753904    796175    739555    753096    754617    753997    754013    754449    748554    717615    733428    760078    778192    816760    761255    821413    731608    747610    738721    743115    706807    765026    780494    758434    765241    799528    782529    785829    755589    794117    809070    762255    810325    775908    763645
    841903    795673    789496    792143    747966    793220    766529    794351    749883    784299    724606    799856    785409    747614    773783    759135    808143    758833    742839    777627    767334    816719    813320    754849    799968    744143    748015    778220    794631    772703    767852    763661    788666    780439    765841    776059    776986    798815    759994    838206    785714    776623    816290    813644    830240    781551    760080    815344    747598    775419    823279    824037    747895    743120    805832    813026    743652    787528    819141    787430    763033    703917    809058    793245    755535    783284    791382    824422    749112    772276    768517    750829    721198    715091    765377    775385    801600    767150    798294    778972    784875    781243    797165    720977    787583    795406    817426    802588    730478    761251    829489    807101    770652    807250    768984    777624    813204    734051    792409    776095    765999    761852    732157    792185    838072    769484    776527    796378    790849    762945    778668    841160    783276    745134    800095    743196    837095    748071    801668    817416    801703    759919    727186    755320    803609    813763    767137    768286    743855    750839    780224    773185    763747    769750    773441    837496    793629    785495    803383    803561    781017    788826    773423    748863    735783    739657    804066    827705    791070    779187    766270    773503    762961    721088    741254    802809    818152    817710    785254    760165    778687    774917    796874    779276    752484    795000    825312    764320    732017    798980    746915    712151    777426    805262    806479    784788    735561    776060    761141    800871    787608    826072    790300    772797    761398    760616    797289    795700    834723    804464    789607    734724    769589    736866    738633    771389    830690    812020    759943    833570    772316    788780    785150    779121    786210    780211    786293    711836    821742    774817    775519    796317    784798    778694    766490    789849    810737    759264    846611    808519    743026    791473    739580    767612    756566    793064    798958    793500    770101    795218    776324    736889    772393    739201    740953    772777    855601    837554    706914    726347    733255    737122    825587    795450    817058    763259    740095    831588    745442    744494    730033    805666    793569    797812    757309    811569    793728    817987    783494    732052    783807    780115    796696    772294    826970    772036    795739    749329    792496    786659    778146    765605    801959    688323    752769    740340    747564    784086    802629    744693    816740    717147    736084    752328    748887    744631    784562    752412    764274    730217    805579    784650    754201    762391    800361    814064    768830    774764    779247    729273
    712914    699426    723369    703459    669441    719606    712399    730166    694566    678232    647599    730615    695674    648065    733112    691285    732020    678681    675458    698505    711404    756796    725807    725795    732036    698593    649494    728035    670726    696388    701747    697935    723605    731106    685444    693905    703807    713275    687030    756670    706416    702472    732366    749777    761160    686675    682616    734578    651309    695988    744456    742954    678127    704110    765532    724907    696291    699881    748849    714564    681653    664942    696970    712817    681278    723523    736986    762556    704386    695415    693687    686375    661521    652071    699478    683908    711366    688261    726186    682610    685545    699319    719958    672484    689050    718269    738034    720522    693983    666642    751041    736502    699841    740797    670744    675185    711207    675677    708427    684252    670505    669985    677154    715616    753085    710476    720529    747849    743054    673654    725111    725343    700935    692770    730737    682880    731190    690857    689549    754781    725129    679025    657322    663382    684216    727453    678177    706815    675245    671881    712322    701147    707361    699753    688869    736642    733513    687470    716705    707350    732026    741198    701103    700792    655662    680069    684384    740758    705971    685909    697456    676538    665510    660313    671558    743663    715410    733123    738127    717803    677991    696634    689576    689802    695909    710630    718507    664356    675428    711955    684846    675968    675303    712532    697101    702494    679194    712224    706455    707492    720834    765162    721883    734091    702930    690967    670675    713193    721799    720353    710398    689327    691097    651193    676688    715810    709068    706865    704985    760259    709467    711562    693820    695121    712425    710211    685421    648971    750167    737055    683630    743524    734059    735011    690613    708312    750879    702545    723837    731615    694478    721586    679952    702807    685067    721637    717883    710343    662345    730456    701024    670584    695909    666135    676460    667190    745193    743112    648617    688620    669983    680510    734919    714649    745323    675988    671454    719452    699365    660566    640168    698312    700432    724075    717888    734030    720878    714056    695970    663519    722854    701850    712010    726266    732785    712406    730585    686803    701882    717657    708083    702941    674029    672422    646970    693724    678817    717102    751277    664749    744221    677101    668216    675362    690849    684836    703655    683912    677819    700217    724747    715074    694483    676047    720513    723990    694520    715768    745622    695890
    784835    752264    792952    767376    744631    782789    779403    751430    720589    764330    702444    769705    745066    752340    783166    761612    793735    749535    754713    752323    748765    792901    771020    780117    797497    725178    712732    789371    751385    764542    724576    780915    774035    764490    714647    726344    757464    765301    747351    827662    758318    758520    792485    807899    802941    741879    735876    778158    741752    740309    800580    779920    736361    721875    776290    787612    749958    783329    805553    771190    740193    699788    788009    770340    743897    778212    769420    828558    755465    745628    759146    739713    740368    711419    762139    754511    766254    749779    757466    792429    752795    728135    778315    729545    749403    779592    783596    767351    741916    698136    784349    793433    772379    792804    740952    752696    771586    745031    775877    768401    765526    756648    734690    784255    802819    748131    740445    797149    770218    745161    779047    790394    769932    714317    767828    734034    783352    781613    732632    826529    767046    721494    721934    695061    742133    767636    739129    738342    761594    757372    753584    793161    766958    767935    751374    793835    792532    757031    765520    744716    787339    786437    738076    752013    721365    724200    726102    777028    752413    749130    755554    727548    750464    726673    748283    795768    760236    794019    796509    756789    716342    768966    773449    750479    754017    740470    765872    735803    713607    785071    746944    722958    743664    778457    792100    748052    710157    792261    768610    793271    763227    809554    750751    777794    759207    755496    737125    790774    779901    764754    762889    703588    743984    719001    735055    774261    748193    748136    751135    818505    755877    757704    744374    751031    761574    766572    744313    719387    811946    717553    727988    778332    769206    786055    733060    759746    829220    752787    804926    766201    724564    756219    743438    751058    712176    769180    755236    783556    734081    788631    726374    695664    753324    688765    757990    725172    781627    802600    691359    730097    720968    730909    819173    793262    778431    763380    709196    788180    751311    713627    684607    749711    762601    769354    756939    786616    753891    786930    713739    704662    779320    766291    766207    756206    770992    760938    762917    746517    746795    746575    757480    746900    729776    732110    708179    733412    757986    776403    801378    737011    813126    750939    729588    718803    712825    725337    765328    767630    749571    752893    777150    770134    756935    742377    799616    788865    761282    775339    798141    725536
    784790    807287    805083    772464    755368    803333    758475    800342    778733    779455    723649    802346    772089    790643    831533    753731    788978    798244    764375    786239    792380    811075    778981    790863    815378    768288    730596    796230    764184    773756    789126    784515    787137    790711    770476    767983    792622    769802    767660    845228    807380    781959    838932    834891    821792    769520    719279    763164    763691    777829    845767    838881    768356    759469    802147    793542    747948    776868    845670    821275    755674    729449    811534    803497    766409    770232    828968    828316    774360    805759    804610    746254    727821    750805    766055    787198    767706    772429    770229    799113    745503    762432    793295    727752    752358    785995    774299    816740    767470    761151    806479    791965    761916    802241    757928    792019    803611    746707    785013    774413    763892    753694    744098    784645    823098    798920    809675    798221    811427    764819    794539    818409    781810    749239    808968    775601    808631    801971    755393    845221    804604    770464    757938    724362    757891    795586    774822    796966    765710    746481    755684    780962    764308    797646    784926    829282    775848    758731    772472    787926    817408    823362    753018    748765    751626    760497    755414    809591    786179    754434    794118    747956    731819    724880    763605    853986    800289    817697    829598    776596    728294    738529    773323    770543    785161    769232    775729    761024    735420    800585    725973    721015    754102    798570    801331    778963    736607    799511    770403    814040    784216    810102    752999    794425    789736    784530    759965    802517    842857    757945    760686    747952    769033    762265    738390    787010    821971    801019    774439    836603    773746    759297    793353    767119    800238    759521    783186    746629    842276    781433    778783    816215    809788    791612    783806    779901    858710    772901    834100    774879    769038    781920    763860    784883    747217    824825    813916    793085    752181    805981    792782    767389    790257    737337    767200    764845    840418    819711    715681    758451    757419    747427    855086    776633    776492    758804    741935    816976    787390    718218    728943    771791    793345    789058    751879    800494    790830    791236    813114    765271    780435    772852    744555    772408    803024    747840    815477    748073    818679    779594    776187    773415    793138    758065    737875    764256    764887    809821    839950    741106    843081    759101    740069    713469    773529    736460    812092    769776    779158    763516    825481    771749    793245    747211    809768    804183    759557    804294    781380    753896
    741233    739888    739174    725424    697841    746923    751217    746594    717468    731784    681619    737358    681507    717198    769563    729903    749901    724601    703872    681020    711255    739704    750522    737669    723298    697126    674130    744510    706413    701518    704059    719207    757466    721187    691031    704593    734559    715717    724709    776506    748531    723413    767794    763285    779425    712197    696332    729540    659277    721990    770291    794613    709894    708862    755209    755318    702843    723269    765800    738642    718439    683008    737039    737474    680112    766691    768057    774597    716635    714938    722436    702585    688770    667276    698899    726970    745493    705339    716115    752964    706684    687919    739852    691140    714625    721973    794964    742748    711841    677501    761387    754147    691039    746328    713814    737298    736202    691518    758869    733193    716889    698585    677744    736337    743548    736297    722823    758000    737358    674709    739060    757365    758297    695610    763215    717542    753628    755840    712509    782299    757967    725378    699771    673776    750409    722581    725628    728068    713782    691319    712819    730590    721747    729221    729576    790577    753108    715832    735429    730258    749914    747820    732824    705703    707068    682717    725438    760916    735772    722642    735372    722765    693042    691413    668916    764720    739278    749710    773260    725082    707924    697601    732938    694509    692066    731369    744970    686532    687063    736269    656434    680198    712721    730073    757928    719522    675962    715725    717928    757879    761756    737938    752496    748887    738934    696083    721781    735454    771442    750855    725616    692269    731067    698673    696600    736121    746357    742073    737399    766427    735539    707002    703449    725445    759876    721840    728616    674445    772204    731946    734652    757316    762494    728505    689425    748618    792110    735496    766361    769939    721268    730124    714283    735693    690426    758924    757344    721298    744887    721450    727638    696094    708267    679893    674167    753077    764618    787784    683453    699743    675511    689240    753929    729479    741373    718871    699983    751539    751392    707663    675806    750924    760412    735923    712452    717431    771168    743024    703549    714044    746040    701428    723037    736297    764092    699285    759223    711838    736739    702560    729205    725743    716600    677548    693338    705802    719912    724238    774531    670652    771630    696654    668211    684874    691757    698076    727672    712725    718590    707580    750796    731425    727923    700819    753321    742125    728106    727637    720763    701661
    797366    775184    775575    780643    748284    785630    787651    833960    754958    777587    696583    794230    767830    740738    778682    775860    795495    750491    744034    782923    773702    805927    801453    747796    782194    750156    751882    788817    734840    729673    749818    760742    764756    796474    764005    775878    789897    773464    766965    828884    791509    771199    800069    832310    867503    759263    762556    777212    737930    757530    842227    801173    729598    759428    810230    790226    754909    778771    827689    812504    783292    701989    786722    823821    739788    779059    799100    820167    777801    771246    825392    740170    701116    718902    762083    770541    815830    766558    771123    778441    745599    748665    797129    762580    771590    778094    791608    805840    735677    732256    828918    803033    773239    793901    741854    768246    813013    738514    783798    780751    780019    753724    740034    806506    837277    763516    806158    793873    789038    760398    793131    814296    758219    754793    828916    773108    801955    730484    758372    813503    827555    746885    739947    757580    773137    791334    775473    758223    753318    764829    774111    789005    777430    791268    752404    841008    805067    772667    792790    787644    791615    795841    744874    770096    744116    730634    758650    829154    808181    754767    771588    748874    730331    707257    746747    797128    805234    807541    799691    790264    792198    743890    755754    780512    756150    793462    789793    750828    748653    800960    702701    747855    738654    771271    805572    760208    742921    782526    763348    798840    770757    815518    774577    786835    762591    732375    769434    788808    810056    782951    781108    743452    762918    709654    717909    798461    795848    815376    762288    821387    774194    791524    761715    777683    774531    766165    779995    736726    839006    783195    754847    795911    784102    797809    744267    769993    806166    777076    826683    812623    761593    779812    724914    761155    763707    773844    768581    779790    751420    756134    764252    753997    780837    716836    774967    760959    808838    845729    719873    783781    738923    755533    798501    763914    778680    756589    740745    787418    774851    739350    701687    778870    767084    791424    760735    779098    824741    777938    764955    745793    746715    797028    749434    797985    792739    761702    779571    755705    791777    764499    783516    768585    769532    706637    719022    744621    738214    802779    808851    751945    798579    734359    719940    744549    728356    761283    769791    776741    759071    746253    799107    788941    763817    755105    786437    786008    771375    789839    806928    754623
    746712    749898    782896    765489    735231    780476    737584    780766    742099    730304    670009    799351    746021    744140    780411    745898    759690    758854    732731    722098    735953    784827    774731    766110    795329    730372    714006    761877    737345    743254    733641    706060    756178    788055    714483    753611    739233    781779    765535    806209    763190    751129    791850    807667    827192    773131    707860    776627    724577    696334    818875    810942    732664    731949    808298    785307    726518    758826    819391    751520    757478    699441    782269    799410    721129    774812    782905    821930    757777    784875    757110    764037    717006    716575    760305    758035    783621    747703    743066    753751    770552    709358    773631    740435    768251    779563    776938    798981    740690    724734    802320    799351    751327    769188    748894    750702    785033    725278    757695    765716    715906    741674    735364    781969    786523    768426    766345    749107    794510    747016    759258    808804    731167    738617    759104    746819    792998    758351    742264    786404    767084    739472    730622    741433    754491    753701    735244    729501    715648    750834    753138    785401    770455    763254    743439    810885    745088    761361    742940    757253    780858    765138    748310    739548    729798    732272    766695    778099    759657    727842    754521    732597    741167    721121    753155    785701    768851    786808    786843    759965    748941    731088    761425    739283    748720    757671    788078    743414    708056    767105    709849    716563    735871    801604    772537    762221    714036    790953    736032    791035    738470    811069    732427    779392    746185    757048    763297    762494    804292    774570    750795    728113    728740    740536    705898    746723    791058    777368    733481    790207    750852    771330    753714    723845    750969    766429    753990    699285    793885    750867    752702    796004    775562    775770    734095    754653    807305    733174    801541    787829    745577    747652    753106    729968    730977    760444    756172    794058    744516    759066    739964    723010    739311    709708    727535    729250    779840    830349    709345    730526    725943    697742    808518    763023    773253    735412    718422    801627    752961    709335    721645    753099    751199    781770    758493    768335    774710    728670    741192    705312    746510    758827    753646    757885    777203    711616    755604    732681    761921    749219    752569    734653    742871    724209    712066    748642    760328    762360    793523    748309    817036    708163    711873    719846    724191    713348    762997    749842    770956    727840    766032    777722    738791    721131    789114    789201    765739    765879    780421    717469
    725800    733045    726928    765853    709986    737921    708311    790411    740960    734501    691607    746955    714820    732002    756512    746280    730007    716321    737000    748377    751020    761252    741124    742756    743601    713103    707187    741956    732004    701301    726237    734265    745234    721966    677740    749821    732443    735287    722500    744909    713569    745812    765308    763635    809503    715369    734337    727884    679346    725464    797884    792265    713568    712951    759908    761409    694932    746913    784892    791124    702507    696341    742105    756612    715897    716745    752527    783110    725577    748519    743425    701066    710880    714773    740220    733087    739573    734377    704109    739556    719936    725527    778822    718506    694896    764123    745832    756808    718280    697681    784840    771468    724445    747174    727143    747295    737181    724944    729049    713249    703074    739806    693437    777770    763521    769102    732394    762500    754036    717933    720237    756513    726190    726980    740877    717608    773568    740988    714262    775377    747519    699204    697352    683687    751480    742107    720815    748807    738232    728108    715161    751610    740423    746643    688030    753416    724990    716540    741579    745573    761506    758959    747702    692191    723239    729213    742502    760379    736908    714887    751408    733608    691079    697123    721179    737923    734050    770728    802229    726661    706664    737440    746630    765645    707381    732792    748820    701941    666860    751915    691181    711959    701982    772644    753073    738863    709225    762284    727512    772669    747896    758358    716393    720938    730677    723405    740951    736290    783919    723752    716707    715668    747509    697807    697457    740863    783734    761458    746089    772530    748282    756710    743542    718986    727356    734060    743683    680764    795204    753249    716747    744761    770524    758086    696563    766632    776599    744212    799331    734531    736117    719298    737068    716245    715931    753647    743569    757637    715977    728517    744557    703876    742560    676893    715537    739756    767418    777381    707470    718444    675242    719122    753094    744746    768068    730174    679572    757767    712393    730752    652804    739941    742603    774836    715794    757296    738866    753479    722357    699033    721156    739535    738281    755288    768976    707558    752487    742174    741968    723440    733908    741362    744617    722074    700689    726721    731344    756639    760526    697677    767986    702128    705805    682807    686179    679517    731387    719196    728821    685237    789361    755028    750132    715408    763423    746755    710322    737545    765133    741932
    809802    790619    817530    806574    763539    788261    803423    785069    739213    790341    710206    791617    762871    794029    799287    754356    770726    786382    757889    756203    787182    827618    818232    776364    793052    750205    741977    819715    756777    770622    768947    777048    781987    774308    756833    747279    779175    779049    761837    815231    807916    787706    808332    842318    850432    779791    761665    788768    750158    773255    826691    820199    761282    756944    836387    801152    774467    782653    863967    806249    766899    724407    825930    790408    743595    776863    809876    857084    748526    779440    789479    754790    709632    712748    748406    770670    789577    745846    764612    805353    768259    740287    799441    764792    796656    802786    809098    790505    762524    750924    810574    798765    786551    795039    743498    776771    808876    749514    814244    761961    781954    765542    729372    781787    806432    790463    787621    795663    821294    758305    776364    806603    778478    737395    807638    763700    794509    749612    776301    819939    816978    778392    754665    735032    756483    787847    765064    786024    785683    770469    761608    790025    785213    824398    792065    845197    784253    750306    811447    769357    789084    777313    792040    755164    775318    749686    763415    836280    800951    749609    795256    770897    739730    751072    745142    853577    798029    833410    802090    801098    753841    750282    786262    787265    779469    789690    808008    732885    711987    785900    736145    750436    748757    799889    796282    754434    742326    796889    773838    799654    783233    796308    786410    789590    779913    759097    781260    777959    839291    782882    774815    745547    771034    764188    768280    820443    806610    801003    768763    820083    773533    789939    782502    755124    799412    790258    792787    748687    841778    782080    784796    783185    804939    790350    742140    817780    840664    799705    831249    802076    798245    788389    778811    757260    758718    802769    799289    784569    749773    765290    795087    755889    780677    736500    753673    777657    817026    870022    735884    744100    712343    761580    827607    769059    795517    789384    716627    820951    742454    767257    746612    775315    791715    792242    767265    761187    805882    776746    796750    768887    766328    779327    742234    779535    806321    757698    768044    761250    798029    791658    775226    754853    771123    751879    771235    758764    771905    791230    808353    758586    841978    735333    753337    723125    740689    743418    801728    762963    754874    734195    788710    780777    803540    749377    790046    788668    771640    779128    811768    767605
    777305    806619    804051    778932    770391    791563    782634    807876    775051    795004    719327    800766    797066    779701    809939    785708    791143    775942    763166    772955    776904    863731    837318    800060    801709    783312    785337    789520    771111    786180    775135    785843    790721    789108    781032    765752    803591    801243    768316    836040    823895    777554    823079    818145    869241    781461    767528    808375    747657    779755    852162    839739    770966    761388    847940    846532    752926    795972    831132    819950    784095    737805    797140    813580    776657    776514    823848    857816    794127    798810    782553    764236    764852    763853    770483    786874    804682    767686    795157    816527    774493    768291    810293    769646    787071    804111    832273    791477    772439    754622    804002    836993    791535    793929    773850    807726    820287    750392    801265    785143    780121    763883    762817    836328    857334    793218    805811    788211    788797    761651    790447    829080    810423    754058    825069    767322    828867    778976    783273    834458    845711    785117    780324    756620    840455    809939    769861    806994    769556    756302    789034    767656    803094    782918    769892    829429    796093    767843    794894    786128    800019    806673    784550    761718    785412    775852    775496    850860    811321    773166    798208    798050    731287    754754    758234    832729    821554    869837    818087    775262    777570    797331    809543    776977    792988    778544    827345    779618    718728    815004    748526    712015    766539    796612    805244    817789    785431    799337    789191    822636    791764    838223    775645    795926    800842    783402    828517    825049    822802    788414    808215    754313    770949    766570    751369    801004    810001    813112    792598    819058    761701    799097    784160    780086    805435    767869    787555    763629    843738    778184    787023    824599    810156    819401    759377    792870    862171    762234    855688    803507    786450    816169    806011    785092    767625    818629    840159    829272    782258    795895    799680    744673    798520    730761    755629    786839    840559    866342    711047    744513    732199    791412    814545    808388    785519    809585    774902    852863    782569    739467    760082    820081    790215    805568    778737    820987    845356    837240    788167    774216    786639    785777    781705    793311    825174    772358    812029    787128    829494    775407    789818    780329    817050    709925    738956    781691    798659    794152    811822    749961    829622    757462    762849    753883    726828    766941    791817    771009    768753    786007    825946    793773    786565    781033    792583    819053    786838    790099    807705    774821
    793089    760546    763532    760746    737187    761589    753551    794553    739587    753238    701351    744801    767030    720574    762042    716406    757506    718107    734150    758051    744008    789776    785917    753967    797529    728125    744390    766334    730121    749434    752294    724213    743295    797220    744785    761941    754480    767683    758118    795229    778188    761153    773341    806026    797683    755003    713939    782438    708513    737325    794431    781509    730797    719987    800774    778251    726839    751734    792656    784201    740990    678186    783919    772706    735425    766265    782234    812767    746830    770147    733742    727077    703359    711771    748031    780263    784201    726145    732609    810292    736758    733054    806224    742243    742273    792096    808140    780367    703561    730848    773402    771196    770789    826860    739811    750173    774539    726389    760483    754866    729987    753056    733505    766502    809631    771235    781377    765012    736051    714134    784287    772578    729699    736618    794871    723083    789314    721261    731512    803860    767715    712817    711377    725236    745349    769279    710404    778426    725238    752835    745782    786594    757779    735534    766403    807007    758728    705898    751196    752740    762710    778985    742514    742757    697727    717272    759454    784269    781115    742997    747198    732416    750211    720773    734972    807562    808096    814621    796768    744212    726688    739519    773096    762526    760868    777174    772388    731352    679912    796482    734269    704927    738404    764737    773228    731607    720690    776823    763924    766655    772957    796718    746056    774057    746614    744577    762313    754509    795355    769616    742388    702276    749494    711841    731676    756922    797589    731170    743714    798371    757971    779877    756186    726252    778202    724063    776460    715479    804920    747635    699133    789832    751836    766127    734678    752792    780899    773062    805348    753760    759403    780420    729424    757639    741481    767388    756665    782834    724089    771326    739325    697044    781200    721771    743879    739155    810894    804914    713992    719586    711243    745235    798562    770746    755518    765871    727638    804304    742008    741535    694299    769224    775319    787442    757948    762112    775284    770853    729134    738487    774276    789954    740255    760049    798502    745626    773196    731624    752683    726475    761571    733208    761834    703966    730199    716869    725140    761593    786450    715554    790457    729185    717357    718292    741695    727800    765795    746021    747249    709114    797238    740479    757866    755093    755568    752192    732036    774434    744482    728638
    713176    738304    735665    737722    719334    755661    731782    759954    710645    724509    664551    727178    708026    701128    732844    689988    699785    724055    715443    708349    706847    741389    703763    724622    758613    705347    673124    719027    718303    715557    695204    689155    730561    721533    684078    704525    724889    755394    732093    735912    757757    702144    744930    755792    755626    712966    679195    715086    686265    702289    760497    764447    678396    666707    750793    753552    671415    705114    732948    746111    697617    689576    741051    727716    700184    735411    741387    766406    711493    728371    713830    703437    667673    717638    700389    706991    716436    681187    724779    749928    694340    697566    757017    671784    720076    737747    760817    770022    684186    656356    756722    740330    720962    729957    727313    712802    750982    668270    708697    707609    685668    698880    680228    753608    779632    724532    735065    733176    738196    685317    736006    732088    704507    695314    730188    678388    757813    725689    673293    744761    749232    684040    682579    691766    688834    739372    676229    743070    701084    686251    723869    735050    707511    727041    708089    763244    700215    704175    697919    704567    728310    731443    710235    682321    676160    706267    722193    716147    739730    666834    709886    735393    689583    682106    710122    735337    723595    749173    759466    702489    704468    725750    725427    707800    704395    727361    717396    701953    666046    711941    680287    703615    694765    735780    746439    733176    703782    706741    678740    738109    733216    734381    694492    726663    727377    710180    716867    754839    758669    729653    716084    707257    691866    685162    710111    711519    746392    746313    699583    736430    710696    718081    732526    701478    762034    702165    746680    682885    785548    727673    711215    743920    751019    731531    720538    725490    760786    690883    733288    745045    715902    734473    731053    719430    679269    710917    710045    747377    681684    734679    738208    674825    717680    666017    704288    720139    753105    762735    659636    704050    686446    690335    757723    714307    738513    734760    683790    761178    708957    680142    653900    758288    725922    746502    715118    731136    747774    746583    707002    700545    735041    720817    713358    725992    741514    687208    735706    690726    692610    727088    719424    690082    705593    678040    675268    697444    697277    721728    760551    669388    772742    693402    686913    671413    686942    685832    730528    701294    690373    665971    764558    706203    718792    734212    730150    736635    725349    722888    722864    720080
    787224    778458    798221    792778    745732    776120    754084    821434    735339    772632    717024    775824    745997    760186    763168    727086    816596    765260    751860    752442    755373    809742    778372    764345    786863    764175    712226    778748    749999    769813    736571    745636    763168    783756    735355    764976    780578    763763    739202    830529    778744    781037    809983    810249    826429    770439    741795    774036    712940    750436    814968    809861    758990    717086    816612    787034    713276    784901    809587    815700    732993    700077    798745    785845    754663    765532    783215    824395    776058    772481    776057    769927    725261    717286    755981    741361    774165    756056    787912    802361    770975    755438    774020    747283    789596    803407    789417    794376    750677    721170    821204    815577    767569    778263    759798    774191    762107    726458    777982    745667    728470    771253    761519    795011    830457    790265    793478    776585    782591    754326    788499    791323    730205    743442    809236    751102    786833    776818    758251    775768    783946    762869    722296    746287    756647    791593    713139    773258    732724    748592    774684    799624    747658    787357    734865    834774    778746    749378    805887    770911    794136    801983    781053    767018    723100    718490    780128    790428    787842    744227    754895    754965    760683    716359    755453    826607    766234    815285    779825    773868    723034    729205    774139    776686    736658    771465    783630    749081    700240    796028    711067    723986    736441    811120    779997    768258    723075    783443    740527    799752    763387    808955    766559    781258    781354    784443    777698    790169    794128    800662    782816    732013    770673    714672    706225    794423    814305    763155    759241    810075    748229    785317    769584    747830    802487    760434    795761    711499    808729    744273    759142    795935    786829    793437    730712    761538    811557    746127    820301    786214    747370    780542    774171    749892    750542    769612    784751    783940    755536    801443    776020    740904    773335    693762    730728    753665    804363    834704    724296    752675    714015    748100    816513    766166    781895    764217    749477    824647    755943    754007    733665    783922    782810    780121    773221    789248    789010    807589    732643    731556    783008    785508    752611    797472    783818    726987    787450    755237    780636    770106    747609    749712    791439    711476    740793    726123    748342    764187    805738    723375    838306    713550    743432    718535    729012    737364    754125    746543    763160    711272    794009    756204    753522    724934    799321    794351    756594    771809    768482    760960
    741841    779757    755099    781793    747467    761272    765824    792014    732951    745884    693400    760375    750244    737279    766138    744840    760008    736199    751968    756738    740648    787801    780572    750822    759936    727688    696869    772068    737419    733360    754360    752502    757492    758938    739938    755105    775941    782794    780787    805505    766923    759542    773865    808489    826795    737472    736378    772740    689143    754824    796575    789455    730596    715591    798584    763270    740876    755313    815521    760714    752083    700853    796009    770945    726677    758125    767045    805250    737651    746714    754077    734062    706632    732840    741971    742467    762691    741263    750212    789688    749359    724932    759484    718827    757727    783199    784698    800635    740685    727185    785308    770684    776902    771813    737290    726478    764177    725071    754941    745057    740311    771452    712137    782534    818318    778984    775423    783463    779101    736981    738165    786343    743137    733252    759236    743303    760841    752280    727962    815477    764915    723916    739948    705076    763086    758137    762916    763175    725956    723323    745723    773136    730612    747979    766931    828304    763485    751600    784163    767027    796559    795538    775221    751050    737507    712676    767192    770255    775287    750729    738703    749295    745867    739331    752704    806311    779724    789131    791091    760949    747689    722347    773087    726815    733688    746108    775693    736581    686145    799603    719588    718572    741243    782467    774397    775747    730748    760560    730601    765500    762144    801018    738845    761481    741611    767657    736028    776451    799354    780845    755327    709913    745536    727506    729724    779607    795352    771520    736692    820272    740059    756953    744930    716621    783558    775107    769145    721168    804653    769317    733043    798421    744465    766422    705755    779438    821329    764644    774621    781867    737579    777111    733933    747973    744166    784920    764614    769518    735806    761342    730101    719591    770373    728354    719407    749246    808627    798275    695862    718435    677979    756331    822791    789198    767201    743481    743154    764177    768914    710690    678278    761357    767327    760073    739975    784797    762319    760587    757322    721985    777910    746368    737255    778653    779012    720974    769298    747786    751242    745728    756718    760825    740001    707331    733259    692827    738916    755885    812983    732438    799786    713988    725085    726680    725720    727425    763813    744712    761334    731873    775829    744324    762788    745205    739973    757493    779686    751382    767648    717093
    808605    802778    817963    807049    784900    806096    813399    842053    782850    786673    757637    820300    810677    795888    798833    804818    802549    769461    812081    785093    798816    830518    832083    815042    814644    771991    757331    832726    807361    790363    804358    793223    822671    811331    758801    776601    809218    837674    810340    853305    814225    817991    854369    856691    862547    800302    774342    800606    772321    784968    878123    860185    785848    807543    844651    833755    777027    814694    855223    812831    786112    749577    825734    804511    786591    791832    848964    846635    769660    813402    800331    766846    764592    754488    785566    768090    819547    797865    821678    805913    795863    767623    841943    792772    798530    815846    823918    813516    783196    752160    837549    809152    800015    834650    758442    800759    823237    739351    818990    802454    790186    792823    765804    839638    833533    801514    836044    797466    811054    775473    830513    839737    800175    779542    835491    776402    810947    771262    784354    843639    848459    756843    787631    761892    810413    794627    767273    791431    760592    755145    787965    821979    803166    817099    791811    849552    840767    800022    821080    811462    821708    794499    787244    786217    772352    760764    795428    797736    831882    791362    802428    789728    803038    779143    775624    869114    825073    829319    849781    785551    784628    786097    784429    795262    764222    820234    812229    790006    756083    822483    768231    765542    806100    838591    817669    796178    765412    800354    790579    837682    812068    819204    761171    820302    791262    773152    823755    792870    848376    827787    792507    765419    767579    784649    761716    829941    813379    815989    774082    835920    785672    808656    793490    802235    855290    788656    814773    744194    861122    790500    774519    817990    820782    835844    778757    827765    864483    808459    840324    831954    811214    790690    784345    799566    783168    805656    818003    830663    795525    819858    795660    753592    830906    730502    794923    795136    840199    860380    763603    804124    772002    771662    846132    814094    804558    806801    765142    861705    809366    765097    748727    834715    819278    828048    775370    815703    845665    817014    796024    779100    794682    816240    798380    803984    826053    776198    807731    758466    808512    772026    788582    780652    803496    758871    753011    785213    786997    847853    847807    786916    862836    787998    779687    758533    771128    752104    809038    789029    776821    767469    848312    802793    820963    800794    819095    804922    767322    797490    820350    771515
    767490    752873    787666    772078    737552    780150    760846    781265    756332    777952    724459    755544    754503    743527    786809    767977    762774    734458    708926    753824    749795    782574    768021    738868    787681    747921    723668    785003    760100    748453    747195    724373    777416    756297    731799    749742    771227    765175    755438    812326    772019    782587    812104    836798    820850    727361    745483    754194    760447    750392    812234    797569    756048    743543    791427    800567    703948    751451    824804    808775    723251    703341    765581    774616    740975    740865    765615    820711    741449    767941    767863    731365    699091    719707    760054    773609    760485    744111    745316    758398    721955    719992    811306    712863    754900    788024    796336    764919    748208    751198    800869    799274    745531    793798    713603    736047    794317    705928    772535    736805    741378    741612    717706    786827    785905    761826    776160    771650    758848    725558    765199    809743    768500    726426    756443    754403    756042    769432    737835    791757    768978    727246    714752    718079    773355    764033    741534    725529    741387    747266    753373    754862    729453    770367    752526    762143    733968    735974    755425    767152    771672    785779    750540    735811    713226    729618    775528    791813    768782    729483    771208    743167    715612    711579    743598    785212    775936    807892    802389    762080    710322    761757    756089    740338    749754    784186    753549    722469    713825    795827    724516    703316    749992    773792    777231    776750    706642    768487    762825    772451    792811    809014    754239    756634    728733    728485    741235    753452    793806    778656    711301    739753    736976    693624    688261    730686    770105    770967    749570    829741    751619    769593    758277    772946    781775    753062    755185    711845    798222    760239    721971    772690    807713    784194    733330    759921    799880    736997    796948    751097    744126    775144    743595    746993    731179    781758    757695    770720    745673    767324    750116    719986    753440    696984    744284    754704    802284    823103    679714    735858    710219    716279    797983    741936    786294    757624    722398    786209    751378    725294    725281    749098    754856    766571    735069    779082    776145    769362    736584    725203    752996    741189    750290    759018    800822    741092    756804    760724    774037    756759    758854    745312    729652    714045    700951    746645    744029    775841    773237    715651    831675    744321    744454    713233    745260    720555    789876    723287    760434    719161    816861    781263    781558    721015    779289    795159    759657    747891    766970    734940
    738988    769985    766405    769245    718062    772999    723450    816248    739313    742395    662322    758281    732174    749867    771711    713294    746923    736276    722057    720357    744205    801585    743918    736326    778438    737385    705911    775326    739672    738499    712927    741464    779727    753132    693514    739227    765688    757817    734949    800545    774561    748721    766972    779572    805515    745031    732124    767558    699451    747376    790073    801014    696707    721180    771405    795790    694433    750887    803828    787258    723574    685159    747098    774696    733040    749715    749818    815484    703000    766112    771574    734430    703298    690342    733557    723230    778927    719441    719166    762737    750263    731889    770070    722892    746076    770570    783212    761943    668881    684159    780576    788935    745222    743764    747974    735801    772143    713713    737881    733829    765858    719397    698471    782116    785701    755255    766355    764112    752812    696487    744497    774590    759442    744032    759929    749435    758197    750947    741251    748777    764357    730997    700209    728370    753412    769251    718113    746693    761779    707268    727565    765586    739165    745546    734136    778982    752639    749632    765630    745452    758426    759389    750318    738596    705307    709597    769042    762745    756866    701234    749967    740269    691456    707446    730821    802056    791496    795711    790923    754923    747478    740241    766611    713751    726042    767188    749670    720156    716169    735793    707178    686165    715745    761055    741585    736998    720949    740662    710845    746984    766675    798282    732879    753796    749569    734645    750221    766941    768022    771243    725484    704273    696385    721543    672901    765694    757964    750273    738502    798688    755820    762991    757867    719163    750649    735797    760777    682052    801723    768655    703835    779148    781979    749643    721494    727040    774814    730762    784916    761909    705996    757205    756039    722105    725539    756213    751499    777486    724079    748902    740538    697668    732222    674542    722839    752234    782697    796080    671271    712050    703744    716992    760626    744164    749841    742274    705866    768627    726417    719248    677054    744554    737669    768224    747559    746373    759421    742255    718550    730709    736523    759648    748400    747714    775781    724593    752095    744284    746546    724363    716223    729094    723045    702867    698069    718927    723903    757662    771793    683799    782520    696988    741095    711939    685609    714242    752290    715677    747368    736217    771771    757222    750578    739857    727317    746635    756918    754377    750610    694573
    752740    779735    758669    771823    740413    750545    734017    795618    740048    723902    682705    773549    707619    734774    771130    740098    745143    732512    743879    738920    769764    772860    788612    756546    763385    733641    753163    768254    733447    726229    759725    737933    766180    756083    721541    728717    755276    780742    722645    785017    763594    774666    800097    817254    832104    745492    703334    735036    717423    756219    800389    816885    749735    745616    807376    792562    743150    753508    808151    774471    738302    699061    758814    740803    726022    755585    782916    825716    736778    766537    767027    724380    705023    685318    730620    732252    754255    709485    725546    774103    739766    720137    787655    738042    729581    755266    769546    749387    727557    719502    798346    774239    725764    771744    724730    764933    779475    719330    766922    751801    745717    724536    708780    781885    760781    763457    770336    765840    775607    699541    761762    786926    750221    762740    751398    742647    781717    763395    717375    794655    781116    722337    715719    718063    747859    772878    740029    757478    734863    744878    727880    764934    753639    767171    763146    797669    765290    758194    776861    721951    762557    783071    734036    760750    749029    720138    746019    776852    794319    730594    759041    746570    715456    704429    714073    783081    780859    796987    790756    743736    733677    728036    751582    718518    751924    745570    767682    732009    668248    769538    684691    724683    737171    742089    780762    757637    715469    769265    754006    754403    778416    787831    773011    776101    729125    740722    768696    735790    846781    769503    739646    727581    761273    719138    714453    756191    777449    777286    762961    795304    769499    788579    723588    770113    779269    730087    782887    730649    804079    769514    738766    806337    782355    751557    736098    744485    800397    749576    810941    774802    743098    766727    749496    742272    718320    761139    780450    776736    748828    741303    761082    719922    723833    684101    726124    762614    786946    819680    702873    726782    682626    685137    796516    742172    771569    744762    713217    787886    747385    717427    690332    763193    754742    749356    745642    781351    791547    746572    763864    732307    745704    747698    756523    774345    762532    714862    786594    732780    771311    758115    739481    743460    770418    709686    698857    717680    723887    775868    786779    705370    795981    700705    722192    717219    728629    722329    753260    746574    753010    722832    796540    764325    751841    738984    767812    784956    755422    750482    770506    723101
    711288    716041    734918    745558    713400    731621    746786    743375    696690    718951    660573    718584    697971    712677    728499    702370    712290    676382    682799    698286    687058    749350    741888    741268    715847    694715    686706    714728    710663    704132    681712    691045    738100    734236    706196    713174    725704    729127    716292    758590    742162    724489    738717    751686    764644    709290    697345    740327    704309    723925    764804    741372    696453    714463    762981    714238    689976    735131    752657    734914    689446    705279    743442    746197    687636    743840    783244    778926    696520    709800    710459    668365    704503    654452    712759    695061    724833    690297    715051    730645    681857    716227    738202    661039    720549    724129    743903    732935    692444    661213    758064    713200    729299    738179    667457    733725    720114    706467    714882    718578    703295    711505    654404    733103    744821    713640    709205    726570    723194    670547    740620    744077    730177    696156    716786    682100    747748    718153    668820    768669    734816    685945    686996    700946    717516    724138    681422    737838    673692    708256    755330    699680    703850    730448    730532    772180    720003    699796    715752    709320    722879    740215    707334    661328    679535    673023    698550    735730    731296    693244    703379    711504    691882    676256    709096    779724    723495    770279    712028    707284    686087    709816    739461    706534    711858    715089    734227    701193    666145    745517    689080    689393    729127    723715    758118    727884    677906    738708    711699    721289    726800    762300    698328    685584    719703    711080    706061    724937    750759    728929    728549    676886    702884    682315    697973    724374    716814    725000    682426    774377    703474    726899    703197    692839    730274    719752    711349    680444    761649    699090    708933    758167    731750    716680    677908    716958    749556    732845    752620    741713    726193    718393    693486    741694    686466    724026    704576    730039    688877    726052    724082    698198    698541    678467    654427    710904    754953    793802    643972    720262    691226    680943    734928    716775    728013    715128    694954    747190    712032    685415    665297    725640    716532    704187    689246    745310    741039    750092    690732    688552    756401    707475    707292    719538    748461    699409    718800    701937    709599    720694    732360    695978    718879    693556    704239    695300    689156    728483    773368    711393    774518    699907    652484    688225    691999    685779    702166    729514    714549    685679    775053    721475    702650    692684    713159    727844    712519    713838    713510    712174
    708152    688635    706664    708713    672260    737808    685872    723531    682355    677740    630195    717317    670178    657009    710712    661198    708879    669822    691273    668119    674482    738087    706564    708145    713489    683976    648277    692096    648654    668972    673901    682871    673993    677620    674556    668104    694379    712389    690026    744581    685107    693675    732730    740145    706742    695050    661817    691776    700489    664746    741345    738522    679855    663596    750260    691954    683414    703097    744875    688970    701515    653228    689412    750798    676173    693273    715485    751527    645699    679874    709240    677169    651359    658848    683787    691838    715292    681733    707443    707484    667289    671539    696825    651129    703648    734996    701034    711829    667621    669479    713718    733354    662794    695379    671033    708558    725559    676878    679820    680829    691989    681235    651577    710689    717430    720143    716891    706872    712862    657901    697147    716862    678598    687980    679764    679204    716022    695801    676816    715106    719625    657648    681082    675749    714354    720629    672356    665606    687472    718608    685805    705355    696520    706797    675656    735980    678350    667836    693913    701569    705507    707663    699213    640436    683300    679951    671142    677236    719871    682312    679999    669033    667667    651439    672968    742685    732928    731976    714287    697528    652839    678168    683160    676584    699200    715959    712691    662015    634431    735759    660884    605888    702808    714939    674852    711987    658836    706152    693009    714503    681872    726586    697958    701056    693618    683703    674205    672965    736595    706273    685445    648500    684409    642979    635489    694992    723971    703382    690308    739271    684066    720387    687388    690982    687251    684679    669393    636804    733555    710638    668920    714886    688163    699402    677881    687938    755808    674067    716962    698735    654201    684814    660323    691543    670686    711009    697161    730830    704270    687342    660874    659108    686411    646021    660609    690376    730660    754942    643338    683861    656923    678475    746979    692639    699315    663142    641751    724147    696612    661306    650111    689977    694197    711942    662375    705229    715365    691251    660084    649077    680524    699723    671689    685258    721136    680337    699683    679190    704932    683391    698793    683761    664988    658203    657144    683018    665317    691008    716337    661525    737134    670641    669933    660917    636368    676872    689663    654227    684919    653395    723436    728234    679283    639746    699213    712757    691967    684489    703684    645690
    719608    722070    739391    726865    708231    702940    713664    758152    677989    721350    658652    720924    700660    677260    721276    667672    703765    693212    678014    696765    723840    747494    746823    691482    732957    708205    679855    708459    703848    705178    685622    684649    692857    713579    693907    702870    741940    733850    668259    747922    719899    711840    743567    771764    767321    710791    667407    717165    674243    702291    767317    748561    672651    678551    754635    732876    668855    708685    745970    726348    701648    674059    714917    720896    681129    708274    735975    776435    705645    707319    682016    723248    639562    686500    683625    706696    711082    682396    707975    710722    683799    693866    732740    666934    709909    724298    742855    740271    681081    682481    718268    751457    730165    739575    684637    728784    748087    676960    742842    705713    705386    680136    671651    729338    779561    733218    706892    735146    734728    674230    717525    749806    687338    673433    701331    716563    739714    725259    691097    750137    706829    718990    666114    691166    710550    714426    695458    705471    685399    680170    714976    708951    680768    710497    703405    752338    697255    697049    698326    698895    715011    751022    703408    694345    678609    699367    714904    734795    692857    696384    708627    693642    667983    670773    694054    748474    744586    735857    738796    691235    690962    672002    710625    716849    709938    726299    744826    688198    647397    730801    660823    653475    675956    717358    768704    686797    701627    722431    687345    717602    694906    751043    724482    700389    702756    677450    693671    724306    738027    712388    712703    695720    702735    643879    698282    708892    762557    707620    699747    777034    717432    734122    701451    695447    735517    697123    707487    677023    745154    720973    688327    743257    708490    701333    682911    709590    753638    724147    734265    728156    693437    731662    686770    718639    702424    721029    731732    733272    682596    715371    702399    704842    680391    670520    687781    697063    745257    756250    655611    688537    674026    704546    751890    663939    728672    721862    649485    761310    726984    660387    644113    699262    699384    717516    717764    727143    768433    735583    729152    688604    699224    718828    700787    714685    740877    685331    677938    676328    711695    723282    689157    705786    713246    636199    675702    679462    708988    722508    728268    683350    756334    677566    672571    665656    667830    689161    716256    684620    711981    673493    731175    730713    695993    695914    726341    725570    692804    719033    691923    689352
    761565    774417    773515    759261    718953    768343    758512    774345    737618    759764    677417    779913    764742    766882    774033    732612    753951    754400    741797    751923    754705    791867    765527    779321    759972    741870    720006    774789    729017    753120    731964    743331    771112    753556    730052    741786    746792    782796    714950    795707    753537    744777    805774    800155    803216    757163    741950    780300    718909    752221    798445    824047    725403    728461    771083    796254    742040    755956    829467    765671    745417    698776    773450    785981    755619    757334    809648    810270    730302    763125    766966    715082    710632    719406    732468    725286    762339    750278    737922    769480    736865    760236    787278    722019    736864    766527    768254    792243    702082    712128    795105    763766    787066    767655    723729    749628    775239    735848    787299    762321    761172    748035    707204    779539    816441    769023    750664    769379    776360    741191    750425    810130    759878    763746    800893    750911    795932    771120    745400    796117    799453    742536    738476    720761    759674    772692    708413    748229    758173    741142    731139    773438    746080    730858    756673    796992    747258    736492    764421    749875    761090    761620    748033    723677    731092    719159    770020    794249    775084    718610    739077    734663    733486    750655    730371    823071    782327    815254    776443    745600    724664    707357    766086    759586    717851    743652    730981    742571    703650    773545    708909    704367    735517    757706    761410    766892    729049    766609    731890    759971    776046    769868    751674    797169    748300    721621    766106    762120    774237    752419    728202    691206    761180    715902    699334    751636    791992    759401    754583    793838    728569    758924    744726    746664    776251    771041    756670    711463    833035    739433    731142    762395    789801    758706    735496    746928    802881    735092    799847    807445    751676    785438    748895    743180    735450    778379    771157    786994    768974    776765    748027    716369    753377    702454    728710    751687    791177    813844    706558    752686    727173    731425    792963    764750    775319    750641    716262    778529    750479    714100    682869    761937    768543    748799    748257    781801    794802    768099    749194    753646    745028    750927    756082    760518    765227    711926    747722    749102    746326    767773    743609    782537    778653    711247    706864    710918    751235    758431    811169    739135    799762    718852    717192    717301    747560    704670    742669    768217    740176    734502    785566    759454    770571    743393    779146    754903    758066    767845    769172    721774
    777774    747712    781084    771782    740699    790022    764277    771045    741511    784859    704336    791934    752192    724169    793415    746207    759657    745379    715793    754531    764344    793187    787043    742038    789681    727761    726556    746727    764332    758923    757240    761843    746548    781843    703985    749886    770568    789753    759022    786110    761617    740263    791198    802102    817540    759189    703429    763106    720147    744613    824818    770803    731445    727712    834262    793387    726316    779818    814485    796531    735917    713423    760084    788143    730737    757772    791877    821128    729733    765839    775897    739555    711688    741228    751752    750448    780593    740492    768005    763377    747301    742320    805056    749163    764988    782701    806108    790302    729127    714758    798062    782235    744713    760969    739710    771577    798110    710988    761981    739294    748567    737429    706118    795094    834858    793557    780934    791186    793025    747445    771843    823349    760888    752327    791472    763037    782260    757125    729791    812776    770238    705750    730150    721105    770365    768232    747771    775151    755770    746337    771332    794847    741050    770747    758735    812442    750047    721720    780458    768271    799607    787149    742431    738382    717596    725444    762609    780108    759526    765581    751232    734809    720083    707050    717183    808554    788147    812174    809650    779031    717852    762152    743128    781257    757983    779324    785248    726889    718328    772976    746859    720261    731656    788611    800868    758623    749344    793749    770255    792543    794092    763503    730734    742946    754406    740495    745389    741039    799247    782324    751433    697604    739788    717532    718233    782298    806041    788289    742404    794278    756476    776572    771269    774299    764852    775175    782141    697728    803271    785460    749926    760822    771130    768176    729539    803074    827669    776163    835792    776981    756569    784961    753003    733459    744496    764165    775229    747711    754626    781253    762423    729920    776181    730321    737655    775030    807101    837306    695762    744277    726042    724655    791567    771868    765939    733189    711697    792502    745059    717303    708855    763820    787343    781214    712076    794559    759125    766176    757030    716418    786838    784336    738079    763932    788204    763763    799571    730448    766675    759705    741490    748991    763370    727573    727851    723134    744427    795690    800857    707946    812347    742526    731292    713635    746561    705435    746466    737960    741605    739156    803875    739218    766447    734075    784995    776301    753725    777594    769165    723732
    811828    772112    818309    793214    759894    790891    793423    808563    759002    778766    712958    783839    786893    762242    801162    737742    799759    732170    761103    787432    775058    829630    825657    800571    801918    763556    739252    796342    752413    753459    753258    775627    810052    793801    751568    771021    787614    823225    751205    830581    789708    793713    844328    851398    831078    775495    751128    827231    731888    756818    818442    836820    779868    782080    812125    831803    761989    801510    848144    780507    776301    721311    794968    813361    730416    803849    813358    835572    740518    741000    749924    751821    708703    720566    779952    769711    793990    804041    783463    798572    764378    771974    799458    762361    764213    802597    835077    795644    789226    745176    836443    830413    772066    823614    758933    772206    833455    757177    806202    763718    793965    768904    715175    811592    815717    797454    790811    799757    791969    740134    771208    789818    777228    779513    852718    773928    822610    791988    758109    845549    803482    789577    726151    752158    794296    786290    782610    786170    746480    761364    791800    793586    794985    759642    791063    833971    815454    764237    804562    777054    794252    802188    769503    769345    749641    755249    776265    797136    781791    778028    778454    760782    753702    753507    742738    799858    815457    819571    808561    792440    742131    761868    791951    765066    729043    825715    813879    752983    749691    821919    735154    738965    755375    776728    816041    753923    761886    793218    757633    812150    800690    809386    815666    790669    777269    750532    798608    812477    843582    814487    788683    741156    751851    725856    740313    793083    824063    812031    767129    819969    772952    790618    769639    770860    786197    786873    772755    743556    817969    770772    781176    811938    780573    785392    765159    788268    835267    793928    835829    802023    784547    782420    763312    801855    757303    791199    781591    797708    757869    772198    768226    740003    770114    721117    762305    776050    849092    842887    693306    771512    754733    751349    833502    811512    821232    770529    748547    831970    773400    762971    703929    791471    781805    807139    784331    811148    795956    787872    769614    745129    786536    806619    788080    763750    834388    769255    794685    763729    788295    761652    764401    782825    800354    729469    720230    750789    763470    783113    828791    750452    819080    729241    751423    758905    762029    751814    805342    789363    755801    773671    800690    775034    761312    769544    796566    812783    740780    781650    799821    764152
    831050    806452    815016    793778    777510    830292    804804    837917    776020    787051    746987    788404    779219    789091    817821    759178    803951    795491    787452    815260    776362    833518    800805    812845    851325    782661    768514    822120    778897    794240    793184    786456    820521    807778    809604    790223    812655    816666    782980    838660    810859    798544    864293    850525    854021    768496    811048    815402    785182    797223    817973    833446    765797    777403    825976    828083    753777    799437    868971    839312    763058    735885    803714    811662    784405    772598    840856    862989    779899    790011    818344    776027    754201    718889    798425    777646    815670    787825    828640    818751    755722    795727    802026    768543    759548    804992    839517    818390    791951    763878    833211    801169    818341    835169    760349    799177    801451    750966    807241    781047    768659    794497    733270    797377    781285    791032    818327    839219    813694    738434    828591    821201    822453    769708    828578    772245    833361    786149    778987    855173    822274    792217    772306    765722    811253    795645    757409    822516    766307    743307    779491    808680    788773    811462    804047    825195    818090    773962    808614    802386    791970    838741    798721    780294    793170    765142    786914    854364    817091    758051    800772    791488    761109    760545    744417    854958    797830    851526    828157    781284    765666    776982    789759    793157    782275    788758    797371    765229    749196    849677    739361    735025    783743    796292    838031    805356    773051    818633    790819    805942    813843    842932    805191    808592    777862    777547    786226    814759    852966    789543    790296    746256    787758    780058    745009    799536    830122    836881    786533    854149    785322    804679    794317    784709    806169    791717    786258    742022    857801    784734    786550    812280    830285    791761    789791    818088    836925    801810    843825    825675    797969    783730    774109    815110    777021    803923    810526    790849    788162    837384    806997    754577    791513    743108    782019    774468    830275    877885    745557    770559    756725    775949    844268    830433    841809    794511    726063    844000    761604    766059    753154    800603    798489    816807    767411    802997    814013    808637    751456    770289    786696    779781    787706    821456    812569    773456    828994    782671    777428    766799    771780    786005    799265    762945    769683    746438    753184    781755    876187    773010    846348    764859    775911    744745    767077    776059    803389    773328    755720    769243    854278    793778    805785    770481    834322    817026    783856    785174    806950    755887
    777313    801216    794127    789869    742022    797634    783428    828872    766629    773057    692977    768708    760087    765904    791997    739539    780259    720299    761852    754182    762762    805727    799303    798614    776943    756729    716383    794228    742820    757536    786070    762750    806731    797917    738557    756256    744972    809869    785289    800972    760043    768524    808055    800606    819939    761082    738782    789597    730879    772389    806321    807315    749452    736277    803627    796603    750965    753311    847688    796035    744207    727596    778343    790989    754945    796138    796170    837651    737411    770934    782906    761082    737028    730354    734527    758505    800154    751729    785958    788473    737266    755326    820468    752120    748517    796810    795993    793219    748707    713882    831685    782515    771083    809920    761775    778479    808144    742692    761319    745597    770790    745294    705358    800479    792187    781976    772674    789081    792412    706418    777022    791421    767893    748203    822037    774786    822268    751924    748207    797938    807836    710758    743539    739728    779299    787589    775749    778785    741980    734505    758590    795767    784299    788768    766122    816509    793471    755207    793369    759790    821282    796755    760739    742563    751243    747308    772725    816427    782263    724166    764583    782338    744898    709305    730718    810427    778374    823101    822917    751126    760208    761548    789915    752597    736253    756368    785009    735616    712223    761489    723361    717088    747609    757318    762469    786561    727224    772430    755490    794817    811640    792058    749006    782879    783705    753310    798637    749494    824107    792339    796530    730547    752505    734039    749240    767289    816838    777073    740631    785372    769262    805136    774766    779274    796850    766136    790378    711130    830373    757252    740062    764861    789587    768998    787513    793555    819347    767711    803984    800321    778831    787015    771925    755097    751886    781568    792467    801252    752352    812298    792424    725879    742063    707619    737148    761838    807280    833868    691454    771583    722321    760567    828676    771839    764448    798127    739988    817125    762666    756474    715546    791995    775651    788909    753482    783952    814512    748411    770436    738859    758304    777314    750914    796542    810477    732284    762485    762287    780008    767472    742170    761394    765143    748651    722219    741750    754382    753529    814828    736110    813424    717540    763309    736741    739734    729748    792317    749494    749841    730913    808753    755553    766746    751660    806782    792406    757252    772133    787756    749001
    778641    768084    753384    786089    744938    790089    755769    797432    731720    748572    720293    779416    718055    760344    770293    743083    749554    731653    756983    758939    773515    798047    747196    757829    759793    747792    728762    779270    734590    764571    780159    781668    774773    756774    728822    747227    769673    804275    750128    800000    744304    766465    795402    803935    824635    754144    766817    761339    727774    728097    797856    828207    735580    736077    799738    807400    732110    781942    820237    791137    747729    728459    777258    779788    756283    769380    774771    845354    742565    779322    779292    755817    715942    709776    754119    746148    779158    741825    771617    776731    751510    738963    829413    720419    742175    764079    777798    780994    733976    713434    810799    779336    758641    766180    722860    753241    800463    738861    769840    751309    756797    759918    739217    800124    768044    780575    766558    794796    765640    727897    761617    799897    772511    747747    778733    739711    799704    773054    744770    783394    776396    730151    729362    727181    792914    777087    746310    757799    742026    743447    742014    770419    762802    739272    736528    801874    784386    759945    777253    752796    783573    775866    753644    736874    745253    711109    790195    763852    752434    722931    734629    746563    736155    729398    744862    790072    764205    785003    802302    754431    738706    731414    768967    719943    730878    739982    764470    703438    703227    789916    723870    713234    752176    782793    792295    760000    726300    771714    741968    775104    776520    821515    750166    770759    785605    757787    774389    743494    819513    765325    744014    732129    753002    715288    714612    774643    790716    796583    752812    796892    754171    767345    742900    748263    768833    741827    769608    710873    812308    766298    720446    776774    783426    784379    722971    767026    808750    768601    801777    766170    758974    760653    779383    731851    736435    767732    772493    768571    723843    780613    738132    718779    741987    718889    751212    748261    803358    813167    715935    743464    726525    740837    809312    754868    769451    745446    741056    794035    743176    723626    693661    752348    780375    779298    739784    793906    793836    751183    741734    723568    746983    772721    754723    769409    781781    726879    746308    725206    757930    731347    737199    742870    766294    696110    700054    742748    743104    768108    771972    746327    797913    723142    725682    701159    723270    727530    743828    742053    780224    717592    793095    731339    762489    751941    750927    768919    732139    754058    761148    705913
    826078    812292    828163    826395    806640    829905    821870    816630    778779    803231    722847    806401    822120    810391    881444    775327    809360    756098    817683    805870    828102    842556    835350    826908    830781    786373    778154    781465    797708    780132    785660    798670    809074    823518    779973    813693    796589    870711    788199    871620    822834    817480    867028    868875    885705    803814    791326    844780    781867    816313    870091    853156    758128    780126    832546    847342    776697    836902    875867    819092    807487    742453    816043    850365    808787    851779    844440    899369    782450    797917    806984    800682    780611    760702    808588    763636    829346    769395    822485    839942    825336    804845    855056    813153    795026    857098    853824    845438    790038    780202    858550    868891    807639    823374    797870    813719    841727    753456    824975    823389    798130    812983    787693    851569    828106    833859    829721    862384    827373    790055    829230    862082    811205    811014    814992    795136    838354    821985    770792    868151    824246    806295    756355    785300    810724    826146    796345    807182    787461    795008    794960    843637    806251    812243    794390    860137    818012    801675    811781    806148    840645    830082    787805    807435    801318    790569    838482    840766    819993    794253    814290    807547    779624    777431    791415    856046    858773    881894    852890    807006    811881    788323    832308    791625    783398    782557    835374    779893    775875    835242    755827    791403    798605    802586    859003    791774    782937    844340    800659    850730    828681    847318    804723    812545    813703    794605    822781    815574    838150    816675    798743    776980    804373    779541    752205    819477    829239    831971    819614    863228    816145    804876    811629    813457    798094    797491    817491    761749    868627    833699    790697    836433    850105    847179    809370    825426    838765    846364    851122    844924    812575    835001    805127    789438    765218    851481    842294    848858    823348    848807    804156    780786    790853    766500    787722    816409    842469    875643    743301    777783    741761    797644    863124    812815    826887    795257    759577    873666    801098    804062    732755    836497    805089    798157    777401    846069    845144    839626    805099    778279    812313    819557    793720    833858    846080    779529    819403    809064    807590    816460    808023    794503    812327    755919    773455    796889    783336    832394    847335    787618    858461    755699    786523    791368    774211    794131    805633    810042    839874    802302    844085    814595    786625    804621    849893    842498    795198    814434    839138    791526
    782407    765601    748556    767033    728001    765405    761578    786167    749045    742837    679854    780334    730058    740087    777155    745011    773350    756842    717342    738487    715135    787756    773061    768132    745218    724708    743905    783172    726786    751169    744551    723349    763699    750397    733495    723621    747059    772504    744673    803716    737418    737605    779508    817212    821423    729178    730337    751347    706961    750973    810790    787791    757788    709780    790690    798194    722580    732491    789632    775933    731632    712991    753216    752724    741376    759641    776371    818774    770368    771346    754066    727979    708485    720646    777033    736413    726637    714825    747240    755546    727566    734588    793151    731659    738540    785319    771336    773493    737402    712811    789291    760711    766440    768325    721025    733756    757022    713244    760269    750274    746224    733819    713657    756652    777062    759081    738172    777531    775818    691152    767713    769187    771670    732134    763312    741861    792930    744385    743158    782656    794801    721690    723506    724857    777144    768799    736276    754996    727333    723081    755330    751922    756893    759037    737011    787049    760567    728051    745526    760214    766385    780134    736329    721290    742152    703050    747625    796453    755036    714006    720972    742254    714187    724702    710298    777811    776021    809399    783940    728099    725931    741040    738373    762773    759087    768454    760799    737544    712964    757492    719431    698957    726471    749743    767649    775273    715216    758401    745000    753717    753085    794194    744537    751624    734433    735958    742488    764344    816597    770307    740557    718962    768510    729214    715842    746596    784790    779020    755228    800607    731750    765148    763026    775072    780352    757354    743712    699434    804852    744374    741209    775161    774565    757982    733077    764382    784245    716221    786926    783021    752390    776609    744520    754737    721786    763220    769420    762987    742856    778424    771770    731756    745467    723836    757526    727954    791815    827551    707347    733317    719771    729769    800493    753168    767879    748293    702759    780428    730000    703250    702505    744744    764019    755746    750155    771721    758599    757402    741307    701370    746894    742727    747875    754113    764297    712516    774411    700258    782734    739952    753807    725866    751403    703662    682305    731108    761967    747355    763423    720938    807200    718772    712411    696837    727993    700476    751922    753210    723839    730973    792213    756839    745529    719216    763617    764475    746700    740869    766004    732993
    784987    764864    785950    745380    740976    757677    754879    782029    725245    795134    702602    771204    749678    727212    772751    728653    759548    729254    704311    741881    754124    782158    752485    726917    769431    719286    717233    749602    735161    749711    736457    743895    766698    789493    733885    761581    768193    789652    725916    788815    745800    755692    795265    813787    817718    764906    731094    749572    715881    724996    774269    759941    739739    706131    790745    795687    706197    759560    822042    795101    716863    691729    780997    776300    734129    770716    762713    825151    742456    757468    743333    710757    731807    737071    746448    765480    758743    746751    777854    755175    745968    755951    790119    714315    756601    772517    776586    768588    735018    699427    759483    782693    769879    787279    728731    770186    781783    716078    779381    750156    740362    774595    699027    778108    768905    774221    780822    773749    783408    737163    786627    798843    768289    727661    779532    740241    788681    735226    711190    829424    787683    727760    718582    734720    768972    765126    754783    754137    739456    726245    742604    769129    752178    768001    725487    785681    754253    738321    748076    744053    757610    782964    739068    729846    701862    717746    748449    768954    752603    697940    745907    733599    735513    721267    714714    792089    773926    812683    788345    761464    699576    743296    769727    759089    755569    755495    740550    719982    711674    800459    722241    711133    739452    757701    798394    713948    727045    817718    760483    766514    752995    780257    754507    754442    760056    740781    731506    767164    739407    771867    738360    723393    737297    700067    708404    779073    786173    757415    737355    829614    747287    751092    745666    743724    771037    747204    748250    708310    797119    746857    738765    763713    787847    767776    728608    738806    776258    744490    799732    751825    749196    774552    712416    763613    715398    768000    779883    796733    733964    772734    752327    731689    737482    743485    722687    752905    775829    799480    665547    748790    750072    706659    773733    768979    760178    759002    728977    809462    756966    726491    690973    757376    760097    778272    751411    771669    785428    747750    730530    716820    760305    765590    731472    789034    763594    714881    762515    707702    743566    772353    751425    739927    753090    710878    690625    729149    757349    757820    805563    727139    780713    724850    704828    730337    728903    740697    755758    752564    712946    725029    788464    771879    760149    757214    778655    779134    768844    762876    777276    739327
    759935    744044    738022    758120    722969    776713    744243    791109    756797    722955    691520    747123    727969    701446    745404    703271    731183    725803    712021    741341    766224    754296    756919    730129    762267    692218    707070    768016    717912    740695    747764    747522    759502    730063    699239    739055    746216    762794    733160    786900    746761    755021    804125    786653    788297    724142    706214    746271    704687    723727    750122    773074    718131    721194    754816    782611    682200    738970    785050    763669    710889    671251    771841    768162    728452    747806    745665    768618    699574    741346    733585    717402    668068    710645    721918    725926    743704    758332    731689    768786    725987    729409    785696    695867    724493    719491    778433    751745    710534    704155    771039    769019    729123    742581    719891    730540    778913    704729    726302    720333    742357    710626    684819    763759    780400    745925    763167    776882    746979    695697    726593    779076    727245    738946    756406    698425    764820    732444    708574    783225    765604    721050    713170    712890    736547    738830    691774    729977    704608    723080    725155    743294    722671    729054    725848    778360    768623    708266    756248    731014    744752    757328    716626    682037    689889    709541    772566    746401    760118    738253    725454    712520    756757    689548    701929    784888    761518    779796    779742    726499    710187    733032    752373    731966    729253    740651    725607    699665    690500    752434    701502    737611    722691    740308    772410    712617    720979    755725    707877    759249    748692    756271    718092    764449    740473    699646    732462    716594    766860    749992    752235    704119    721304    684356    686286    723863    774317    735296    716312    776317    707887    758243    732006    732144    740542    707731    746202    659525    791914    740473    716463    752862    770865    748370    706101    753318    806282    731610    786462    745725    731402    760973    701761    741164    717089    756862    707262    757726    718629    710663    720331    686130    735387    665506    726281    741262    793347    767870    688256    731870    673526    706116    754813    754568    748878    712861    671756    769936    715810    707665    667031    764856    739443    735886    757614    752075    785006    766845    731053    703325    758884    732549    717893    759332    733614    713204    789959    729329    733889    731584    710743    728719    737198    684470    656540    701246    739083    751121    786285    712511    791724    728540    705485    698023    705203    708960    751924    727780    736298    711800    746952    755150    729986    735193    770195    775181    746807    715142    744709    692237
    790481    799653    810956    825118    790409    809085    790362    822581    757016    760319    707530    801360    754359    797432    816247    779164    788261    772098    762726    756371    764222    818514    804791    817449    803846    749907    737657    803592    760203    790570    802574    777060    813318    775850    776522    795887    778549    802725    756265    822940    800028    794753    800332    839323    860984    781903    748607    805533    750672    748303    819972    788493    767331    775996    835994    804196    745457    781321    860983    819908    757175    706581    817482    822104    770447    773866    802811    848110    760715    796686    775493    769007    747168    735366    771768    765044    761069    753601    787149    797199    769912    758046    834336    786628    757375    802371    828444    783495    781610    743114    841591    795688    783737    798704    765630    783839    815554    754357    806778    768115    765334    763902    729144    841815    827920    812790    807404    806767    797458    759500    782584    849182    776149    805144    818707    766383    815623    759808    739648    821344    809029    729108    756564    757087    767107    785882    760948    770446    769649    775701    770697    787411    793294    793489    766592    854903    789499    762539    816770    781698    806962    824742    781765    769307    754074    769036    761347    810971    795645    769487    749874    786307    753924    753972    757323    824176    781069    845900    819847    783159    752050    772807    781573    774539    763315    787143    786290    747304    726532    805464    765164    732465    762637    796147    794205    795642    774092    810911    756260    811728    783859    811866    749448    824675    780745    768477    773294    762109    827139    814336    786548    773104    786285    742244    735115    801360    825522    787789    789545    800391    773744    825086    750186    806084    787756    778137    782757    746384    820805    771212    783914    799262    804325    804965    762974    803453    849208    790964    810397    796551    762787    816118    770492    773065    775669    818083    808458    808974    782447    793621    772698    745694    798458    733479    758075    767564    821177    876330    751230    764622    738830    738767    824625    793626    785529    759594    767134    798271    770307    754360    736008    814041    793819    786461    781535    806095    785067    770714    787989    755948    779140    777062    790211    780864    820239    751372    785604    780654    812263    759097    785575    790979    804050    736010    744241    764296    790237    797484    815819    774888    823686    736614    766456    726787    775362    765412    781627    803811    798151    739985    808300    778680    788282    756836    795623    796706    786438    787623    824994    765705
    748002    755999    746842    737687    733454    760658    748169    734795    716173    763846    679549    764643    707177    733293    751112    698188    757792    710087    706173    730990    727728    764325    749826    773211    782295    715209    713579    749990    715505    710894    715934    736795    757333    750239    713640    718629    728256    752617    701914    781015    760823    729458    799739    800785    791278    716150    710447    733858    712817    737853    800576    772753    732256    740039    774451    749329    716115    743177    763241    748723    732140    713975    746397    755456    701293    755949    761568    807509    747779    734185    735260    718637    688760    686867    720873    734227    791216    724684    743318    781715    746454    722362    760395    711658    732758    750325    781528    798150    727144    694749    745384    795575    766419    778479    716750    735473    751735    699023    769413    726423    734198    759001    682978    774609    759580    736800    732862    751059    762166    716990    751793    771967    741529    742950    754685    743735    755470    745819    714281    784800    755331    721259    704271    680146    742355    757812    713263    746687    755056    716427    746023    765172    690458    750443    741842    786229    722160    731223    751750    752372    775522    768377    728400    713699    705734    690129    710345    772569    708800    736402    707216    726908    707780    698948    743778    779889    745359    778426    780200    724823    693684    703540    750805    732343    740078    730672    744244    741822    705799    733824    712248    680979    710458    764815    785001    737204    710535    754212    734926    764188    753266    766261    713659    726251    723829    698943    709127    722274    778386    760770    731147    698230    713099    708381    734618    710246    771882    756784    738952    778607    739401    756080    728788    751522    766064    740678    776568    703353    774419    738933    709248    744225    747655    749196    732174    711395    809975    741210    769149    756602    723728    738879    709067    720182    689398    764768    728588    725995    742722    725229    724060    700374    742959    684493    742362    712199    774060    780347    683182    729162    667273    701137    774131    738295    762624    723143    703514    793373    729101    704433    685520    760771    745264    755929    726576    772875    750105    758701    722677    724837    752296    741859    741201    730664    753741    724029    733703    742826    733533    750665    764178    725519    717974    680562    708202    679970    754133    738695    749606    685322    821665    707648    679222    690918    704267    695084    761569    721480    746326    698856    752959    746819    731925    728743    756753    749622    716465    741113    752724    686439
    792809    809768    819837    811016    770052    775081    775667    817484    751995    788006    729772    798652    749240    771212    786079    752267    767217    757594    767980    778121    736687    785875    801436    760460    817043    724124    757626    786212    783262    775042    799790    747984    774602    771507    737692    773090    778095    797482    760120    842376    798530    762958    808707    821743    856499    774787    758560    800814    732920    735676    817409    808649    775244    741049    807575    787204    741477    770452    821450    828239    775814    736684    794075    786869    778069    788328    820296    835818    745570    792730    786498    759312    733688    737341    782112    785363    787411    740666    759288    786332    756151    742101    801937    734542    753671    782816    816332    807399    717045    716174    803802    801261    792467    789512    770751    781411    806718    758212    788496    758971    755341    767664    736685    763971    828127    793484    797993    793804    781229    742793    786319    811768    747908    766053    790662    740762    798689    763160    764770    838925    813061    757332    744126    742734    783559    800421    733348    775697    746375    739589    785578    774183    772580    786053    782185    820214    773017    732985    814963    789254    784619    800718    759860    715827    738471    751343    749396    798860    792407    740800    777452    753635    753825    710340    759330    841675    783263    825243    822967    764229    745065    755821    768212    783000    769851    768851    799293    731874    712457    792254    734679    732029    758621    770904    789221    794658    740882    821413    777449    803875    796100    812272    759062    795545    768118    772582    800965    772842    802962    797214    798301    716542    776289    737129    723326    776405    828613    805153    756626    832562    758126    810270    765727    754569    812853    752837    790075    713821    822808    790292    781808    797468    802290    785230    735096    799888    831340    799749    827973    780174    780965    798088    752402    773331    757738    808002    774710    809542    745277    779435    782771    753978    790073    728590    753310    763811    822250    840258    726701    741216    709153    756415    817886    791291    772010    777653    749347    819120    784857    766526    745085    783132    756651    808657    774480    779646    802181    817247    758015    766235    775547    790876    767285    791636    779037    748856    804860    771771    782886    757491    763990    765955    742681    742569    748683    759534    767264    767421    852786    768880    848801    717791    744016    737118    758138    744703    780814    778324    784975    764295    809811    792076    782190    751132    800113    788037    781731    799572    798349    755345
    774535    775528    788701    772490    754069    777593    762359    805499    746918    750869    701989    754801    754037    736020    797206    705541    754259    733106    738125    731779    766555    817147    790950    762116    774007    738905    732072    761651    756561    740881    743038    749499    771264    748207    709937    767727    765120    763941    750957    775335    788249    787105    842691    815902    838571    742293    728376    782305    717813    744529    813884    831788    753726    745259    806934    791925    731806    760547    811621    762307    742928    731801    789656    834371    732444    785323    783674    835311    753629    780567    758931    742013    718654    730283    737534    744628    783849    749367    776678    792672    755949    736886    790776    747604    757968    769913    801611    785989    739416    752001    798373    801639    739473    795048    767918    761144    790890    737406    790787    783376    747195    757347    734273    785662    795169    767918    790030    790438    778251    733152    767635    812554    776988    739199    767890    745352    801322    769479    749852    808705    809635    735894    735686    730068    767123    769778    744079    762273    752870    770356    775329    778487    752385    783709    769387    830992    769978    715778    782410    785379    809686    761574    774444    735020    761968    747400    763701    810123    784685    712605    757833    758161    758071    726043    758188    811761    789819    812475    745983    781316    735583    779579    799096    730944    770907    789106    782124    735013    694528    790030    742741    711586    762749    776446    812243    761959    715909    773858    750802    809031    768963    799941    755246    770480    769577    774121    776071    768987    811898    790267    770830    754788    748731    732125    722017    753325    813460    788051    764356    796076    763757    761777    752672    762859    764876    768087    767072    719725    809681    757915    755960    784967    803655    767662    746363    771762    831452    785063    801058    793453    760343    781113    775464    780573    737825    795377    781112    808201    745145    762871    764848    753194    720346    739883    728841    754344    813108    818054    690527    755061    702583    733618    794981    765752    774350    760860    735663    818431    739033    736221    729615    758852    767962    788733    746717    803547    790144    786535    721767    741864    747220    772383    752214    781617    802981    739155    776531    759485    760558    748364    758026    726637    753580    731118    740393    759906    747216    763366    805129    752561    820777    738766    747513    712192    724824    735333    769819    730205    777793    749302    815756    764085    754724    756759    768524    787651    755924    741390    777774    744430
    758146    767188    742364    752215    728177    760441    746639    783479    716423    728343    702071    765077    700899    699717    742081    724876    731549    723005    734978    707896    751503    768819    748331    707688    736242    712022    681440    731527    692282    729917    748152    749662    737739    732630    709560    711898    741448    746565    717760    781714    744152    771161    789371    805096    817818    707685    729825    761223    682729    720464    779114    774608    687516    700788    752926    758365    715974    754976    807127    772478    748689    658866    763291    749736    728171    717223    751979    805729    713306    738018    728102    705712    697531    672668    714975    707321    733198    687961    732665    728506    739159    709620    729537    701740    721947    749572    779615    749321    704542    707334    779078    736389    734832    761640    715857    750249    757038    692988    715143    738321    734281    713789    687419    741264    768205    714038    771814    749863    751128    688924    737984    787499    779775    710148    724464    688843    756011    715195    730875    765305    756691    701310    710380    688066    734961    757678    712913    719194    732888    708530    715304    741294    705550    747514    729860    764233    746542    722112    741567    757475    758185    746212    753305    692301    717748    717308    752377    750738    762536    706977    729130    706437    713135    680403    738046    803376    744404    761705    774096    700232    730934    748501    717746    733949    699822    741919    739172    703504    717053    758031    698014    672577    735015    740516    754911    739293    715150    746873    702356    755741    772369    755978    720463    754524    762937    698306    709521    738548    766816    718693    743286    699312    723222    680618    705676    712441    756183    744841    717245    786959    733459    746005    733490    700736    711259    735564    750623    665806    779539    736609    714423    716342    752234    727183    694148    737156    779862    719767    774950    736383    728425    741137    707941    749263    710794    738792    754461    757970    711606    729752    739990    720951    711157    690912    708125    737625    789523    778117    689753    719829    671886    719758    768008    723076    735568    733464    706802    752814    705339    691793    664342    728363    747963    748118    713845    758635    759308    738615    715592    701507    707396    712174    700772    745446    741354    706076    739332    698756    727320    701596    738443    717304    706588    668703    685417    706216    716697    717185    767542    720842    798025    709726    709684    688911    693891    714835    713314    724146    714552    710319    776513    723768    738122    702450    746073    716297    749944    722910    774159    715110
    712967    723968    745721    747275    703453    770177    724460    769044    723150    709695    692646    754475    736027    713750    746007    704730    732241    706742    731685    736415    748956    747396    749973    730759    736984    701970    702674    745723    702177    711009    737758    700251    722424    760833    687157    704188    746751    770691    716251    769050    741569    741249    783062    808912    808741    709387    719467    710386    704119    706179    766652    750385    722665    708307    746877    746873    710412    741226    775280    773595    746299    680087    737153    732263    717214    735523    755136    804125    707031    725129    719118    714435    686325    690066    724261    726568    750203    715102    726523    738937    715593    725719    746163    698820    724346    777825    744086    783476    699239    716820    746111    763765    730782    747452    692394    740487    748867    672991    705969    716924    721028    710164    698066    780533    763583    755612    735213    743458    756537    690927    685570    764906    721192    739237    727288    718932    780508    733801    716082    769624    760173    711465    695330    721939    727736    756393    725592    749425    706322    728434    724852    744910    724104    754609    714369    748356    738002    700589    768886    756345    740893    767015    718541    730382    696102    710065    753459    752062    758649    725873    716508    714579    703740    706946    715471    773735    731104    780261    764401    745611    694855    720032    712144    703298    719899    751190    755164    708935    684447    756725    686361    694001    722570    760937    738887    743332    712133    785243    723675    764222    732950    743804    717234    736622    736977    726283    707555    710193    783697    692399    734860    702831    715871    705909    681715    716613    756429    766794    734596    805018    741677    758618    711698    721791    751975    728474    745934    682826    784504    728680    691808    747749    771396    731596    678827    757204    776924    731206    785448    752622    689539    726043    696006    724250    715180    760240    744681    766339    744501    740239    728705    697789    726061    674481    711807    714461    755518    816544    691797    729374    675595    700386    756702    762563    725682    720151    676168    731174    750541    693036    673867    733331    740277    720905    703148    779712    759261    745278    747770    714855    710548    728765    691053    763932    761938    703948    728611    726909    740095    714159    709476    718931    711127    698036    674201    689387    738162    755424    766334    715672    795094    672582    713214    718018    724410    680318    733249    706689    724113    707397    767862    755400    710520    685150    733174    750297    717296    728469    754721    691262
    800329    759939    805204    781176    762531    769467    783240    815022    732550    796931    705855    794718    762414    784530    800878    719752    782212    769785    733071    760341    793345    781878    765638    761843    783238    739667    731680    804979    745912    749972    754021    750445    779809    771055    749386    787144    743214    813597    738991    797436    773160    770421    799924    839795    819244    744896    747224    804219    740559    763755    802059    831478    761460    713927    826377    785093    730229    773484    823282    818428    753598    725069    762248    786499    758082    781724    777807    843116    755269    755759    783852    772999    727860    726260    747187    754498    786374    710521    769121    786772    747655    779753    801485    728521    771953    788804    805817    797446    757412    722053    797769    798847    769715    793336    762516    766634    803273    738173    779123    733588    731456    741673    701100    777900    800180    808464    767325    777018    768720    739171    781332    824884    759837    740660    776377    768033    815617    729350    742175    789505    807287    744987    717959    732025    786991    760489    744687    795614    775208    733434    763423    774047    748720    759775    760762    800768    763092    734556    778684    790697    776723    794858    784027    755046    738685    730181    779439    785483    796532    756964    749925    751014    733701    738497    740711    812039    804763    811859    793977    756131    754433    749387    788533    762470    775214    770377    789915    719660    724998    816579    710619    733383    763641    758597    791210    765703    746459    789651    786942    779312    755045    806990    767583    755830    744728    730274    768187    770572    810085    782265    785695    728959    782252    729110    743284    772636    801992    808343    741424    815398    746602    771592    756916    767234    803213    806196    755006    723632    843466    775284    738636    772904    795323    761056    758575    754803    809534    764441    814669    796534    753687    776633    773462    766743    738658    796826    780618    767690    758012    783862    769854    750940    765366    731418    737712    755886    793546    842810    714047    743245    710580    754836    793854    750785    752840    770808    734105    817468    765534    742660    718577    787986    759306    785771    752738    805576    808101    772025    760546    743182    763130    761349    759234    786251    796272    734482    769234    736356    768379    789579    774857    721593    757723    718943    751529    745276    757153    784463    798112    754060    827039    725289    737289    737518    718529    737834    765812    769646    777040    738180    787690    767419    771896    760794    767032    791397    768896    760441    794215    748598
    747064    743547    751874    748830    709069    772456    762059    784928    724695    728770    710333    723965    717067    724067    749926    714351    769748    741679    725269    737297    716687    786239    761995    761657    746249    703545    714036    782318    722051    736878    742194    746484    767128    762270    721429    712631    760193    734218    720803    784304    755898    765558    792753    806794    800002    696995    705223    748048    722441    733798    803072    761804    740889    725419    757865    766893    695099    753093    829958    756017    719974    694013    765402    765172    736650    761208    771250    785855    706890    754772    741653    732582    702150    676614    721907    757977    758728    723455    740242    765731    721545    733926    747755    744974    760949    757623    779087    767101    752210    721243    792734    776322    698750    772991    695964    754700    755302    702538    764763    752708    724535    724064    710827    779516    766889    749813    769270    760263    757303    704260    760595    752904    756231    736427    764456    746031    762455    764059    735122    773151    759565    712792    729432    719340    735413    765424    731578    772908    723904    723539    731229    772353    730352    776939    708533    792400    742083    736997    786799    744295    760513    772878    729603    743666    718278    713288    761089    777127    757614    716841    740903    713173    708549    700554    711352    790638    769224    766837    771382    714591    741494    736850    697405    708733    746808    757975    777418    735277    700138    810349    719951    696743    709707    784396    767460    731468    693923    742792    727756    786731    768917    750904    741051    758765    741814    729512    744478    735006    800849    739520    748886    701114    728329    708501    693077    745199    768248    764214    723463    796663    757229    765265    704168    742427    768617    721307    773874    704076    785419    752712    723347    751385    760155    746488    725795    759232    795760    741872    813543    755645    738329    743333    721947    740457    722014    761787    748101    729593    726174    763399    745317    698251    707127    689870    737799    740201    801909    819360    685192    731451    721243    696617    791795    724293    761779    735789    686781    791305    734519    713115    697029    760272    762346    757562    715188    784472    763799    777332    745704    685180    752384    764979    717888    766799    766564    710250    751932    714906    734237    716885    732167    726632    745628    692940    696252    702052    746193    726282    804803    698909    813886    711430    714183    708563    728104    693885    762319    734445    717458    704587    781995    763171    743544    717973    759942    762394    734119    739928    761814    706774
    735648    746668    755675    746493    714972    747280    760114    777186    724490    732563    693526    766838    743065    734318    773387    739349    747609    739558    724180    710968    744358    784145    780665    766861    754138    714521    720638    768145    733828    749771    743152    724803    757951    757638    709998    750797    741956    779747    747794    783395    759840    738803    795837    775501    810100    707100    723989    763099    676297    749842    803421    777382    702299    734682    782317    785766    725256    729645    795186    761715    740514    686997    772251    765169    747262    756391    787141    812490    727261    749196    756065    711582    712640    693962    734784    728237    767767    737907    750565    776256    743056    718783    769347    746145    743552    745671    795401    760224    730716    723947    775986    784266    763561    754537    747157    748660    766524    711768    763739    728281    718104    725386    715842    792937    783682    726994    759580    766785    760869    725762    760131    760195    743795    731953    763923    729311    785547    738060    734788    820365    766629    733941    721155    693798    740495    747078    701083    715613    733000    730007    739727    746477    731184    741080    758540    802529    769312    733171    788358    755823    780355    758438    720076    743042    687878    723175    719853    787405    771496    702322    748754    712197    755167    709654    729676    797455    745199    776958    760847    770450    721269    738611    764975    725525    722865    751291    771727    709137    699156    758899    727871    710934    726074    748584    772803    724798    716226    769917    737540    788609    768399    768316    729240    769592    760686    724779    754917    771573    800107    778518    756287    692544    719818    694661    711101    742581    773051    736513    755244    769710    741716    774528    724890    744993    768684    755381    763780    674762    794869    712168    722552    748755    772041    756672    730113    753879    793931    730817    797173    740186    769573    769877    748220    721914    733293    769545    752566    771561    740079    768265    747744    694657    734928    678316    734392    702960    780230    800433    703633    748873    691538    740665    757817    735336    762017    751126    721721    796963    730362    728742    721542    755767    750085    764334    753939    772209    767511    756317    724817    737507    722733    766427    741399    777948    775956    747381    759674    729300    758216    728967    733038    726847    747602    679970    694124    735714    748646    741285    790137    731826    795171    705202    739939    691971    709880    704175    758492    708399    742150    735259    753773    752216    734106    746304    766746    748994    726933    752088    778799    706208
    762217    780161    723201    750167    708202    765969    760714    799234    733254    732623    690737    736914    763730    725139    772860    733511    766733    717326    735160    740690    747046    779978    768109    802383    776229    741674    722684    756757    719394    718258    743745    719610    754199    751029    711949    727072    736619    772996    717669    783186    747286    751335    762522    783715    818298    754559    728601    757195    724282    760047    816585    778185    715210    740300    780171    764929    718877    751704    778114    760196    739036    697514    768527    769486    747159    765554    769429    803024    727923    763068    778297    703210    696049    723317    740852    729473    759729    729552    761469    795798    718769    758818    764283    722094    732321    758076    797691    768048    731567    704217    798510    765881    736952    762301    731891    759952    784292    710737    747886    741258    752075    729426    707339    779289    775788    786454    763898    792506    757149    685328    769142    782681    704108    741273    766440    734902    777427    748226    713687    814986    793296    740315    714149    735416    764128    760850    715465    756430    720096    744030    769200    754380    755305    734270    729266    774499    755252    757792    756274    732937    779908    771387    710396    733321    722797    723367    746806    759667    763435    714804    725063    706650    731196    738745    729133    778177    764522    801354    774385    756007    728617    724729    760217    741182    711439    760513    758225    737786    697628    769190    676171    694658    720348    756097    790097    750346    726643    742078    736129    768046    743328    795937    740788    767799    728632    741964    746196    758745    768980    756326    735033    721819    761573    707676    735107    761528    794731    767605    750339    789187    758262    761946    765765    742094    750627    739172    754405    700524    794346    747180    727231    761172    766524    747190    738557    756527    803640    719986    783093    780627    751568    747876    728463    742965    715528    757607    776974    770605    728444    776488    742521    700450    753285    702321    725226    745205    779784    788469    699647    746163    701794    732045    783068    764140    765785    742027    689426    795621    739396    714952    702613    763332    755212    773248    760292    774965    782510    757182    763792    726664    741709    764320    749308    749240    760337    703883    761626    737515    766727    722631    732857    745409    771910    707851    705844    743346    725237    749326    785423    719686    771429    695801    697157    729114    692646    713885    764107    742567    735239    709554    773154    768459    748901    729433    756081    746989    740856    760776    756092    711343
    757632    752614    761821    757538    708942    771804    720910    783090    704036    712114    651607    754527    722057    692428    739482    732145    748067    713128    692858    718429    707053    774385    740388    745052    764003    730240    685419    707686    698934    686307    730566    723019    742039    720828    692241    703978    735493    763310    731500    751948    738228    715809    785142    792406    827606    711097    686146    736475    695385    710726    769675    764248    720423    724681    773873    737834    701593    717195    782058    752928    704236    682403    733819    762216    720303    750946    776901    777208    733826    760378    735386    692016    675109    689904    730041    730150    737579    713401    720491    727912    705529    715075    734019    699207    709043    746779    776247    741380    708263    674684    774957    753013    732477    755222    699256    738100    746616    681058    709896    708581    704753    716376    690075    759620    756178    750142    747214    751744    759608    673525    730717    730399    726141    712111    757746    727304    751128    729022    705604    745102    721973    690581    708974    711700    712228    753188    708873    715208    710746    703384    731645    726699    725595    736376    723365    782631    714308    725857    722178    744207    754799    755244    693515    678257    710663    714106    725363    731191    746074    689333    736669    701521    697374    670000    688540    754912    738960    782359    786354    713201    730398    697532    740831    720650    722749    712487    738858    690266    673402    747957    685360    667947    672029    748324    720332    753371    690087    751390    705737    741306    738150    767298    709797    752283    703257    724294    718687    723206    760497    724804    726710    708369    718107    686956    704516    723944    756412    740797    719634    779337    720524    749377    737146    732094    725732    723745    742089    647913    775751    733886    717781    748407    736210    740861    707414    707270    772535    712500    748590    748253    704689    760587    734189    714624    716219    725449    728150    763986    725224    730463    737212    701941    753048    686146    706477    699221    790681    799963    688219    725301    656302    703536    770202    748003    738286    721218    682251    759233    723291    683239    647212    737776    729044    729876    720412    735984    749893    726419    717161    711085    734070    733704    717794    733423    739122    701089    750209    695853    735557    738337    729144    732233    735015    710679    685733    703448    701330    738994    761642    704093    791798    694972    695820    708593    710726    703175    727011    731383    736814    694511    754899    726241    727102    699526    758851    738363    727409    762299    746154    726782
    776521    754377    777375    717309    737875    761749    735334    778617    723993    740100    657531    761912    729298    711553    769408    754081    759047    714753    691536    754773    739322    803498    776053    738626    780454    713328    699863    751714    730361    725071    715319    736912    730879    739111    755880    723656    739660    734691    736143    770012    777777    743389    800340    809872    815271    734684    717793    755698    691710    724304    789655    814272    732340    746772    813965    765735    720616    739788    794574    775283    747248    667024    760748    763570    714862    759058    766217    807316    751169    756946    741391    732529    706815    679746    733190    741640    759858    729232    726992    749814    726069    707507    788488    729886    714122    785867    777074    769537    719742    709124    781907    749019    762135    788087    704406    745628    764759    731154    752345    733697    768771    764421    706859    764500    772973    755402    756825    749955    753420    706960    736902    776987    766929    700689    758575    734771    787790    751969    755599    789074    723638    709660    714693    703704    743042    770519    730790    727528    723591    733966    746268    765796    705832    771687    744565    785702    730471    741179    763940    755194    767134    770265    720646    687447    698930    713746    739660    764618    740404    703968    776582    722737    730632    701850    739963    799589    771332    801708    800747    747653    712312    724603    766441    740904    749086    754693    728019    721005    679224    752904    715107    688161    718648    756086    807110    757589    724864    773576    749085    782992    758947    772597    738405    729347    725107    718498    722074    749241    772749    757426    740887    728760    732444    709265    719830    729925    800187    769275    736921    798917    738953    767803    754033    742733    753628    724029    766596    685275    780905    732458    735011    772328    738501    764162    728153    760452    804486    742612    797237    760915    743752    769846    723857    740455    702293    750648    750931    783157    728919    759667    737646    707051    752664    699418    734932    719237    787873    793226    702767    754272    699786    715715    794583    750030    743743    766032    701191    788139    763074    699144    691735    732703    746047    784664    729612    775034    777251    730377    710995    718924    722894    758117    748052    767443    761134    737325    741631    730524    748881    737787    732230    736848    741374    699550    699080    699418    733619    753186    784140    720079    780746    711301    725226    703398    738935    714659    762063    751391    745826    726309    779517    733385    729497    708870    769720    775144    737780    756712    773929    711287
    762307    748478    781675    755158    748238    741456    752886    780196    761503    747318    694062    757714    744241    748772    761053    730609    759548    702065    729170    743632    778144    788415    769290    728323    767119    731856    726755    739707    716766    739758    739229    710746    747110    755022    705206    763827    725523    774545    737096    814645    755079    770390    787262    816829    792592    750793    731556    771658    699135    721725    797584    782061    742536    748847    805309    776455    722434    759001    825146    766280    755758    677843    768057    783369    731761    746977    790151    802733    743385    742963    746272    728740    716255    703770    754671    751509    773714    723754    753788    761707    740796    711004    772024    724543    772119    758815    782513    766955    740966    711710    789616    802861    750386    771777    722039    762207    758916    702047    758723    779184    718229    729118    725923    768400    774506    771206    768004    727178    755376    741175    760986    789856    760454    729571    763186    705899    791158    726153    716150    777509    763706    722494    728396    712509    744510    751757    740510    739131    738380    751511    741269    772127    739867    751680    735002    783107    759191    707957    740670    732900    751152    760953    736458    732760    714305    715465    761206    792973    772654    753638    733123    740231    716511    724201    730668    806453    770686    820823    774636    769323    701202    732174    744096    738692    704729    758981    750601    700379    682556    784085    701967    699408    742928    734977    793463    748509    700205    777771    764136    773445    738754    797952    748832    743171    722980    737217    729899    762797    773242    760736    753009    701003    741568    690320    714274    751082    795068    757732    732512    766058    749724    740810    752302    728706    744955    759179    745631    703434    774764    755938    726269    777730    756365    780480    743050    752498    785166    755712    789029    747296    742761    730189    721522    759650    721870    767300    739776    762860    756219    738913    733444    713620    737174    716610    703964    746885    812774    798667    690212    753899    711632    691806    758354    752188    749229    756871    718515    784917    746516    714351    697681    759168    726491    783433    719543    760873    784563    757389    730423    692419    747836    749306    725297    759757    761830    725628    749008    700918    751685    712623    768286    735984    756280    712379    689301    725636    726196    753831    769512    730568    796545    735249    717837    709375    725365    727078    777505    730613    754896    716761    774130    737172    725509    718514    752383    771154    726868    743013    761092    741930
    790422    772138    772755    803490    742610    744587    775281    815391    755724    747092    727738    793319    759834    781296    804508    753308    783510    774976    756786    753607    765812    851926    816739    765298    769237    780065    735347    779532    778664    773811    754464    755111    790624    789810    745255    790332    791111    786956    762231    819752    788123    786970    825299    840233    852747    775383    747374    784341    747102    771276    790342    825101    741853    754808    811470    805252    747319    755844    809481    788776    783559    727902    787541    782968    746744    765402    830646    828591    776936    756413    788388    746171    733672    724310    784769    764031    792979    753375    776397    802366    752999    766544    797399    749706    787578    774482    799197    806789    751049    743716    793190    809837    775074    793704    769292    795228    820244    742757    789139    788766    798389    748686    735881    808413    837689    772017    778154    793123    799910    723430    782484    805402    771899    756707    799174    759439    794032    790056    738536    826120    806398    759367    748209    721024    778518    785453    737411    794140    758397    749831    762741    761080    753257    773012    797857    842772    780904    755484    817265    776017    775484    792516    766607    757853    735896    716835    775363    811392    791352    751266    774067    754275    749678    726044    767188    812500    795953    812233    781831    789113    793055    741534    800223    761243    750630    780811    808028    759245    710306    823403    737828    729105    756584    800260    816483    760345    716161    790891    754305    783463    781690    829699    762514    780065    790487    778507    781337    785222    840107    777476    752712    741493    759524    728782    737761    783617    813108    784945    755232    834388    788433    798064    765789    744575    809169    775755    790958    741182    821725    785369    755302    795369    788378    798572    761410    768284    833662    778578    808112    792091    767502    785942    767190    771225    748705    803283    802799    808642    756460    771120    778582    733731    764047    727899    754480    753745    825172    826739    714698    765660    750641    743190    842045    775525    802154    784098    744026    794714    766556    702053    706050    761031    784988    792476    772045    822203    794170    763610    771226    751608    778321    786172    766387    806779    793034    769852    761474    742419    782893    778434    781625    766392    785648    724817    738647    761554    781213    794597    820932    744994    801973    752856    735211    731981    774211    723966    771497    761110    772955    747662    807731    783717    762771    772939    760992    803104    756971    777512    788692    740890
    778922    752092    772404    779569    726504    777160    784216    782084    740350    784385    724114    791201    748864    745246    771863    741742    770225    722430    753478    764621    738580    785581    782910    762632    764878    749645    700679    764191    757179    753645    735257    743099    755932    756476    687596    737342    753556    764872    745989    815788    768163    771678    825160    795836    825597    765760    730253    764947    726304    737715    807940    839066    737072    720588    797881    792083    720864    753483    783608    810799    723456    704010    766256    789413    744241    788602    784729    808976    735788    765847    752209    728280    717731    723107    719648    738983    770747    716557    755028    786541    743317    717037    786911    702136    724263    773054    789640    795104    737765    717166    780334    784324    745158    778374    772471    771948    781862    744042    764019    760575    735317    745772    723814    802498    802938    764801    767503    783559    797927    714255    763204    800734    778188    719116    787742    736538    799960    793042    743125    781805    790146    737953    712169    712897    749389    750585    741923    784234    742033    752178    754788    777551    758194    762662    772099    804422    774553    713228    750229    769683    798768    775538    764404    716475    727124    747517    776091    760478    775401    750088    750369    744474    722493    747703    737140    813518    777479    821215    802641    788734    719586    768646    771305    763814    773331    785637    786558    736517    730597    783628    714348    721787    736644    758418    788545    761257    706843    748817    766169    793131    780356    780229    720152    741830    777645    744501    758918    753343    789411    736774    751180    725239    724106    720707    725536    778159    795718    770525    757961    795693    737824    781643    761163    786961    790979    769855    758859    724719    833101    761858    754251    770940    787733    746443    762268    769632    805096    726544    793016    765002    743504    775697    775221    757548    724621    761784    749775    775851    757455    753815    749136    749991    763671    718781    775199    737813    798720    813463    721109    768814    724326    762891    770441    802721    777766    759545    728442    779670    738063    724188    698710    794889    775438    780915    766710    792096    775804    780622    725686    702380    747500    765425    752595    788935    807790    743110    776305    730928    769043    765492    738765    707729    736935    724564    719764    706498    757484    774248    778699    734321    792838    747204    734966    723091    735299    705946    742503    750544    753050    735187    792848    750268    738648    745393    782027    782313    771463    747612    778094    767564
    723704    740917    741665    751866    714627    742491    734612    767370    705835    725596    674920    752499    733361    698062    765611    702395    732489    717439    711922    694689    711967    743994    747932    747959    736776    675738    711402    749813    725646    734564    725910    658620    741459    711868    699897    724192    751642    737897    709772    743098    753045    709911    723136    781991    792382    711447    693600    736864    667078    704182    750586    739132    712605    688775    770572    742672    711176    721595    766184    732025    737234    679906    739132    743830    705282    725232    764958    803291    721442    744965    695615    716592    706200    681132    703841    712795    733476    710073    729141    768995    696543    696646    754326    717028    725062    736692    770390    754160    695620    677958    762176    726806    743264    738988    681178    727374    738275    684014    721493    723740    719690    697615    690786    750616    751442    755290    738899    742045    731992    694651    708031    763245    718871    703316    726064    684267    756563    703013    705262    771783    746070    682482    705713    716887    743743    736111    718289    747434    714898    723424    713115    742501    704079    730336    719277    763780    756880    708367    747302    736339    742160    757239    713159    700756    715419    700394    722877    716659    738234    720514    703036    704075    734623    700323    684843    791588    740224    769089    736015    716216    647625    700488    737343    731494    720318    737852    743143    724239    669789    733461    683404    700933    719422    704528    751705    729258    707945    739812    714190    758316    762538    745179    713103    754669    744569    715668    737251    749255    735645    735298    750299    690190    725340    690274    697865    727907    762807    726753    723221    782020    720917    751665    721184    733548    772695    734359    746770    677912    781763    739312    729979    743278    740162    737499    703420    752043    774501    718440    760822    752687    750297    763261    696780    728136    705017    738105    715473    767357    718703    739873    706182    691028    729372    686711    676485    743329    766418    801862    678431    703874    680539    717971    761055    735313    739466    708992    686665    749548    722683    709493    667472    727318    750789    756415    739046    726068    767657    754464    712997    695805    695699    726748    708402    721970    766456    671615    752949    706342    743229    735088    712441    716309    722924    693560    688718    689415    716712    721132    770539    703246    784302    704252    709333    714915    687709    715309    715237    727106    724190    697297    766751    737506    715657    703299    742337    771532    718401    726571    749769    694998
    742622    739776    762403    733783    733386    745124    735765    760093    720488    726124    700627    761203    730223    732527    763030    727923    724018    702655    708558    716183    724286    758407    757093    744797    739125    713614    716396    760900    700001    719227    731849    707714    728521    755848    703887    730779    722979    756491    726597    794357    756182    740441    759726    787215    794315    708523    705777    746208    686461    734163    785114    768562    710857    717125    765394    744633    675523    742503    770316    780801    720138    675921    751863    751989    736057    739248    761571    787134    734966    715614    741419    706105    701716    691035    734533    716683    756366    726465    708140    760686    709238    711006    747474    725098    717756    776468    765671    731724    707325    706219    780926    763739    713038    753530    717668    753521    749942    708097    754531    724784    732094    713272    703509    745282    786353    747579    728182    761451    727096    689757    738054    746495    709526    701295    737350    733346    745931    720189    715565    780891    782639    694057    713518    684251    739384    747567    714166    735841    705523    712857    706805    765392    742438    753660    742860    759384    761102    702903    737569    731482    748942    762585    743663    709192    712930    696960    726132    785449    755924    717311    734722    713220    709961    681963    722754    792896    747648    769691    771563    741479    704971    722785    741407    725664    725639    734792    737249    694742    680276    743095    694913    683078    712883    740574    747781    746503    675395    754214    722496    765998    755329    777202    728098    727676    727549    704856    740192    710489    783418    738195    742639    703450    728739    695071    677933    736887    753972    777339    720611    786748    747502    743041    734249    712847    735250    724823    746850    703700    783127    749114    701986    761164    723088    771208    722353    740027    799542    749710    751277    751571    723435    757573    735416    727972    681420    753062    740430    742079    708541    724112    711640    720110    736757    657745    730403    720273    757424    773724    683177    732568    683772    702992    795153    734564    736159    722817    713901    775316    732376    702611    688757    729129    730186    756232    708334    739458    760916    771623    711415    680309    745510    727330    739048    729793    766080    691698    726448    721925    729398    715230    720441    741317    703748    701557    706245    691852    704834    745534    772058    713601    796700    683112    723393    699686    694235    693958    735706    736672    743718    727099    776851    726103    737292    713709    746641    770557    718899    730119    740273    726527
    753234    735718    745370    718176    714958    751639    737619    749725    702950    722372    683512    724576    710435    692042    773593    713250    737063    705659    714639    708493    726302    767396    743157    735414    755106    714304    660688    753649    733708    735019    736730    724669    782667    725082    694686    713345    728030    748943    722775    803156    745619    756101    768989    789650    796993    727278    700823    763938    691793    710752    756688    751770    712264    716050    782250    747968    689418    707911    780875    786281    706545    680165    755518    766107    705802    752139    750984    804999    718235    726095    731655    727065    694292    667250    730936    705909    757664    721298    744947    756156    735097    700159    754884    726126    711668    783898    775110    759679    720639    691345    756180    764759    713658    756502    718860    750576    750296    723603    746343    709698    736567    735414    715854    744567    774221    730815    729905    740073    757253    698419    741042    780859    734644    703683    780260    698520    766374    735655    708598    756858    747449    708414    689164    707672    722775    741147    724677    727363    702522    728873    725924    760544    737755    734648    738697    771845    756759    714225    759650    747403    771835    751115    724035    720130    726373    694572    758895    742074    737446    724332    744015    736650    718054    677820    720055    773294    761379    789462    777967    733927    684054    720233    760072    727232    723967    726681    745406    751097    677546    740412    714364    694783    706653    734579    744258    744194    709142    755631    718612    758878    737162    752710    733233    755352    747541    714745    717942    730533    788334    746678    744997    684702    727049    707314    698490    733061    763402    726740    706434    779994    750445    756137    698539    721265    766649    714146    739814    684973    780469    733391    695004    747154    760568    751063    727436    722527    766901    772026    783052    725376    720341    736764    716275    740675    704467    741737    761909    755751    698383    760866    735127    680903    725039    685535    706454    696333    771159    796266    675559    696945    702740    691858    770918    711797    732885    746058    700093    778850    732839    718231    658725    754827    760233    774533    720896    775715    728115    746431    692268    691062    741537    759726    727609    749266    754256    707503    719781    709241    719351    731133    714697    738737    736908    709336    714509    715475    699577    732030    768648    695266    783370    686695    691363    690217    712066    715735    739593    713976    755326    688454    744278    748122    723294    692282    782068    771297    731868    752399    743391    708536
    816861    767811    796307    785642    743179    789104    763041    828666    756504    742405    726440    780747    741109    745918    797594    760026    797129    759551    780768    773088    769212    828315    812117    791045    790716    759702    740472    772539    784514    774382    752525    767137    787220    776785    741197    758995    740880    777999    767086    810414    787537    771950    814118    829357    882047    755855    742595    755024    750832    743869    813194    826943    748848    763488    822294    817423    746372    746794    803817    819568    744607    742755    778733    799091    752452    779735    796292    832459    760082    793506    797912    753752    720545    744670    754354    755438    807411    778307    772981    786763    777923    751634    786471    744257    772390    785765    796557    784949    743621    746400    811126    805331    743133    791169    776054    779590    807937    738699    753876    774478    758142    774993    739525    822067    816996    790156    809686    793650    761155    732497    760057    807033    758731    751795    787333    772496    798220    743736    763091    811001    797066    772553    740989    747352    779565    796975    741339    785507    733151    740255    777453    790060    756144    796075    766991    811175    761622    793426    759354    760166    814387    765059    763315    758564    742215    711421    792436    804754    805199    744026    755922    779606    768268    719996    756312    822829    794069    846714    788360    770174    776119    754978    792623    758148    792316    797516    775907    750113    719748    824357    726752    733074    742780    809547    815919    741857    728058    790567    761048    789444    777821    777959    768622    778883    779328    764258    796363    778511    818232    793025    758488    755456    780525    739725    701475    780004    833596    775787    741950    845785    790103    804516    778992    769940    781580    755727    796638    731624    804712    791103    776384    799648    762753    806284    739046    781861    801993    739906    820612    823199    776587    790969    772233    800331    762696    762442    747276    796157    754860    769868    780337    739242    772662    721003    741125    780030    833530    816005    708772    752906    747784    751025    821037    788103    780782    793109    722438    797665    765373    752787    700486    766256    783904    794557    761353    809135    804675    783390    771161    758256    782771    797029    790348    790198    793986    757585    780376    739986    764904    797667    741531    773875    797088    703131    723797    726838    764445    790656    821563    743798    788181    699000    729278    722019    763128    731031    769249    760675    775579    737657    809510    771085    767931    750658    797786    784502    751717    782877    796139    722101
    726188    732680    745593    739240    711090    765148    743934    764673    719439    721838    688231    750674    721057    698406    742104    716434    736131    719321    704243    747456    738408    747389    746171    728892    754773    727292    699847    750420    721342    716918    734070    701825    743284    744233    719083    710663    757336    731992    712562    793108    755441    733794    771381    782887    789102    704496    738265    728901    700856    707899    795202    766719    691897    714623    757704    765376    704747    747404    793191    785327    702831    667391    769851    760736    696444    723111    746673    807474    719304    741899    748339    723994    674665    659401    714719    726977    727071    702192    724144    745465    711925    687813    728238    677383    712391    754844    736171    741206    724436    671929    772877    721355    721126    741464    681391    743967    735079    699065    742460    705883    733416    734067    709513    744624    743226    735393    736267    772661    755639    705908    726467    758230    715102    706670    744221    709672    780592    718868    712873    764159    745961    727509    709220    693210    713139    748975    715973    719884    679861    709071    714509    738133    716619    729393    729155    759830    723957    732026    746045    735847    738427    767969    733277    682893    670190    688188    713911    759070    736412    710307    713401    713994    735726    711486    727393    768651    755266    748078    788543    737720    702182    689753    718233    746048    723111    708147    748200    708988    700359    705374    687665    680040    703254    740111    745081    734136    710817    754711    741181    736014    740517    761168    727050    726762    720307    704395    720553    735037    748831    689802    742369    686836    709035    701212    667407    711493    770488    750334    725088    760312    713957    733286    740899    720775    748611    710599    747612    688565    765534    749526    732523    762662    780099    747057    713074    732979    746673    720768    744685    739565    711516    708550    681900    730637    681893    747691    737692    717583    711485    736228    740595    694454    705356    654738    722778    698976    772837    768524    663815    763462    689624    696602    776004    723880    746740    718318    676872    755133    734868    699073    686515    749251    730465    750930    704869    741393    767847    748011    731905    698240    691818    735066    685803    735179    744001    682226    714522    703813    737198    734259    717504    705909    732805    680785    680286    690269    729941    752188    754044    685349    788729    721048    705838    689311    717820    697901    735643    743612    728013    701152    746647    716648    713225    703387    739079    761220    741935    693450    761993    686904
    784688    771029    780635    807024    747817    799921    783684    788153    759950    761265    712974    796727    767528    743344    806237    761894    770003    756187    762045    746423    783622    811416    807481    766874    775450    735647    762002    770638    762703    781072    763482    761863    774738    806446    731103    721898    806151    795034    736358    812976    784904    764353    819659    837533    838625    752719    730642    776495    744144    758663    804543    798229    739677    752111    835119    782007    751397    743430    804981    803024    766030    715858    780482    803682    738790    764338    790473    825534    743989    784283    767635    751663    730651    695452    757761    775970    769467    772143    784053    794873    765059    724588    762290    754917    773769    795241    810047    772652    734549    738218    797513    808491    774634    818597    736141    773726    809886    722415    766183    752977    768298    756116    734264    806325    813745    766692    799606    801376    790264    748709    762825    795296    742994    757442    768149    753028    766731    780186    734979    792343    815679    715190    750103    776017    758840    775921    744508    775297    716422    764630    784168    788519    791781    777060    765676    826964    811544    739161    804023    777879    840563    792854    763906    725290    721487    734263    770305    809603    774993    767000    765371    767533    748649    724663    744972    817689    797083    798252    811734    754209    749467    745157    771450    760437    760803    757969    798518    755244    721242    777697    745669    724944    744996    797508    781798    755248    733902    815837    748663    802826    807796    793801    755141    761242    785775    766469    757999    788611    832555    776907    815259    734397    736405    759968    732690    765624    782541    773384    772680    816067    773632    807693    755961    770404    791014    774247    761459    727546    826176    755880    741174    799584    772669    799461    736968    775246    803029    748612    823317    810369    767052    773612    770740    785539    759253    776576    800674    780395    765274    760254    768648    748698    761908    729137    725697    760701    795355    840837    706384    775434    716810    743123    826628    774098    804855    741234    725592    820313    779241    750979    737127    761828    800866    755742    780777    788475    795892    801221    755589    723843    760799    789534    744044    765014    801035    741635    796936    733872    762693    756677    754090    750945    757108    722964    745272    749786    767596    779095    814987    727516    807433    737291    750868    761680    739060    722595    762694    768706    742927    744783    794572    783578    772682    754938    785781    789454    760301    749765    783807    767939
    745317    757019    764877    771865    709144    783267    744042    782933    730052    755839    681083    755028    736957    736311    724982    756162    744785    729112    724461    758257    718082    786702    761513    755378    750670    719772    684828    772496    738145    722022    721450    738881    729812    740021    689270    708755    742992    769977    726355    772440    761719    729773    761141    791876    786433    741729    726950    723478    702157    723652    803728    813204    707973    695521    786624    775322    701305    735652    798575    764725    712969    706341    729059    763743    723765    726121    761908    799640    712566    773609    748794    704674    705624    691156    710382    715366    758928    720989    749923    762270    730931    698404    747970    716765    726063    740200    756209    755770    709641    697091    762713    753631    748655    730522    717299    738804    750788    715331    735125    736240    734244    740892    698666    769572    759695    749538    745144    779886    764799    680617    736393    748211    716530    725869    761669    703898    755653    745543    722766    773967    765244    712701    745479    713619    729198    747049    729297    731481    688333    719037    724113    730362    728723    765390    738214    754361    774323    748077    759904    732068    742019    740169    726133    694677    689837    716446    745101    769268    739274    725994    697606    722104    729926    700315    732143    782965    747109    780887    786876    742480    711679    742722    746562    721838    700597    710707    723882    711887    664520    744641    709099    688582    706565    734149    760764    748920    719788    738075    711864    738476    781193    781442    732786    725983    735885    749608    756917    746096    764081    723261    747021    700070    705178    691689    678636    736793    780008    737736    707951    787630    709874    749365    773399    729434    753630    723010    715830    671805    781105    736051    724026    742603    753789    769456    732045    744147    791046    702895    786698    781696    716926    747401    712738    739156    727707    712569    725037    772495    727013    749533    722007    689416    723930    678334    723036    743470    779787    799578    696497    747482    680774    727168    763399    740450    752389    758331    681823    775417    713455    676157    681450    737080    712769    745096    722969    752515    761526    779505    724994    700727    739863    734858    742194    769621    729249    701022    767188    721801    718734    734634    726847    717259    738261    699171    690869    681779    723995    739610    768828    734995    764757    721047    709974    699585    710825    677495    737250    697721    729398    713294    756595    749629    712319    725974    728111    752314    735446    718461    743017    706671
    765276    755281    768327    769147    684631    754323    758018    744409    716588    737199    673891    753285    738976    704364    755731    727387    762718    734107    741529    709506    716059    748459    761724    732377    758791    708697    696353    753978    706292    741634    732835    757745    742101    767430    733797    725284    737244    754355    741690    785473    750723    748173    764713    813768    810269    714568    696127    755835    722378    734758    778048    766034    717481    709123    806254    763336    715322    741880    777874    798350    730734    674752    732711    765059    718180    748985    739401    809602    723015    739461    739059    712253    690325    693576    734910    753097    756079    704151    729309    756207    712422    687978    790749    694510    728991    747963    777270    763569    703886    702203    771530    763864    730762    793177    706205    726441    779605    703515    755934    705248    726295    711835    716357    761493    812342    750619    751861    764718    735905    681370    749489    774119    735007    721466    779694    725387    783842    728160    709751    774291    756097    730326    706504    713054    736647    759552    717591    747234    700035    705173    699745    766617    726180    741766    735623    756773    749481    758060    754968    759624    758304    754786    697578    725254    668562    699055    721722    737577    765257    739180    752392    712685    738007    700721    731592    766637    749299    754956    768203    750071    694460    708598    756271    744910    741012    726202    786683    717026    701983    757798    676370    695313    706274    799009    771633    713570    706828    741887    720785    748609    752334    763205    746831    748944    722333    717804    716320    731819    774053    752783    744970    686894    724043    695343    709280    735966    759816    767917    709874    769474    741178    762575    732480    760179    759541    721754    745566    706139    782757    749670    713479    772352    765865    745239    748475    741079    774997    742042    783148    755035    736279    748934    722489    731502    709856    749772    778702    750031    713464    746750    740138    733087    735844    701391    737628    717524    761827    812804    704816    721353    703483    702705    786804    727655    724936    735500    693623    775263    744052    723635    671844    744553    763577    746748    731448    751044    772746    732324    775890    714797    713201    757784    733793    742852    745257    729749    712393    720343    727390    749832    735453    724991    712499    710725    726900    717746    743184    737583    769320    704775    789785    702855    718035    715629    696265    686370    719770    738440    754162    690476    734486    703521    718722    737400    750883    739965    746628    740138    732167    713997
    759719    755418    769002    796629    731629    768082    758043    810568    748964    739961    724073    783394    762546    722204    783064    735248    747931    746065    738685    766972    795584    790817    740598    741717    776653    727982    744231    781344    743862    743917    768645    748185    756099    760587    726868    760350    751958    772426    740820    813430    779313    755888    806484    811356    833253    713114    731516    770064    734535    730768    852437    799693    739348    692600    793865    781114    728562    734342    798070    784698    731678    718069    766056    763509    750118    759377    782600    829856    743082    753270    771981    727922    720456    723234    750059    771227    766943    733003    731781    783283    743060    719222    810800    720410    765143    765203    773401    775539    720819    719365    780023    774245    747689    757625    749692    768093    782138    731848    769374    745190    736587    739781    739258    767295    784652    756896    742331    778181    757041    712579    763845    798406    773349    712993    756778    711869    821983    742842    737769    799236    776576    730243    735282    693975    747608    759672    749261    777353    705794    764641    722452    758885    737501    772417    739387    798855    769657    713144    754140    745120    793624    773655    753626    728462    715610    729296    761397    769504    782783    757727    723760    717621    739642    711427    725788    811603    779570    800589    798967    755906    720589    776435    779960    765416    744689    747802    766100    740455    690764    767295    727420    712018    746211    771991    781467    757067    726734    767628    747451    781438    771421    762957    760547    751074    765102    726103    757974    766941    796893    756597    780405    716682    750163    709618    712494    750764    788165    748636    729983    793836    747245    757786    765519    744291    771282    757800    754697    732568    819763    761548    745539    788026    772316    761146    745954    789204    794904    734720    824367    770694    772157    760019    751568    736672    745480    763654    745687    784925    711774    766299    756320    730927    758708    721788    746970    722908    821895    820940    704105    738485    713488    759166    779177    760248    751442    757193    713243    767076    752034    703560    702463    746330    762936    760202    749445    810882    780680    796893    740928    740560    743723    790107    737776    771957    767791    733556    762939    738423    755565    757415    728488    745165    747708    723131    703793    733745    731680    746653    796843    719021    810886    719987    714724    727053    730031    718374    752003    737225    777220    749251    799236    787843    765220    700619    758108    804051    750637    747096    775029    752359
    756282    754406    744579    766232    736026    755285    763339    797327    720004    739546    697676    772711    743103    753736    770623    719507    751370    749434    763106    758908    750911    778071    789902    787035    779445    724458    723367    767598    723760    731241    774339    752075    779167    782798    741447    741218    742691    765919    726966    807010    733288    774164    757094    812039    796964    744371    747081    745026    717264    735658    768611    778904    705991    734334    786987    801245    732099    744071    808113    764527    739319    701284    776693    792631    739598    751760    772409    815706    717636    727060    754793    760522    724219    725105    729649    723871    746419    765531    743678    799735    771227    729126    788989    712202    749350    764161    781395    778508    720467    703941    780340    792204    747685    760901    717840    743419    759391    722222    739096    742512    741972    724622    702619    769700    796273    750621    771796    794480    775392    702375    759832    796699    715891    738552    782418    724151    764672    758703    723149    796516    770039    754852    715046    727772    768930    749498    717102    742802    717915    725837    735631    766892    756062    765297    731329    786807    757446    721429    793089    763813    776221    793424    756619    710809    714820    716415    772210    762978    760950    735593    738125    722755    751623    719630    723882    791259    756779    785617    792319    737246    736497    733708    779290    734496    705259    753928    795030    706811    683473    779682    688210    723000    741333    737558    777542    739074    748977    781071    718642    776264    779067    784055    770862    785793    761757    744551    742055    767515    789025    752312    758895    725963    770739    706581    664551    718223    780569    759546    744470    794098    757837    783156    753586    738729    779871    747651    745787    713635    810451    730555    744202    801511    747957    770472    733009    751984    793563    723727    774913    759972    759900    767741    765845    784078    723503    754623    760574    760695    755675    773222    752951    712253    746911    660974    730949    749507    802896    799112    712482    731524    704331    746266    776425    754279    787657    773345    706737    780534    733569    745460    688255    770608    765789    775011    762505    744080    792249    756138    733455    736027    742319    750143    757565    744847    785389    730631    755109    732796    759994    758912    747841    750762    732894    708551    704787    711622    743319    755417    779273    739938    795158    728611    716918    702892    709344    743344    734285    768396    764994    710881    776661    748012    755108    713111    771475    768985    739477    749156    776222    736362
    736041    727364    730470    738644    691490    741590    753225    730154    680008    713708    703523    714327    699298    694061    742431    710666    763122    709229    700614    706817    702087    739372    751841    728937    738590    680917    726227    727849    717725    706915    691817    716081    729130    714611    694327    693995    729629    723042    690690    783986    717566    752547    741754    779942    777547    708493    646745    747396    679910    705537    744209    766074    702238    697863    737927    721478    677860    707661    763540    767827    681994    640411    721821    758370    712757    762030    744268    764126    716406    732555    712389    663335    685006    666354    702991    709130    720749    694510    716490    744354    687400    708287    721322    679244    714676    720437    756200    782037    702273    691040    774391    734065    721000    745739    714915    750361    747008    707086    723580    705346    696662    700273    703657    732196    742343    720620    756353    736526    753923    676895    716267    774174    721559    708745    719860    727256    739824    705511    696383    764966    714942    710000    699764    693814    699995    759861    689813    740118    692134    692007    743524    737344    707956    708322    709915    729509    736288    714123    759432    727324    746331    761142    697935    717361    685719    682176    704315    750196    732790    716237    725143    680091    686586    680683    723034    753613    728581    724447    735064    734028    689419    717113    703955    728842    708672    726791    736281    670741    688785    764580    707305    692160    679969    731620    730351    694896    675209    749053    701681    737478    741500    730739    708982    703886    722160    678389    699268    735369    767692    718660    702427    661183    677486    672462    711964    740152    747068    760743    702307    794299    707800    729802    686427    709301    728897    713486    740800    664968    764172    720477    708752    719642    733043    717716    703759    723725    758547    706782    750598    728351    734064    715639    697521    714618    698388    748689    747666    741557    682237    760522    723467    695317    728531    676869    721154    680854    741247    748660    689902    735341    691267    679375    758027    687097    722060    724997    671236    752243    707985    665530    680322    721991    728257    711364    719247    758783    743755    745750    716778    683145    705134    750664    713038    722597    722053    697428    717074    694712    714535    711140    698884    726689    701370    678115    684512    694342    712474    727209    770617    652183    772998    673173    682579    697943    683904    681868    727025    764800    691409    687155    753627    722753    707939    704539    743063    708170    720013    731712    722752    688922
    793827    793282    810603    768809    757026    771508    760387    767185    750089    755691    666944    779988    789422    763314    807772    735224    747526    758219    740809    746818    777399    800663    800049    758409    796754    747272    720718    792285    763132    763581    748744    755636    778037    788199    778621    771664    766080    800456    750087    827309    785674    764825    819756    862132    815415    746673    738788    779087    713033    750358    840164    837096    759600    762332    785244    811005    761322    776814    833594    820227    769163    707891    795345    794845    757645    751142    815645    802998    780203    769354    760315    750335    705527    720113    765708    760323    782525    773378    759678    789993    755446    743390    801268    726190    738409    772428    788973    790029    750015    746354    821932    812663    779008    795578    739512    753502    810815    707488    783047    782884    744823    746874    756946    788919    806575    780601    798241    779264    763041    773196    781193    805760    776352    738303    794968    742472    819401    751053    729500    837364    784161    722316    769575    715241    767955    780722    725904    747025    751735    732325    747376    798788    758118    759919    746631    800757    798959    766770    793552    760628    800403    807343    751673    751080    733602    738210    772353    801181    795356    761133    771336    767172    748016    745890    762006    813525    788658    816611    804549    768724    744492    724068    772715    777924    773127    760534    759027    751066    683587    781023    702705    740283    784206    775489    810591    768521    729909    807446    772377    783937    791560    806839    757816    785217    755018    735848    766157    772108    780426    763990    762422    759292    754246    739709    750797    779056    789428    793121    755567    804244    757607    791776    754400    761990    773861    780568    766626    707498    823622    779115    738144    798387    792980    796199    740376    757651    851271    778482    800141    779740    749653    764601    738061    780958    754549    783944    781437    778121    775257    798224    760406    741813    764166    721426    750903    749315    826071    809252    717875    758573    719349    713691    809800    770021    764272    753138    757587    814261    790838    717261    718224    786063    741675    798837    760215    786612    778061    781016    769919    764598    760860    763400    737884    789768    797550    760547    778415    741081    754544    752734    758849    777234    757361    724804    732691    750363    758644    790124    805106    721283    818052    723900    757570    731088    756447    741218    785965    770148    755919    760258    780238    751028    746201    757458    775518    788489    755277    764991    786486    739558
    761995    772458    767420    758091    730873    762294    768678    780834    762768    753059    687792    764525    748792    754413    785318    745586    741513    761543    731766    739284    777530    775916    779422    760566    779292    742646    739743    765448    734821    752360    735911    740559    757130    761380    741398    767569    763736    789855    722757    793610    769391    723087    810777    805544    820020    758848    736846    768818    724464    731136    823962    777217    735948    754614    808766    824575    712431    768230    810526    786723    755221    729603    785380    777922    755901    768840    793179    832866    744285    751677    786022    741491    691404    729284    751199    743032    763248    748574    769683    786489    752335    749926    794219    742130    740972    781140    806012    774303    747310    728513    775474    799908    749303    780172    747266    769352    778775    739573    778731    756633    760368    737759    735439    788508    796560    760127    790890    788552    783905    749813    761200    794057    759283    762875    798485    749237    782980    741101    734080    777391    794348    756931    727036    716950    773509    787347    752801    745659    754893    753283    771695    778783    747494    762549    737930    793675    771978    749563    761662    756001    785021    772232    755632    751924    725829    719262    773119    784912    780225    741677    750580    737547    744812    722266    709320    802281    787297    820975    804050    727060    743277    750988    759531    732904    726033    779401    765836    745899    700769    784589    724817    715145    726744    777355    819765    719227    747656    783991    754584    793834    758180    769300    760820    778329    767187    719941    767661    765419    806113    766965    774489    730312    759737    755097    713422    764781    789701    773819    737177    799290    762468    752776    778425    729372    791279    762147    765044    729311    807256    751701    754637    759550    796799    778535    702883    779932    783093    756025    815511    766301    758479    778417    755612    774245    733249    759287    745726    774612    755779    747259    757307    731399    736846    717149    730439    748362    799513    846181    677461    720286    709993    732219    786401    739686    758850    758840    730779    803581    763709    750291    722810    786526    775092    789759    738766    800806    809436    770753    757725    757022    739082    766227    741266    771234    762398    748954    755490    726957    782424    759134    759778    777854    769747    681445    724334    721875    749470    762541    770490    717584    812173    696741    749624    713979    735586    722805    751256    729005    778227    736798    811283    743145    747613    735571    751258    773408    723270    735374    759620    714172
    778689    786734    781440    779083    773200    766234    763390    801781    762722    793163    711060    784878    745401    774075    780998    770615    753070    738600    741272    757429    752893    770799    797434    751981    789238    741409    751030    786568    744025    762193    760487    771281    774457    758784    752920    751884    763151    768079    744294    835754    782636    779424    802007    832962    819678    763537    750130    780757    716129    762581    816232    797139    775435    745971    815863    784366    752698    758152    830066    773777    766635    701656    779171    788191    764206    786026    783339    821502    740020    780202    772225    722106    730258    717796    766883    784668    779812    760831    759072    779652    764767    749906    814606    751728    765801    783322    823127    789442    752798    752054    797992    801612    789362    793561    739476    770730    794164    732306    772568    759612    769735    773295    724590    785736    791641    787282    780361    742247    786174    736454    731718    799835    766633    746078    779976    757012    771145    763050    757819    794295    788109    753487    743077    751883    737470    786800    739288    756541    769799    745108    767491    760939    753417    769807    741529    816436    781202    736499    797292    765324    778575    793064    749422    700315    735886    742891    743634    801779    807366    740187    772494    761762    720138    727141    745656    826691    796186    807301    792871    754203    727435    758664    763700    777726    743379    743853    801573    728211    719672    830122    731976    699305    733949    754172    773429    767675    719222    796239    741290    777970    770595    774975    763161    785102    746753    752110    755272    775826    837274    754820    767240    733945    775677    728123    730512    783670    786865    774132    752592    799415    767658    778073    736186    771913    782912    757561    782680    733943    816833    739201    765198    792030    790352    800642    739874    777297    818243    762384    847055    759280    770559    763359    742425    752054    753634    790993    795857    773022    745770    751122    759380    763752    787864    746288    754643    775345    793236    830746    708509    732049    708746    762965    813726    783356    792488    732940    753156    807677    776996    732140    717069    774959    752286    785457    760267    767073    794664    789592    759115    734576    744075    769341    723991    762223    788813    745697    787857    760885    758529    745898    787367    766044    749486    716125    736184    739209    785776    751593    816935    759757    835998    736022    739614    715511    728711    716421    772061    774619    736037    734704    798278    755137    781444    754740    783331    785982    759987    787075    792025    763768
    798560    795543    800679    801523    780540    794426    777950    819077    800932    781156    716381    819712    799824    797061    787534    766324    764710    751941    785396    805280    786716    823123    819741    809754    801871    759324    786860    794252    761053    756676    791866    754919    764010    772147    757768    775234    817970    806231    755414    841410    806841    814462    841814    829888    840691    757197    765834    787142    721386    773793    855922    814091    782034    762065    853470    792553    778067    775730    809718    782940    784180    756407    814039    781846    775714    792897    851116    854404    765807    805844    783567    750573    761991    748850    767477    770105    780988    768555    794088    841649    778917    783095    817264    764855    779814    810500    829085    826688    794170    734731    838542    828228    798303    824104    771211    784665    817159    757762    795776    812131    781979    825414    748049    802219    820636    806100    818875    797373    821611    746101    808162    824819    791255    801924    803918    769954    806588    797487    730029    870355    843888    754491    745127    726904    795417    809541    774280    779332    775166    765898    779940    806683    767257    795399    768853    828676    801088    756670    814497    793049    821869    817381    774497    767685    755250    770486    805354    819088    797475    772316    760434    781472    745917    773090    775926    845952    812205    831998    813304    785445    748034    799758    789622    765495    760587    789059    813238    762839    711466    816264    765108    728427    782746    788528    813402    779942    803829    807944    766920    846024    806246    818850    776082    817574    770221    773124    798387    806851    826925    788556    786289    772800    808164    778346    760238    811423    840763    790409    764514    841681    789135    792602    789455    800872    829707    789373    806702    753707    843457    780649    752842    823143    793700    826643    746369    822787    864790    790911    856073    805430    802277    805614    778133    807242    750856    815815    781408    816374    779730    806123    782072    749053    779503    757162    737246    816525    860018    846590    729509    777553    723043    784673    835500    815374    813477    807025    759003    824311    780530    753556    726277    814293    785755    840266    765053    804147    800740    803612    759608    761438    782374    792718    766323    784672    787179    708162    835900    786628    791660    782006    779144    780884    793099    737681    716648    738368    796449    814334    865840    755673    847966    752230    749818    730965    750988    780391    760802    775137    776651    756025    868964    811832    798710    779676    792879    818114    799126    798799    797534    758432
    783580    791403    797907    778665    762639    794751    765688    802259    775265    775609    705699    793173    769893    786832    783457    763108    774518    757114    753691    787946    764818    810936    796613    793017    809915    765193    720778    770792    757533    786300    756701    737650    800138    804517    749262    744006    790826    781438    762623    826408    804755    768245    816139    819381    826235    746630    780368    771583    757975    784200    845604    803531    746039    747686    810574    777434    745231    785770    831401    815845    755161    717839    828008    785407    778382    805633    815739    856698    755301    776652    760950    744135    732794    721111    765066    759991    803386    732930    769268    810980    747261    748306    826674    725213    773092    806680    817530    806901    768173    744265    810461    794671    791461    799301    767884    779198    770612    761729    805339    745106    804659    778137    736412    771217    802196    784050    790156    822054    776207    736666    785090    814558    774514    788798    799527    755945    810170    773593    751052    837348    818655    756898    762642    733115    750364    807649    764415    771825    742305    752228    761141    787937    785966    799524    747974    816973    794292    768869    804136    777895    798656    792408    777355    752685    756447    751126    773453    809934    808416    746518    787377    772449    758235    746500    782702    857296    783814    833086    803925    776022    753092    778759    787094    769799    770005    766274    773052    757642    705230    769838    737162    754204    749314    810620    809132    805917    757861    770549    738116    803187    781557    826326    792263    770541    783591    728922    799085    788559    802226    787102    776488    768038    746330    737677    751622    769098    777863    747616    763973    821099    756841    790624    778002    799610    758484    749404    793351    742221    829050    781616    773608    781860    835243    806455    745845    780353    822032    763159    817353    847602    760172    782993    757088    779218    766525    798506    776773    800840    768090    792883    776765    759531    761135    730315    751697    771556    789456    847154    719358    754511    740372    745127    787265    771424    785544    789651    711344    818626    768520    773756    712553    784329    771038    805915    747702    803242    806773    802706    760353    744351    791765    759235    747072    801634    805626    733627    760778    803853    789967    786387    779877    781148    757437    743419    745907    743233    769103    786049    823239    764208    813616    740526    762435    756063    739977    748494    790045    762930    793398    752007    812617    798738    763599    733326    819498    803789    772253    747797    805724    770505
    777498    807252    812712    797949    748748    793657    799980    821728    782554    791038    739331    804401    781008    740969    779777    757706    775344    752096    777385    786842    784383    805116    776699    810792    802700    768026    741842    808750    758485    747464    779634    771738    789746    791343    758321    771866    794867    809546    767836    813679    802037    800905    811456    860691    842640    760607    757779    765504    755112    768131    833524    827519    779077    766784    786359    809268    751342    788227    834195    829740    765672    744993    805387    797781    763978    812308    826746    883762    773684    797929    779648    749498    746809    734847    764350    803005    814719    767763    778588    821382    767565    785742    811641    735898    763779    824292    800877    829177    770631    736624    798563    813252    793069    790326    753949    793878    804372    764246    788775    775827    781936    766446    748453    801603    811465    787741    791389    792865    806755    757450    801565    807109    763348    758905    795663    784425    813397    782567    751974    833050    825013    762986    763041    755902    797290    809758    738664    756687    777906    761321    795461    818337    782814    794767    772593    829935    802602    779986    790603    779000    811758    805194    780179    744526    753296    750210    761266    781847    801238    741593    763130    739206    756932    727043    767805    862706    789031    822705    807238    781698    739875    774730    792717    794991    802016    806558    805687    767045    717266    823156    731434    736970    764782    833391    814437    780842    746983    819926    763289    798062    782770    802758    769895    786924    803204    775398    781248    790955    814967    771829    770528    755440    789349    739546    737900    789732    795898    787412    764445    822591    772702    794233    783665    774379    808042    801030    794895    743515    866859    790661    747219    826452    793628    784869    764381    802526    830197    778151    850321    811013    772248    778650    749462    768787    770427    771530    768576    785376    757692    792459    776752    743394    784782    742222    757073    768930    820532    849529    718271    769496    751994    780988    826469    791098    796037    784509    737818    816267    751045    738406    722698    784255    791143    828606    778955    807287    797893    793763    757418    766839    775019    808688    760143    787965    785623    770953    798309    746233    765790    765246    755160    775589    742792    744772    725889    765673    755271    772449    833879    745300    842287    741917    754727    752030    735900    736003    787324    753861    775659    760992    792164    786829    777362    743653    783545    784068    788087    787023    799082    768185
    819480    814739    815137    795246    818020    842326    822335    831321    739887    838077    738872    816440    775872    784330    803211    755006    829007    751347    782792    788214    765234    811311    823690    808337    791473    756411    761507    803292    798215    800182    773317    791198    809526    797288    774673    774102    790704    836137    767622    849349    779001    808226    840555    845002    852537    774661    747080    800088    738134    771389    852098    835018    780289    777047    820159    841565    774865    785227    856584    805642    772623    741941    847003    844590    796702    848907    823507    875832    778476    784518    796357    760683    749007    774292    801107    807070    806604    753922    787269    835747    779969    782688    817441    789541    781862    846536    816336    838546    791613    757632    798836    843202    788415    816307    787193    811277    797524    751790    847097    811280    781389    806842    769144    809718    827677    815895    836551    831971    804231    744523    822690    846201    799713    777746    813624    794349    813649    812058    783363    868194    830979    772974    771312    755874    791817    821650    789323    780749    775351    780256    769469    812881    794613    809900    788825    832874    823319    772686    798171    806409    803685    834328    783187    801092    771820    748631    808455    823375    825747    778132    786620    764786    784086    775415    776544    847456    826107    837576    804519    801554    760304    807646    804562    775409    794532    810743    820396    771271    739447    833945    777487    751908    787271    804336    828719    782358    745150    831861    804521    830837    831527    833712    780971    822283    788983    774958    792060    789685    826783    815465    810432    752245    778827    737415    746948    790811    831558    828948    776985    842049    791306    809885    784140    815019    819802    809182    810119    761104    848596    776727    744558    801066    809421    805419    786778    791555    877980    789686    857542    794993    773562    805075    802050    792662    776531    805965    783557    827190    779758    793702    776994    771327    789055    748492    800017    762687    825718    852887    739948    790740    745531    772872    832472    833290    800263    817389    763263    862824    790510    742123    749171    792693    794249    839253    807483    825311    821188    813629    768386    752470    810187    786915    808002    800222    820731    739994    809660    783568    805659    795715    793781    789430    760903    747465    734878    771414    800246    796540    826634    772991    861955    767299    760360    740054    749682    757964    789378    801493    796798    780908    800428    806216    813781    778724    829867    816975    796861    785684    798721    772601
    727070    734714    770702    756107    730122    757818    731888    777655    714364    743439    692375    768012    744181    719651    786352    741268    761170    704134    726318    748154    724868    786093    766609    757636    768938    741109    702451    721323    744387    780972    750441    704774    745758    767115    729012    708722    721060    759570    748396    809040    760243    728195    768778    777044    801159    753461    731787    769127    713710    724443    783644    762678    728114    712939    774132    761625    694647    740235    785220    784559    695814    667696    779469    744353    702322    733740    783343    817191    714641    733876    755029    711417    731317    688589    739425    733311    781847    737234    725428    784544    733920    717804    783162    711744    722187    792346    775066    776937    699319    725639    746910    763808    741302    769944    708259    740934    758687    710913    739086    730661    703797    732644    702520    752492    759368    745522    742251    745381    762517    705122    744930    792255    728371    724583    756318    698471    790371    711614    728673    791652    768165    726664    701709    713499    749178    763651    738245    732178    745289    712192    723050    765447    755607    752134    727626    793153    749333    713273    740483    744207    739320    754519    731392    726477    731779    713957    722173    753536    760928    723031    748464    727620    750654    700457    743520    786881    750934    780567    760122    717027    682984    745381    736254    755162    740149    737384    738162    736049    698063    759947    695355    697732    720552    767261    753705    726627    707765    760287    738832    769586    746388    766322    744806    765049    745789    731917    759487    753780    796887    731290    738769    694132    721667    717274    707653    740482    782283    747325    720139    777317    738537    752221    742407    719340    757255    742709    763318    707058    793679    769781    718801    758294    750958    756029    737996    734814    812037    739102    770838    773471    743043    760307    721586    737624    718449    775435    767815    777619    739854    741520    716908    705856    758461    666539    725728    748683    767179    782172    694130    722916    718228    730474    778860    755492    754199    746169    697047    783440    725638    725497    686540    752263    775407    787443    732622    766977    762538    749735    723356    716311    730367    755172    762140    752012    780403    703250    731268    738764    767482    737106    717313    731391    727885    689296    678525    708312    734309    740390    786634    728696    788147    677224    729437    723249    721977    710183    774269    738895    741209    704587    771397    754418    730592    720764    802333    770039    746150    714897    758611    696311
    755151    803837    768702    782343    727372    786478    769062    800925    749487    735702    701410    774842    768549    740595    811237    752159    758833    759001    735930    736362    763638    804382    751211    768422    788417    744856    721096    770331    722909    773698    759299    733741    776044    767683    718656    760697    752516    781344    758165    787017    777200    750747    792580    823491    828183    746569    731978    774342    739309    758090    805859    802511    739614    745500    796208    789159    729207    775360    827499    788043    726906    710157    780595    781073    754416    774227    790791    849705    729140    759027    769103    754214    717219    720603    737131    749545    774504    773332    778105    791827    756928    731664    779703    740865    752894    765308    790163    808416    746670    715559    811658    795555    775172    790191    758799    771097    795415    735613    793660    750939    772833    748206    758699    801501    798118    753234    770216    758608    770964    718396    777774    792832    767995    742352    767715    752796    786565    742748    749846    800478    805464    728249    745252    715652    764682    783119    735040    754045    742896    744966    749552    772096    757565    790147    733558    781791    769554    737808    771895    752262    803971    805001    736976    728253    696338    707384    761550    795944    777979    733562    716596    740119    746121    716552    755307    807059    798154    813147    814516    751856    742490    757237    771913    756977    732491    764423    767430    734793    720706    771470    720433    716405    733970    785564    810677    740058    707302    779701    732541    776363    796266    789983    733866    773471    736496    747538    760052    753420    789789    744003    769269    723852    743948    716352    734166    747007    793315    755813    732880    817785    735271    787198    762455    752067    766000    736212    763952    702892    827258    735076    758429    789943    783090    788051    747950    774570    807977    723490    808042    772723    753345    749423    729284    750722    730628    756435    757727    796241    728620    790808    758001    736759    770795    683095    747593    745645    821746    814231    715585    738731    724930    741755    797404    772762    761171    757947    693471    795693    758208    726889    723834    769015    765550    785169    775527    786308    775529    742367    759629    720807    745164    805095    757363    768859    788702    743310    756821    744951    752269    750092    718631    745249    743210    730317    723708    743227    758394    741264    778354    745548    821794    708467    724366    750035    741245    707659    786284    739606    769785    720880    754866    747619    755546    732613    780218    773174    749591    752810    785712    717594
    719655    700025    719264    725394    653580    712732    712511    728848    689661    687279    650983    688393    696986    696460    723345    681069    717028    672081    694549    685488    686717    737266    701731    717328    712587    671609    669733    727576    685260    696512    706949    693957    707787    730473    688229    687908    706656    702888    695964    756009    707150    716985    724743    754650    765306    693248    704881    705679    674659    669025    741117    736029    686750    703828    737637    730587    662445    689276    749673    718797    690217    653520    712932    742164    676844    691856    696828    740865    680214    737547    719883    680557    675038    677608    686925    682413    721431    701681    700540    746292    695932    651582    735953    666550    697133    736863    741490    725279    685730    663889    736067    714001    707428    733068    663930    716506    737662    699891    692289    703194    703700    719359    647763    732437    724107    687663    721512    720496    734289    674201    702723    733977    676083    679483    735750    700922    704361    703434    697042    737615    739942    726321    650277    691215    704385    709247    680513    709262    694534    690832    691882    704997    719244    731272    666897    726770    696768    692774    715174    696150    717965    737395    671836    671426    679719    663700    695038    721504    698264    654719    703472    712756    698478    643515    676159    750616    689548    727725    745612    722535    673336    668186    734584    689857    686712    688409    705423    685745    642093    714605    673287    633600    702117    730924    723987    687656    685271    698928    677057    727644    728045    714761    723134    721372    697716    706608    692925    716728    744335    733548    713172    675938    714975    659290    677554    691081    728458    705342    702147    730570    699643    718419    697901    696955    700077    708616    710516    661022    730521    687364    692113    729194    719151    716377    699148    742215    730817    704032    738804    719603    704177    705818    699833    698111    698758    720021    734872    730022    688279    714114    726877    688058    712716    636187    692105    700756    722369    746136    646418    679173    657713    688890    760198    686980    722797    683810    636876    724077    675835    690235    640047    700157    727295    723329    688825    712209    706262    699591    701760    690896    665801    709077    706813    685931    712501    675528    689646    715348    703631    711594    673143    701272    720836    658167    665953    675011    678271    700882    743075    674774    722650    661041    650955    668783    661120    678879    721896    697613    722433    658933    709192    721211    701508    682513    726810    754773    691716    712854    717471    667576
    755958    748501    736513    739421    708802    762903    749573    784540    707198    734345    652123    754538    764169    747521    760227    729313    742567    712139    734005    718738    722247    749252    775092    728166    759130    749229    696471    740378    714186    724653    737310    718440    720979    746426    709191    701349    725376    762855    730579    788377    746682    734010    786187    799585    795726    742478    716285    786333    709436    731076    787892    772138    723349    709891    777600    785588    715394    733455    786916    739480    706099    692707    754395    753390    740584    735014    783431    805195    685145    727417    743491    741679    706304    692841    720233    743418    745287    684557    698226    752732    732831    707276    787192    713946    730186    771391    777013    749092    721968    720310    779977    779338    733118    749793    718850    713464    768731    697242    753285    730928    766639    736764    710933    768657    754203    768012    737495    766532    762256    688041    752245    788574    743394    710829    751327    702032    769951    736443    709531    776988    743397    715708    684875    695565    707735    740369    747096    740965    718714    750076    700749    763455    747612    731202    731213    773753    741580    743701    752137    715146    749856    750354    747020    729272    711183    738056    737007    733835    742024    733572    741556    729296    714179    713623    710216    812592    756662    776226    759737    740463    698265    726188    762882    714050    743679    732959    781412    715755    690915    748269    695337    681676    716559    770375    765569    726911    701409    738981    734767    742802    727890    752462    738053    746086    731358    705142    731006    765541    762832    725449    745005    730538    731434    722995    696434    763110    772347    759898    724705    765015    743171    778026    727780    750215    751538    745967    740852    701875    779339    770667    705923    751496    738633    741871    735849    771593    774874    733707    805733    745225    748684    750958    721268    718976    730614    779692    754311    753412    707924    758392    722708    701182    730128    695653    721779    696451    756596    829675    710166    716784    699611    706575    779510    750452    752454    742875    685532    797998    738261    701270    698044    739986    749204    768896    730334    773297    739911    747103    740399    682393    729308    750093    731695    748454    774515    702837    732763    722391    757727    731219    714208    717485    736729    723765    701004    693630    720961    753742    774382    715775    770140    697254    710724    710548    693826    684863    722132    713837    743171    692859    797173    754876    732117    688947    748097    757256    725647    743537    751762    720302
    801580    796649    780559    787504    770531    802606    784583    844498    797039    796862    732705    798925    790711    786869    816663    803484    792716    792023    784497    788091    807505    830305    835056    822486    800154    770444    747935    833023    754823    759595    789111    772551    792058    806535    787442    780393    805851    825157    785598    851111    814527    762901    829926    831979    854763    784949    759388    791895    756556    776981    850124    816569    782566    764827    840720    825148    766858    822008    844190    813738    795480    735837    793827    830519    788323    791396    814725    844014    779094    819501    771370    805647    755951    747920    785716    791634    815556    780241    799904    820079    794921    754766    794119    775589    784486    816757    829276    816332    781686    736246    827513    815634    797523    795230    758237    802780    825863    757481    787393    770384    783695    794508    773146    830146    859653    795221    839666    822572    809685    786771    816207    843370    766609    752125    814403    770641    801790    781125    748384    837000    819679    743367    763065    750935    786375    819819    763068    807998    756468    781004    808396    803131    808224    774656    767790    834821    807065    799486    803837    801972    801736    793510    768745    764852    762094    774979    773462    826290    781929    785933    783308    772803    774867    728581    743600    848584    844613    835164    813014    785490    798050    765740    768405    773784    776420    799571    815023    759282    742498    815860    762838    774253    762868    808115    820594    774331    789128    818090    795590    807573    810128    818703    791121    794039    802548    780127    798674    798001    797964    810835    802424    776349    787730    748973    753755    791989    816738    790211    784239    829588    790563    819644    816044    749832    797431    779747    786127    748867    853524    823649    790834    839355    808416    844664    771434    802429    835140    784329    845046    832120    808050    774138    763070    792323    776457    814881    799065    812897    780045    815139    801017    735998    795557    741409    746516    774484    817539    845462    714053    767697    758599    784994    827015    776620    805160    810762    741556    855799    779617    755526    723464    804975    791993    820610    784737    809412    823056    816742    770305    754339    793420    833535    784759    799660    815428    780689    823904    766964    813069    808731    790906    789850    815548    722227    755823    777481    765840    794701    840114    758046    846061    756151    771525    757306    755457    787397    790142    780950    768353    766383    827548    777244    742146    773817    783637    801411    792157    804006    815827    755795
    770460    781613    768570    769397    738017    798482    766345    802692    741228    767761    703014    789735    741129    750237    799201    759893    750402    761234    738281    771001    743438    790709    759445    779917    807234    733801    737369    800594    757930    779062    780460    749648    764449    764622    734374    736813    775443    777493    728911    809786    788135    770033    806918    814652    831288    760160    718058    741964    727246    723724    791044    783155    747833    750000    777583    789313    748103    753286    817051    797797    739530    702357    778327    778427    731318    748100    806707    835133    725992    807279    779418    745063    705795    708977    737841    774091    773647    730479    760087    765545    766705    735972    774779    759825    764370    768184    802742    794133    741851    737655    768717    783204    748398    776184    749726    778318    773495    723647    804246    727398    760836    767514    744998    761091    791419    755092    775155    807294    762879    709313    778872    789131    767042    741749    773903    714873    794220    783483    741861    835283    798631    743662    740553    740296    755167    757829    753008    782541    730995    744925    754632    774004    774115    784036    766624    815160    760656    756152    789851    783532    791935    782447    757317    749957    743173    740885    743713    810054    785198    738069    791060    717500    767977    724093    769718    797955    779927    798135    787874    736756    745762    762506    747417    740463    753398    763071    780587    733364    724366    796104    736644    742510    756188    756431    780125    743788    738651    800015    772049    789959    771146    798195    757629    770342    769533    768271    772480    777718    819343    769231    760512    734666    746064    745422    699753    759000    791355    772934    769699    818419    776305    784461    766260    748712    797325    741978    759524    721289    816274    754285    758204    764493    810728    802211    742498    778506    825353    758744    793408    765226    753878    791614    755506    774016    743961    768385    773937    772279    753251    782998    764787    711456    739378    709131    741215    726562    801088    832718    713857    744013    726226    711004    804589    757766    783780    780993    732487    806892    740183    745527    733884    775843    769237    772769    770996    756821    791901    820404    740587    745719    753127    782703    748031    775552    801327    726179    809607    729611    749858    751559    734806    751934    769487    717988    712049    731436    756806    770179    796588    741035    799088    730378    736137    723805    736840    714316    775492    736648    731989    752917    789461    772175    776855    725893    796296    773312    772721    776550    789473    714415
    789387    759602    773244    772584    719316    801897    765140    825134    763826    760011    717915    759231    715939    741548    781456    748629    761717    755094    766305    756618    757979    801230    795650    759944    795144    759065    733657    779621    732256    755888    750937    754519    759310    779194    726879    732922    774044    789447    754985    800927    766069    731668    807518    812700    835248    737078    732530    775226    750108    722957    815195    799232    706565    720867    818644    805425    718348    761073    837258    806582    721579    714772    776938    775688    724704    758123    782468    826177    742021    787595    766019    731672    725989    716251    729591    775238    771170    735042    756161    791293    776111    728110    813886    727461    762201    751595    803757    791655    764468    709529    780346    795558    750141    793206    735800    769241    803194    723252    769520    750809    746078    755837    722934    801680    807940    793502    778744    775985    770928    722535    768032    809911    776579    743648    770316    746828    784685    792540    740608    818331    776648    738297    743776    735674    747478    773418    730063    730647    746477    743916    749821    803770    746240    759906    731720    786178    778467    735585    761496    754459    806186    778523    772639    741352    730130    747707    770580    798492    777040    728680    705617    755220    731469    724667    760058    808526    780847    803700    782605    761940    730844    749997    772805    763494    768543    744587    785987    716992    709422    776394    725868    741288    746611    797587    778469    757600    716664    787915    735534    799660    754941    810618    751481    768142    763563    729849    750878    750090    794830    761983    758953    725360    755471    740228    708862    761076    781094    773705    733160    807892    748263    764146    746813    738986    749924    754142    763232    719532    806584    770335    735638    780051    779975    770717    748444    786170    828290    784422    789641    783371    754288    755454    774526    750165    744713    778536    756801    760226    745942    792920    767840    730244    753631    712736    748480    784356    812932    835640    690830    743729    719896    756085    810671    772325    776641    756686    701908    792995    747385    746836    703274    792167    786306    793371    761549    780442    806822    786847    754150    713930    754620    756898    765086    759733    770067    729281    758926    740720    745588    752719    739039    763873    753866    716805    707798    696404    770695    764829    816853    701248    815163    756933    751341    713173    712982    740764    759216    725315    768900    736014    826029    752209    773400    753401    786123    769398    742027    754695    781488    728820
    775324    733770    769512    767035    709338    778988    752855    796981    740343    741536    706544    743862    740812    717445    753630    739023    750993    750927    723907    747016    745608    798065    783739    737949    762475    711431    728134    783273    736970    745811    746063    726898    750279    779064    729904    737832    779973    779303    752241    816896    746184    757956    785109    822333    816635    726754    742652    755207    720134    724881    797347    773622    720678    729365    795154    768785    712366    773725    824420    798888    745648    700576    787246    760624    741707    728101    791472    802061    723611    746619    754286    746841    730759    700361    767328    731250    759222    727578    760121    760779    746085    725136    779492    724837    766312    765661    800589    762208    725018    717508    770537    783147    769964    797047    706638    751645    769608    722213    785596    707265    740141    755567    740176    753897    775521    753761    789885    765683    790397    724956    787172    786318    753308    709926    750114    727165    769891    772299    755415    813034    771729    731177    730705    728681    763259    764167    727520    742714    724182    736470    747656    745106    735532    792506    731417    790425    768591    733379    755441    751884    786414    800456    761036    746619    704446    697395    736001    765018    751469    736148    738637    744164    723509    708405    733065    814148    765451    807832    770391    739699    710624    734249    748344    769867    729723    749957    764127    739253    711897    785031    707734    708428    744837    774761    763151    734395    723555    788889    751524    773898    759956    802668    793116    777310    740994    748103    731542    759313    781368    756096    763568    709471    728041    703877    675041    746856    754589    785225    735567    810109    744488    781956    722209    734570    743346    743448    765560    677481    794955    749262    709943    781932    749198    752927    711771    763167    811867    735301    810946    754397    762121    754000    738088    739508    754998    722046    760062    776328    723509    775928    745612    730720    752898    690090    741025    744586    783354    802108    709328    739868    721665    725778    763918    752620    778783    741012    678765    784685    725375    710697    712182    747184    759434    752884    751885    781212    784426    777883    715842    711979    754268    753261    730094    766436    789747    728183    759588    723816    757213    738184    719553    713896    741844    708632    709353    707553    708548    760921    785869    699982    814075    708677    703631    726985    706039    738995    749370    734226    763268    733851    776548    790708    762883    726553    785329    773657    747894    735643    766562    724476
    763354    764544    776389    743901    743607    770679    748959    793637    772118    755508    691348    779756    732043    723490    771109    750427    775646    744260    750872    750008    750320    803919    769409    763266    778809    718407    733212    761175    737910    730487    754491    739313    785248    787748    736211    736455    725437    774021    735203    812507    788406    777247    804178    808228    834619    734470    721237    781694    721682    764106    825903    801466    765800    725343    802642    812277    722547    766491    804933    789763    758950    695267    773130    789916    760295    740023    802589    819959    739448    761327    757679    759430    755037    709950    754300    748383    790340    764442    736267    792583    760505    758791    766295    744364    740348    788111    797460    763029    729452    729197    804317    813132    782240    789626    746174    769096    787749    735326    792893    772906    739442    758868    723250    795996    812945    752021    766014    777280    764086    763585    755500    781885    760329    738239    783914    733078    794438    742009    738474    814165    794864    745817    732654    725702    751846    755559    716488    778070    738371    736300    764618    778275    732607    773586    770220    811137    771851    749469    778539    768114    755979    771094    751115    748748    745422    706174    759044    788528    788307    733292    760394    740880    731403    729625    742872    789473    792977    810121    786805    753764    748598    743205    743784    760988    728901    755708    749599    779561    723044    769159    748924    707463    728286    783421    786257    758946    746104    780665    719336    775519    752918    798862    758744    761697    754127    759291    762960    776164    779083    763551    767726    756103    733925    732342    732843    751051    808143    783385    748289    808574    788154    754044    774250    736198    782337    758250    757195    724911    813007    778012    734499    798085    788884    778467    763881    765705    819448    767694    785974    795749    738044    754499    736027    755012    748138    791312    769794    789145    743380    770223    760772    710279    755706    718319    730919    740552    779065    813601    715436    753396    717214    744827    789026    765011    790011    733040    717113    806732    746500    709581    712785    775738    789722    763809    748602    770546    793194    763721    770440    733227    749529    800994    751866    779872    775365    722490    741196    737937    737305    763507    757697    763568    751556    697179    712635    748771    754277    751186    819861    752349    780299    715898    733083    731912    726949    729983    745837    792728    726808    724965    800113    760596    736262    768175    750257    763693    777915    765601    777407    736326
    770791    794206    797870    778454    748550    819936    796339    815439    772934    807435    713438    803040    793075    741154    785183    726565    776882    730150    745853    763885    764182    784663    794381    776857    762492    777350    725828    773047    757107    775580    765112    794046    781033    773347    725283    760976    764122    799673    777823    816578    785727    778136    850887    835677    848265    780009    761142    785559    714543    753623    802715    795510    765660    742934    805139    804037    720438    787760    825563    816199    756084    730581    796400    803507    760720    786209    809782    864984    752281    777600    795135    757710    761350    745863    768145    753089    769866    759817    756272    799612    744667    753439    804400    732721    736307    803362    807378    811206    761230    736319    782566    818859    763645    799020    759793    786360    812715    780461    786479    756222    773398    734301    739522    782417    827582    768743    792922    812766    763832    721941    786001    850895    773553    770647    780229    754220    798223    782724    733309    809142    814332    750401    746399    710053    776659    790361    769304    762480    748596    777242    752880    781907    751416    774480    753210    826381    786009    779520    770527    778423    795908    789793    767452    761089    718302    731891    770970    793088    815393    780731    773513    738270    746304    744792    735018    809527    814430    798628    796581    770146    748455    770474    776896    769942    745392    769331    802051    759839    699326    798777    729078    724988    762881    790372    808232    764058    733853    811882    782242    794699    775996    826996    767430    780408    781701    753231    771535    774315    792285    767751    759164    733558    761091    735323    712962    776152    808319    780767    737800    812693    769882    796769    753860    780523    787463    784756    757844    749622    813012    801720    752884    776002    794155    774083    734198    800184    851384    797353    824611    794096    743168    794084    752981    769013    784707    775557    779139    800992    749144    765430    742080    767190    777406    722615    751437    755205    806100    830590    693923    759344    703682    779778    829298    791590    801493    776555    725194    798616    781144    746754    717668    772059    767966    787380    766076    786853    797576    790467    770022    737272    782448    759982    769133    782189    807218    733554    801044    763716    779713    758021    762399    785026    761947    738387    762220    741326    769670    797406    813547    740028    810853    730612    726949    753333    711320    724259    779591    769739    777100    745974    797343    824845    769355    738903    802607    801248    792401    782729    788409    749785
    770175    754911    799847    789739    749691    739860    748784    789760    743575    745021    714293    792324    732828    768466    793188    742027    761493    756716    724640    766355    762297    783214    762273    794388    765860    726052    717916    754243    772303    776248    722452    765183    774272    736957    754282    774840    751995    797260    774091    815862    751317    769282    792595    832497    823251    754326    743842    777684    745809    769488    818480    809386    746885    746558    769275    773694    737909    742559    824790    788025    738562    717723    781704    790265    726623    805996    799937    820574    753358    744887    798172    736377    715282    735112    775900    748198    771668    755272    728468    786729    751503    757007    799567    726532    734711    808708    772689    785271    709135    755183    796868    789898    785343    796774    738476    753913    765965    743563    788566    762685    766717    746071    749168    790298    797536    762982    746140    790250    777064    727057    782022    818124    757326    715952    750233    739874    806473    767083    766901    828399    773047    761747    723337    713891    764235    809534    750098    774766    764738    758702    764867    772170    751702    773537    764352    791089    768816    735922    762984    757270    762540    793303    766716    733992    725386    717879    769574    791830    788120    742731    773683    754815    752930    737213    754468    801875    790560    803943    795394    757355    736493    725714    743932    760973    786537    755915    780816    717173    697864    802069    729831    730467    746688    758997    774081    731777    745724    765219    750135    782576    755160    811625    761644    776288    738587    734144    784825    770655    825714    765243    741708    725749    753770    723936    707987    763239    768669    785981    748964    830263    747966    777547    757509    740359    781032    755742    767302    713663    832667    770786    723732    794927    774664    796111    721957    762905    798183    773838    800007    768033    772629    795176    744369    735192    740328    785093    758953    792402    754363    766397    758407    719269    760057    705094    736639    755341    807532    804024    708619    767648    708330    725522    808319    765620    766915    760801    739279    777019    766417    727247    713522    748501    763133    781699    788490    775577    798274    778979    748810    738039    774234    780148    755810    766000    802983    754588    777435    745828    761673    744535    776692    754422    745629    740546    708178    715312    758286    782505    791054    739453    804444    735253    755910    718309    742662    726117    765222    765492    774059    743149    819379    762256    753027    749784    773734    772607    736494    754009    789805    709690
    742107    728421    766850    776213    694539    739825    735620    735650    701933    711778    652691    720654    753444    699272    745835    696564    743316    719599    700751    714053    726292    775648    758641    753996    739765    666668    694686    749681    708259    734907    728342    727537    731988    735744    708784    723554    757769    748855    716369    753941    735926    739378    774047    773312    783309    707860    697557    739389    678812    706329    751284    754919    701859    700507    772547    742180    716877    714591    784129    720720    735483    658819    740105    754581    721465    734409    763196    796077    707116    722689    719638    706564    662513    688377    723744    709657    725067    726599    744370    762818    747728    725196    734268    716346    725757    715066    777835    771735    710858    729576    764261    753659    762709    743893    684602    742727    750179    697221    743705    706966    708755    705636    679703    751289    763114    728549    731082    726952    742538    697575    746352    760570    711090    721918    737874    690108    750924    696427    693031    774810    755267    709017    695072    711763    740997    733096    688010    735073    689119    717201    720960    726765    751001    739870    707515    781134    753191    707851    727873    752396    737226    750143    722005    725602    708456    705032    733182    744578    744042    705587    699537    711962    715424    687535    715636    759309    750234    779449    751727    741957    689623    693457    738165    720030    704963    732441    748902    705072    685158    772430    665842    672685    720721    716037    749526    679206    732015    761771    725469    764028    739147    763615    720956    745284    742228    709413    705789    734745    746407    710152    757285    688984    719475    678588    704309    713365    766281    719204    716901    802814    729568    792346    711323    716218    756330    736425    725537    661246    791348    734129    729318    756694    751801    738708    721423    750183    763362    728600    783186    726527    725251    738511    702942    723148    716073    735753    739522    753861    709363    746037    712523    678043    702945    674776    670977    709825    745348    779477    680675    704162    676926    705802    749464    722975    755745    722154    667749    749813    719033    706552    673873    753313    743780    741187    725836    742656    721457    729042    755265    735121    740273    738249    734516    726836    746557    680254    754663    718409    728428    733847    714410    740739    721367    705839    681992    721998    711076    734934    765718    692351    764540    687071    688361    694319    699165    710349    715912    696045    702073    683913    756223    741261    736387    695309    754178    728403    730702    748700    764259    688294
    777990    755361    742178    760933    710773    774331    767177    791780    741794    731095    685250    746543    745906    762853    730972    696823    734987    734058    721208    730306    711399    789707    769140    762406    755371    724496    717738    781569    722735    687443    740286    706592    765309    748474    723746    730335    753284    753713    711467    788419    753218    747315    793717    807854    809389    763695    688399    732928    738289    738702    784473    787328    732574    731519    772526    773985    721545    771389    800162    738922    728670    714770    775556    755351    724545    714739    794260    800652    717948    771938    743477    726898    698221    686058    735877    738559    764109    714371    725626    762214    733579    749760    780745    717353    729990    778308    760147    759415    749217    710445    801250    780929    732206    746280    734524    746841    752758    717660    767780    738094    730918    738514    693550    773719    770336    752871    741676    738725    735724    714066    738626    762797    711371    715431    774187    748983    770600    726523    737472    795133    780487    722201    689595    726254    750656    766963    702385    778978    710958    736853    722613    774629    751834    751530    754850    799573    767784    726357    763760    736722    746250    766322    733958    714055    702679    684168    756721    763295    743394    686491    758192    721859    720191    711929    697085    793076    787496    781587    736677    737478    697994    713134    749164    760082    729971    753254    745242    712224    683482    791417    707651    684363    752604    741747    769316    776317    732320    748582    735328    773592    731556    773763    755571    753541    744786    714587    792941    757796    794446    764231    750332    735601    742028    717798    695589    761754    780980    773765    726825    787025    726020    750865    754890    696591    761692    746048    741395    703527    775678    735596    724717    776965    763200    745451    745626    758976    815397    734827    784187    780370    738326    765573    728022    749191    738722    745248    755605    746957    710484    755207    751481    736523    732486    697296    729539    741203    785537    783421    712485    729185    741569    713471    772396    760501    753581    754655    696183    791024    705330    690260    693352    749125    719790    754510    740794    748778    762258    772525    731661    699547    735907    719127    734559    754527    753677    693929    744537    741028    738120    738134    739625    721701    776504    687872    684041    714500    711182    753736    750407    731998    795125    729039    713311    688646    719072    720554    756754    727072    739016    738605    779436    750137    737637    704523    749183    750049    727483    727412    728750    743436
    775844    785071    767997    766243    716548    785397    775616    801450    760919    767160    686537    768687    748326    736143    761854    736692    799056    749338    726084    753559    732202    771980    760670    775486    798448    741927    745616    755197    728003    745177    732405    763161    746327    771533    762305    733789    759722    761271    731260    801379    754336    774386    796094    795649    803830    750279    718872    792059    701156    743338    807050    797950    737477    717282    800236    797267    728124    769480    828069    775803    728205    690932    786807    799663    748345    769891    768138    818935    757230    780603    763524    739203    748823    735918    764593    769636    760713    728777    734415    761695    747074    719860    809558    757743    732778    766670    788979    782334    729928    711589    784463    780984    745311    784422    737545    757917    783956    722153    784284    762283    717020    741994    701814    787953    821832    771629    765223    798135    770129    717743    774777    824136    753907    740991    753084    742600    812432    755743    750509    811164    767011    750330    718639    733762    777295    757844    734911    771053    710969    755245    729430    758526    740987    777629    723447    823406    770991    740643    770849    778565    775059    794638    745565    731910    674385    721799    751869    769060    766904    728781    773273    705034    719339    717646    735910    788934    762064    786822    821729    741707    728399    746088    772741    748985    742584    774549    771393    747988    735292    774786    701288    681212    718875    779589    828243    743228    739340    782634    753125    775336    788336    787579    754111    760251    713075    756628    735123    772560    782869    770158    749612    711150    740042    688356    716181    731496    798166    788279    761778    798099    780994    800608    731338    762509    773324    743312    780969    718079    796219    753324    752150    753173    782884    767222    751089    767097    815330    765886    797512    776913    759304    769940    743456    736649    727668    758138    778154    788494    743672    788423    767202    728626    771267    693429    733779    739432    771802    805819    729963    734726    695890    726680    788133    783044    797439    734057    703346    810543    753888    753493    709257    751162    772959    787362    774585    779438    762385    761497    750064    739479    756167    773248    751933    792247    789867    742324    773572    770331    768956    753429    761083    734383    756781    707255    718939    730932    743346    748836    818655    743038    806956    738268    712730    713661    729692    711519    769679    753432    754939    705481    777399    750799    756929    721957    805995    788404    762222    777456    778979    731370
    784805    747015    778604    765754    746320    775606    760735    808254    761333    772302    692364    785102    750324    760503    777391    736416    793079    736989    754336    749862    759957    823635    781889    751666    754499    755973    734265    781214    755670    754118    754066    769575    787046    799270    740306    750769    766939    777955    746259    820858    765520    777233    774243    814896    834575    761719    757425    756434    724218    764005    813474    797212    738155    735625    791784    798680    738564    777047    822365    788317    754423    712054    792356    804129    752431    771825    794704    796314    738578    753325    793514    735471    725939    715832    770484    773142    790995    748373    757048    781042    745365    756148    784925    740850    762981    799535    775514    796443    735837    710746    814417    795498    767553    798350    733326    762692    757146    734849    776097    741913    747135    750906    732805    812425    773038    787676    783190    780619    764706    733470    772158    793355    776631    741350    809739    769644    780761    773954    754106    792999    779894    750527    726795    719454    777263    772801    717187    748079    746450    724034    765481    775481    746131    754807    742652    809559    798576    743633    772965    762090    792119    799249    751303    762540    713233    707606    791369    803220    768462    736184    735773    748005    747807    749692    729979    823599    771239    811918    789824    756093    750355    743472    776617    759424    738170    786122    745060    739438    717381    794133    722894    709485    737655    785933    793927    778449    710457    789454    738044    809912    768248    795963    761705    790707    763147    729270    742153    767834    793653    782069    771097    713615    717380    713621    699530    772656    789094    784349    735460    808899    748634    790845    765047    766850    756915    764068    797234    714774    802455    767992    713219    795773    766410    783823    716599    748406    809153    752503    810234    785816    753950    765219    759095    751555    742101    765364    777036    770437    748009    767701    728604    731259    755908    708198    746731    750493    781763    824746    718930    728800    727541    732236    793825    796374    774270    748688    726493    804530    757431    711560    680126    761574    771961    800511    728601    784929    769844    758248    733563    744203    746678    790312    736190    793331    796480    753158    747897    751034    752477    772798    763699    754994    731226    679868    688164    715555    746187    755529    786877    713835    825299    729407    736612    713598    734640    737380    789792    756379    757119    736304    782506    742614    769560    735755    774809    790034    746086    749269    802490    756896
    768191    771401    788747    757780    750499    800223    773984    799160    752674    761554    735891    776026    759371    776171    797882    717837    776563    762512    766183    779202    769298    821261    813366    778052    801878    757651    751461    788279    745606    763854    767219    769549    764173    766223    764383    785946    776190    792188    751524    821332    781232    771493    819655    823411    828606    780469    727620    755378    727208    783117    840881    817138    746644    749039    821342    785642    717738    786409    848805    824765    773310    741697    807472    797211    796914    793964    839074    849469    732728    795528    788145    753447    714303    731720    751196    752288    761075    731485    756982    773712    771791    746154    808904    767837    743418    797314    821421    801571    758201    729837    810116    780219    773027    789490    764251    787269    793353    752734    807855    766347    757844    791535    740934    782712    771797    790205    819579    787820    793124    742346    779393    813516    780697    754826    798051    775666    808837    777978    754785    834101    799586    772679    736674    731146    766212    770352    755705    753745    733734    776984    759758    787497    770817    769275    760276    829481    760043    746158    777879    774745    822817    798502    768590    742779    771815    750983    775577    809390    778902    762693    784564    747785    726045    741568    736127    834175    784937    810486    797240    798069    753170    739118    755323    774271    777603    752015    790264    758528    721674    789283    734845    735297    722372    769906    777170    771971    752940    803120    748397    801411    756321    796569    764073    782863    767618    775802    775115    762161    813310    771181    778266    724819    755143    740987    726269    808317    819037    799460    768161    823845    779826    783933    753151    750782    791652    768500    769433    728195    810984    751456    786270    793845    811607    796007    768900    779418    818315    783271    820218    767835    780503    775214    788070    767419    750849    795702    813382    801141    772015    809213    774559    761032    764212    743239    772027    760180    807084    845072    707118    756298    732490    756501    799311    772555    790523    768896    710611    831295    764463    769123    735677    759568    760683    768415    725096    787404    784809    809929    743269    753529    733431    782029    706986    785059    789688    747368    791909    747252    786896    777355    756758    761272    780936    732424    732350    738289    755758    767557    815494    731177    824019    715317    750820    720997    734083    766361    775611    753801    764144    760896    821237    786426    770316    721910    798632    792041    754937    761114    784376    753278
    791542    829888    796742    773629    742392    785420    773758    787710    743987    721626    697544    799412    788686    756354    777314    750988    771842    737239    767827    745603    788141    809164    775555    772874    811746    729922    739033    802341    748523    782204    739872    762497    779666    787655    751453    773720    787759    771172    771071    819951    787247    760767    833388    823890    853109    756650    752807    815024    743706    758658    781957    832537    779337    745048    798594    817276    744207    783782    809149    802375    744884    740863    794411    802249    749379    777064    805510    817341    767422    817586    770400    747437    730739    720821    765689    765287    782276    772046    772381    786802    759055    760317    803475    753001    752817    791619    795059    831753    742200    720005    807538    834352    785715    803837    761617    796233    779872    766406    795011    774932    792040    780649    725357    798559    780308    775054    791151    785129    782338    749651    793451    814271    793364    741224    800690    767953    812271    786832    774260    858048    809863    767430    775768    739154    791222    768783    747931    790345    776190    754305    764603    798921    754855    780994    766611    799124    769927    774649    772860    792245    782049    827145    774811    741931    769189    759908    773703    793535    787071    752274    783342    768027    757858    741358    779540    834154    785581    840868    810641    762114    765985    740028    803626    745936    779682    781948    764297    784772    717666    801593    731791    716436    754625    781461    810340    760369    732417    809923    781921    780251    801325    824878    760104    772339    783268    779331    765307    765760    801532    773705    791369    711722    777249    734918    706441    749459    819059    782474    762160    853318    772090    806916    750544    763876    789531    769575    773872    734437    815147    775733    758019    811888    784150    782136    750779    768068    839791    804139    808627    809140    770818    775781    763993    776590    732118    809434    771017    800291    749928    792410    759302    719332    770124    740172    771675    746712    816420    823935    750285    767588    747349    741087    816598    762849    786502    787878    731267    844049    782345    733072    717220    767476    816903    803549    767071    779542    786757    789829    737583    750370    774502    797083    759202    801910    792180    737145    772586    732965    756100    760767    720464    786406    747331    733050    731212    729683    782633    784738    831425    751847    834094    761125    720098    750161    770242    758967    809979    736657    784252    744349    812808    794140    771298    741660    805632    790804    779042    795517    802856    785101
    753127    792106    763359    779958    762735    774938    769845    792508    746246    741531    689700    793123    756626    751321    759893    737765    803290    754699    745416    773844    763071    818312    800370    758214    761251    756410    738375    781746    746998    733457    774067    780559    769908    760883    735771    756536    764928    786928    748385    807453    755345    757957    805679    808042    815320    776821    729885    767319    705358    765273    803903    810368    753749    750443    805693    782822    756132    779007    807735    787049    766947    713402    800931    771929    779930    775725    812435    824587    744948    773818    754773    749855    730865    722828    766058    753630    774866    723544    749404    779018    761174    744641    805766    748599    743329    798653    794168    778228    763190    708772    800665    805294    772214    768660    715662    765889    780721    743095    764304    738225    740206    755858    713451    787778    821206    752560    789615    770480    787164    741877    763349    799607    761640    758001    787990    732382    818007    765728    750915    785955    790723    718940    763888    688214    780869    804079    740851    768296    744076    757836    748960    782196    773945    757637    771262    792269    775265    752803    774565    778060    796075    794924    762270    760518    750688    734560    747806    804097    782305    737676    745920    736174    730003    739990    750150    786394    770921    823482    813598    749988    726655    749315    761498    757636    740962    771314    786279    702865    709998    763974    722931    753563    752317    776360    788897    786187    735813    814531    753336    772591    791826    801853    741608    789086    789566    766724    780710    789314    794439    763782    774043    730510    764329    716935    733675    761104    810593    789810    730303    817407    767624    784900    763326    758509    775672    754718    756272    722588    797403    794824    728339    812345    771632    762493    746276    747933    833590    765448    821676    780490    754225    780414    758758    774608    765230    790807    764647    778723    763896    793267    777011    739829    736176    720236    734141    725404    815682    817721    711467    744996    744085    726726    779487    780115    765466    763778    717642    817454    760131    693828    730684    770214    759635    782579    752243    794087    761327    793513    777055    754570    780155    780981    751614    763528    772212    726192    772353    759051    789367    756264    749636    779263    758049    736978    755022    740834    771930    788984    781056    740389    807154    738002    712046    721207    727654    724029    763582    750956    775379    743031    805607    765961    757017    760866    764503    797116    743368    754270    779970    731570
    793312    797716    780308    783107    754162    769767    763939    829321    758441    759855    713063    800313    739561    740218    767888    764282    783987    746975    719178    748354    762582    811404    792857    760740    796340    753225    746277    779547    734295    729637    782286    745147    793096    788975    729754    755046    768641    799698    761627    817859    777316    779803    797656    829494    854638    744988    721307    790002    717332    739099    813446    791036    701211    749099    794236    781161    733777    767464    829446    774145    750398    711116    788797    787408    726360    759024    810131    821399    753824    778664    762102    759722    715989    734885    760650    752015    783175    750610    745430    775752    759277    749562    791994    767417    740665    796985    803545    780996    745661    738844    788365    794634    783026    793984    725119    770348    786032    733570    786193    749217    768201    743160    734122    794092    794161    755012    787006    801877    768171    726979    762101    798894    744195    752740    779278    756225    776985    769022    753430    831904    821783    744310    729142    731584    739075    779403    715810    778586    753052    748598    766698    781256    772607    780267    743600    800412    770367    721237    781711    782568    803216    800182    780784    736643    726831    742205    754515    794942    768220    752238    789902    748382    727778    719736    734137    826802    795029    813817    787892    775871    775057    715792    763266    761861    762243    758998    778199    736836    723604    779644    736300    720186    748403    750020    788501    771167    721832    810003    750236    807295    772574    802206    765628    776113    759694    726086    749747    751743    806206    786520    740947    754252    757726    744118    730480    724436    800395    792566    767032    807455    760438    789144    773508    744302    766809    740013    789171    700154    814796    772209    775895    787169    780641    797853    744921    794355    814156    803231    802807    784198    773543    754679    751607    740080    718707    805157    768727    795101    717838    761538    760516    741410    760664    712134    738287    756065    787558    819278    731068    773580    697430    729133    827651    773186    808915    747535    734489    825079    779289    760534    710813    744675    769749    796304    753170    788506    787809    774104    761110    750537    754254    766897    727139    789159    800596    709562    767456    770421    787611    766241    746094    779831    771028    697714    708930    743204    743008    773722    808949    733672    808286    720839    730554    747038    729581    750367    764361    762277    756606    753212    810843    765590    779667    726380    781126    758607    752420    782313    783347    769279
    784719    765708    792059    788793    758710    783989    755308    789986    749767    768088    674361    761958    755328    775562    797757    714886    764619    743170    761656    755792    764075    779561    801527    763884    770288    723548    725992    802666    755207    731983    733127    744083    762385    761794    745378    727180    736993    766550    752946    826657    759307    763691    784692    800937    820065    761361    741114    770337    728042    748407    813884    811302    745424    719568    792058    760318    723691    750699    840131    764358    760741    718407    784128    771465    721991    778896    837072    815245    728937    758366    773666    727228    727653    707932    742615    743873    765715    746504    726769    778742    742851    746233    758870    751077    735832    798116    772154    776549    756467    707726    771870    809013    736454    787680    722938    757275    773124    753973    765385    752179    748328    763702    691351    758023    783939    779423    764726    760007    769866    732885    746860    807305    744914    727294    769294    743852    771655    749669    717219    801081    771280    755313    749271    719294    733246    746327    735352    774992    744930    768198    728764    776033    762870    781389    757590    807515    766098    739786    770192    756168    758795    783592    735711    761353    761540    709582    728807    792213    768940    732121    769307    743291    741504    729019    737558    794054    777533    803301    785724    750931    724924    734092    750860    753493    723847    764324    736849    738417    710499    794833    706507    719050    743125    766542    773361    732763    724853    786415    731332    798881    749659    782784    747174    774105    756634    768750    762659    772689    774096    750988    770470    717680    758011    735260    730517    771413    791853    751900    736131    792444    773675    768432    747002    742430    789962    780515    753122    699182    826273    752386    751150    771387    779776    783093    754088    755164    814912    765106    803608    769611    773003    775761    761354    758495    730879    788918    781541    804758    741888    793391    758489    709825    749207    683070    723289    756834    815578    800725    715934    743428    706235    734106    793536    772034    795492    751859    714823    789910    744211    723534    720933    759623    766501    780133    751197    789644    771182    795681    744393    724160    757315    714252    755908    763172    771327    706894    797537    730764    772625    760599    752513    750062    746755    741460    728140    732096    724575    760952    843967    734817    790124    713154    737781    742235    737918    734189    783493    756465    748982    748857    802728    802218    748067    729693    783970    805134    759933    736806    789591    742558
    799934    812089    795893    814805    749615    796070    795320    810576    752494    793199    734857    780984    767584    763181    814092    765348    803152    742630    788725    781208    759073    794841    791939    792479    820499    749592    735574    805363    737067    751643    779165    758599    792245    758573    748944    772133    783879    814786    784821    825656    800478    801618    829974    829534    850117    798208    744510    800942    741125    759025    814835    828541    741671    761181    839264    807860    741112    785318    850255    797103    771929    718373    834415    816274    759919    802747    818656    859785    747657    782113    770210    757262    764556    724533    745299    779304    776760    746133    788031    834930    790892    730291    813552    755534    760085    794610    806898    802491    765549    746172    818842    808800    763208    791201    771151    792082    809351    754292    779387    783658    772827    787744    754611    838491    794805    799789    783866    784754    819825    733411    805759    836634    757372    761045    790513    760713    807271    777861    767499    815929    810925    748265    729870    742635    791314    788720    760665    775336    759285    784757    795753    795658    783803    796102    791741    821946    803669    739891    777170    759190    812349    808049    775553    729369    747569    753555    775444    788569    775573    781829    738694    773784    765645    733812    788142    837687    796313    838410    832538    804932    743773    781518    792571    786952    744110    801388    781091    750923    744153    827025    740449    746296    759500    781288    817419    771830    757966    777050    790057    786254    800489    807696    761514    797127    757234    786363    775132    766895    811632    765539    792832    761400    789198    755023    743298    799220    815957    778406    754409    843076    779697    806189    772131    789036    793135    758147    793219    741649    829584    806800    765214    795666    777175    805296    785151    804886    853700    782152    849755    782104    779646    809042    750068    765449    745273    811402    789732    808469    760927    808812    776241    757160    769977    738825    753328    781242    834077    845028    733198    746955    734203    753477    813219    792144    795715    760926    746453    805729    775123    743669    732864    796084    796416    790074    774737    803127    805295    785021    753508    746136    781337    782291    790195    798212    809570    756948    800235    774762    776936    776367    765199    755537    782522    756402    747917    745683    747562    756696    800508    771791    826766    747411    761603    733507    753370    759789    785756    769905    781409    740593    833640    783782    768377    740431    806645    790499    771452    774902    790617    720980
    777292    758473    782744    764799    733186    769551    757302    772603    730103    749318    694980    772444    743934    729593    766902    729719    767594    740281    727444    739698    762800    787826    761816    759519    773855    723158    705070    776155    726783    766370    721583    732337    740082    752992    729377    726057    726409    763057    752644    789100    766336    746500    770748    799007    813252    743723    718113    737068    718013    746826    804168    797648    726217    761041    789601    784096    754112    725085    774931    769438    750379    684228    763482    751876    736000    761329    768418    808794    750605    728428    759927    720419    706108    725344    759302    732742    734967    730661    752286    775035    725920    733198    786289    729810    763967    779651    769303    756374    748144    720487    770727    791399    752381    777199    718807    732733    765295    719890    740923    759629    754823    752375    714366    774298    794871    754911    755014    769407    756466    739057    755500    782440    747771    741922    738802    696555    783708    728945    725457    767409    776927    721721    726489    703578    748393    768063    753499    786225    744420    739501    782694    740602    750150    800448    717244    768311    737092    752407    761264    750030    754143    756454    753336    747048    707263    718802    760337    773516    771783    726530    730755    759339    746106    717096    725973    787241    784769    782424    766232    763361    715017    736334    771341    726464    731222    763703    760981    710665    693348    761495    699518    707433    732169    742620    778484    734252    718409    768151    752672    777073    768255    778751    752749    747431    759026    701267    731509    776154    808123    781907    740336    720090    753400    712125    698561    728467    769992    754277    710659    788196    754544    750194    750217    780707    748071    743131    712123    727166    812731    761357    742466    776392    767539    758985    722592    729752    764133    713901    776847    810008    744399    780748    729380    756664    700339    765624    730147    762765    752503    781741    773382    731942    761726    695564    735795    760379    798795    800910    669673    748911    684383    706810    794359    743434    769327    762068    714778    760236    751192    719934    690898    752813    789812    786936    762008    780899    798893    745055    729709    708727    747118    750937    752151    723599    762386    738491    771294    723819    748060    745072    761201    705109    755060    694832    716887    720419    765950    769630    776620    709419    788003    717170    713028    675562    694375    725509    753473    753796    728758    711078    775436    767031    739759    735537    755346    774782    718421    732153    774804    724845
    783524    775748    792966    778699    750034    797713    778662    805603    764186    763187    712976    789834    756089    762419    747558    764516    763274    761794    749247    768774    771001    814324    789788    773204    790554    756871    765799    763860    774135    772688    754516    758115    773927    794141    726298    770833    764810    767117    755475    809037    773862    749192    798646    825919    818544    768752    741328    761685    725383    777978    839528    806292    751221    742032    795530    840066    763024    797139    820056    782621    760853    717677    787283    818177    777780    772267    808833    819141    733748    794374    786763    736092    758886    747893    744757    763744    782511    768146    771344    817098    740969    741272    798412    718481    744400    779749    796378    790971    736796    709387    815164    761240    769909    800791    768694    803689    788706    750059    786505    773565    777639    761375    737174    791460    804839    762705    777830    787440    761124    767024    794530    819204    777796    757559    771231    736504    775894    790680    732825    816433    797758    721872    741412    716324    751434    778891    734835    782949    731520    788581    755569    787700    739221    784416    765210    805114    794823    765901    766108    763062    780667    794124    739084    736243    730315    725530    784851    778306    781511    740540    732660    747521    743936    708937    750703    819492    784205    811977    785257    772167    745486    753517    777601    760524    758692    765003    776130    749820    683964    791062    729324    725471    740638    794084    825536    767381    721935    784520    789917    801855    796340    788447    758051    770377    750198    744580    771704    790885    792151    763436    784978    726053    754628    723867    709960    766176    802633    772451    759151    814940    776566    778247    763217    792643    760549    775947    772068    732279    807971    774211    765988    783896    789774    783000    715542    799237    820279    748624    873017    781414    778368    746869    753369    753137    758376    763021    795541    800254    769568    779437    741747    731955    771434    712590    761399    753181    796053    854195    743091    774648    723465    754811    799174    801969    785128    764901    715584    826212    777856    736273    734402    760388    767564    788129    749568    796826    787721    801871    754721    723963    771956    788057    739169    813287    773273    761812    801246    759905    752304    768038    755923    747289    774875    719328    722624    726078    738256    780193    799783    751663    821021    743195    711941    753911    726043    723010    742633    773995    765848    742961    809792    780016    751235    762150    786177    771680    761273    771469    790853    737674
    793054    760887    782563    773544    721935    774549    735865    789098    733313    755486    704549    782820    761084    733880    799025    731283    775310    730072    753699    737655    790997    809194    781245    738312    783117    732512    740981    753626    758875    740970    747315    744220    776749    779295    737163    754872    753009    816028    771555    796733    757013    750842    807362    836526    847691    751355    719985    787828    724490    733732    791878    794404    735770    745524    814220    784388    747097    771705    820181    792239    759844    721010    771876    807068    750592    755910    760719    828812    752222    767741    767432    749231    694377    720918    763552    768775    765743    726544    753847    753141    749613    747866    794970    726040    763721    796281    787529    802480    748762    737395    814795    777240    768377    800565    741071    755699    807553    748690    786304    727757    752250    749155    744635    782445    785749    788629    791862    795756    766805    721126    785107    815376    781554    742848    770864    753593    797949    773369    743494    860099    777988    742122    739364    735473    765536    793871    713705    766119    761804    753880    777152    792257    768091    750274    736200    800862    751063    751943    767102    775772    804554    776944    743605    726802    746417    724201    737562    801973    776441    710368    788673    746055    741139    716608    731601    819727    780774    826980    793155    750176    746303    723430    757678    752532    752230    768555    753569    725699    722933    786762    750097    724233    780788    759499    807009    755220    739052    800422    768612    784379    773022    815738    747368    779663    757685    736668    739815    773904    788791    799147    754368    707049    739155    705084    712594    757984    791402    756044    777877    829303    767398    766170    744017    735831    777968    772847    780549    710538    813997    736311    730910    775684    795663    754996    750477    770996    820871    763666    811870    772697    757441    780914    765466    770564    723866    809148    758823    784563    767414    786906    747896    728852    733341    741313    737857    749116    801659    806260    689070    767972    709866    737668    801136    759078    739445    764295    724980    826118    739564    711388    715151    767311    752006    751937    744743    778957    790109    792329    733440    758083    758368    766420    739097    745683    783715    727882    755780    731259    775957    759763    750388    750311    735551    720271    706417    748200    734145    768634    810189    722760    812945    759620    745589    700923    758106    744240    792848    743182    787607    749589    796940    759429    759509    723884    774783    772126    771188    758709    762277    734568
    785449    778099    792652    804114    744051    804226    773726    797700    764821    790729    707537    789278    766962    763576    760592    754047    802310    738147    760861    787043    777228    795792    801081    797579    768855    748598    727839    768151    756935    765735    760390    739427    789597    784325    748251    761083    780653    780025    779099    801053    776026    766229    799690    840769    803975    772150    749989    779255    758426    752103    826918    812407    775966    750939    819637    774097    733576    801883    834095    811843    768500    727970    804558    777682    757466    770331    805378    839121    746769    764144    776276    747022    736075    744660    762849    768081    773276    733599    765146    788975    754102    760609    812188    756651    764204    809145    807791    827576    768432    722106    823448    794806    762840    770876    742468    799275    781489    765682    806393    758456    778021    776259    714612    803494    815200    800674    769562    771373    772229    760106    775171    799608    780863    749860    788949    746393    814719    769840    777331    796539    803065    763276    736330    737363    785314    773261    741270    766916    735705    759769    775034    788693    772423    779291    756377    799256    805597    742635    779408    788302    782763    774989    751933    746610    748745    740160    797594    804120    771463    755067    749357    753007    760530    731372    746799    823369    796904    801389    812226    759201    749701    774177    768496    774534    765495    799356    792913    754806    728084    817219    737580    721575    747551    781266    796272    768342    737325    788243    764083    796648    796508    771468    769850    783825    773329    716921    781419    769167    801114    761710    769876    751109    772141    733426    730259    790815    797498    775749    750215    806619    746594    786731    773610    774617    775928    788664    767842    704111    825767    766476    745003    780618    765685    777698    762077    802592    825063    769995    827713    803111    758127    776300    760957    783881    766133    760521    769184    803578    792815    761825    763744    743509    765479    714056    752408    764215    840736    842111    717945    762404    743353    759965    798827    787030    791937    773172    695313    827322    743198    723283    720376    785632    779792    797887    743022    802579    773898    799958    745077    735446    782492    767717    766597    751565    802518    756584    776705    764740    775129    759855    778664    766393    745465    746472    719585    725201    763918    763064    795001    756457    825827    724067    721589    718956    738217    759249    804255    748916    786650    732877    810501    759757    756375    721682    808506    787858    763137    757987    786824    749692
    729494    732970    735965    736248    726794    769645    725115    767766    737543    728871    664127    737837    711252    725977    745541    696259    723643    708827    681628    708009    723208    754356    732861    706481    763582    703897    690393    733965    700773    733195    707649    701836    711884    747151    676020    716668    709135    740810    717875    773532    747940    711723    745075    776324    781834    719111    682272    719667    685638    700179    794199    765810    694149    681856    762748    743124    692022    712932    753662    768398    727306    679523    773348    759983    713072    737416    762306    798783    677346    711212    711115    709575    680708    677720    728564    721183    716362    725226    696581    780381    722803    711933    746797    701584    715447    767314    757783    769489    720634    669592    736172    737204    711582    748109    719865    732486    762248    699182    733452    723567    703413    691106    687283    736271    797588    722985    723551    753056    735880    707816    706244    736522    706041    697007    740552    722609    778156    725060    718885    765106    756203    719269    708916    689661    729344    731180    682223    712183    703901    737596    715188    732022    701492    759698    746800    769968    699067    711148    731102    748139    735906    725965    691190    699102    666917    695397    706617    740833    763244    700739    730406    702258    698032    702399    705917    753886    746198    773860    768883    717249    677571    728515    715403    705045    704652    763125    760241    709720    669165    759325    677556    686237    696686    750236    751915    724015    712271    739713    734016    738244    741021    767043    746893    725223    760755    707304    733670    715389    769282    742345    722680    689346    722018    693356    706407    694582    774265    728266    713004    766865    721529    726963    749651    707493    749200    721421    749709    680858    780918    740459    715644    747396    755467    713330    687354    721361    764018    722371    754345    760100    722548    757602    720982    735763    704595    726788    710319    756117    705446    734644    716902    713098    704181    683633    696228    708365    774498    805497    670266    737049    662931    709700    738878    748942    748014    742395    685088    769756    741371    706474    673038    737619    731310    760677    713708    736406    767054    739277    706723    717593    735861    734689    718388    724372    751533    696478    751609    707992    706198    693682    712022    697777    724383    683848    681651    718219    698000    742951    768306    710127    764382    667504    700505    666109    685553    688047    742959    696872    723634    699327    733709    706704    728759    710982    712875    753686    727917    736108    727342    708426
    740512    776314    749522    761193    738706    767300    763044    792079    741047    745872    682603    754991    740764    712999    769441    740336    770586    729511    741237    735335    723510    785799    765711    809676    794041    720806    734231    781176    713726    777406    742971    765501    778015    745590    709106    747177    760142    781596    754393    817408    763293    747659    789570    813418    817793    756069    743899    804739    718701    747964    820918    794511    735068    756781    790195    788791    726262    767392    807524    775598    746096    735139    767382    790805    754630    774016    791055    835116    725808    785078    781381    733638    701126    714055    780093    744350    733775    731190    757433    762767    751314    747587    807232    737486    741769    764486    786167    784421    738445    721838    768018    795822    752488    791098    727036    754033    786747    707079    758755    760499    780800    736365    741094    793113    800616    757713    771844    769982    759269    719321    792483    804057    744404    726785    757688    758451    800458    770522    761489    796825    796901    744956    729638    719600    728317    788905    736078    743330    760299    747799    740650    774351    717864    748683    719164    806190    771913    748776    767300    750442    815289    767356    747673    739250    727942    741356    750326    782538    765659    753773    765932    720269    730249    738143    755426    811734    773098    787136    781523    715501    724066    752213    804541    751372    761117    761383    789139    760458    700190    764659    724117    706892    735554    769571    805172    743170    734176    786334    741899    770589    769616    745753    719861    784133    740368    732412    737036    749621    789635    757967    763197    717934    761084    710914    712012    732811    768921    754413    750561    764965    745603    776128    749325    762602    783713    740892    738809    714267    799973    742359    718288    798371    802669    769852    758051    774939    840942    766662    822033    766679    765477    785464    742836    730212    727737    753133    773616    775447    722873    787868    745399    726493    764997    676279    739801    725719    791964    826928    722426    740095    721661    723950    776160    753172    748031    778491    693270    809233    753180    726300    702288    775183    750841    781569    763643    771167    804020    776795    776070    724430    775351    769270    727493    766988    756668    749692    765583    749442    731318    737590    756467    740402    747849    746933    709982    738135    755894    786279    782960    717056    837525    738968    736519    697682    703606    732554    776377    736853    745346    730249    793250    761196    780954    751377    778865    756677    744594    763576    770825    756329
    844195    800428    796493    793466    758172    831405    808044    831399    786071    785378    719412    807527    769322    758502    826790    771366    822686    767469    754038    782108    790746    814412    824839    795660    809012    747829    760893    787290    768848    764454    794305    788543    807959    802295    746691    761103    778993    818961    766483    831971    776741    786074    847679    846483    830643    817472    766041    825798    764442    767020    843384    825041    729710    753377    845847    825258    776703    782300    880972    818724    773441    727670    806088    811855    769714    800033    829493    857220    736008    827155    789865    769601    745251    744360    773097    769938    788677    768802    797555    812509    801569    790341    839206    779396    772611    787624    807391    799632    763406    756341    818786    847000    794591    824669    768293    813961    819785    734028    769009    796811    790377    775574    758942    834418    820625    804780    816601    824370    820985    756589    772585    847358    755822    772633    799408    788283    829639    774733    775655    834813    807320    775955    748770    767674    804048    808590    766793    774419    749464    798793    774346    809662    767424    776206    775429    855911    836804    772594    819567    800263    843904    805587    778130    778803    747092    737759    795774    823788    832995    755602    758337    746915    790731    756588    784235    856429    825824    833306    801745    788744    747971    779868    835415    795629    792087    805143    803020    749662    745761    814127    767522    729708    775520    789993    809117    771342    772996    827761    777251    845516    795169    800883    759956    831054    807114    753937    789832    754772    834876    796863    796868    780253    802381    753385    744775    792534    837620    761312    788375    826833    811607    843634    792692    796661    815297    771143    803054    728141    842135    777061    759106    798052    815305    798280    757794    810262    853811    788240    861816    798775    821014    829736    781718    792928    776426    799713    811553    819523    764284    818414    797255    751609    781040    742803    736027    780195    835051    867378    745201    766899    744793    749954    819521    813140    782868    785879    747097    855969    763435    776944    734171    792908    790982    808012    799494    834651    831774    798788    789225    760359    796744    788211    761898    830931    823463    762760    811340    799097    788418    807577    770452    777909    769700    754390    749540    752133    801577    794404    841235    752687    830875    750731    765077    736525    762758    758810    792364    740505    796229    749523    833079    809558    785177    763658    815935    803624    752174    787015    810123    758634
    754447    747654    787078    762182    765324    745995    741430    794931    729743    738079    677980    754781    726200    756969    760822    685186    762965    728660    733094    716520    756521    764549    785028    732631    769958    734148    705737    778494    738649    740720    710664    719531    763922    756234    733212    750497    746229    757164    740460    816781    740877    737360    773332    785680    800218    733895    691803    750423    699236    725904    795588    749353    698302    725494    785190    773566    733361    746795    824423    757190    740557    696406    763876    791036    730999    738626    770613    819239    740415    746203    757824    723387    683781    708718    740805    726878    772146    738750    716618    770333    737817    721101    787330    706004    761044    769031    768548    760706    720063    717675    771259    794517    727582    755502    725032    746529    767899    731320    750458    756275    712971    709945    704104    753481    784802    787944    746939    763007    742196    729513    755219    783826    718201    754042    742358    745929    797794    749474    735234    777744    763353    725522    736113    710051    737979    767256    710490    737150    729599    762049    731747    767784    752842    767230    731351    787738    776874    720033    720203    728386    767837    759303    750193    742089    710460    705678    753023    788198    783434    725407    711574    717999    709304    717409    723778    776035    757608    799863    774701    742520    721892    733972    725662    743835    738839    755547    750660    713559    699461    774527    699625    742877    732104    765675    776910    741052    696648    781463    734964    770440    760526    759045    739084    747723    738727    717940    756589    734809    756268    756612    761980    738668    728355    714963    686031    757872    803586    747820    728157    790758    768145    767998    712730    766206    748770    748081    753950    712186    768454    760844    717706    785874    760504    791853    726372    754684    820012    748874    770557    780244    714651    752464    738125    739911    750398    774677    749866    774803    756470    746872    744263    716691    727332    704690    728177    724242    794722    811981    693727    734087    696143    737977    758871    720647    763747    722270    713069    766179    752999    725075    719429    751647    736596    776969    703344    764423    757494    803827    752584    713816    741374    743792    750543    763645    766083    727635    759897    718716    716919    730480    741374    737387    754090    701437    692963    738919    737778    760454    766848    735162    789126    712261    712057    705117    701885    734965    748393    741281    733767    741073    810144    729392    746759    705870    756384    772095    734483    769090    765283    719580
    756790    779418    774645    752205    718307    790191    753358    794342    744566    736998    699609    761486    743317    730406    772949    719085    759518    736158    742211    772239    762568    759850    737465    743653    798608    730172    741928    766566    726987    749546    743603    738234    748373    768543    738910    756965    762741    786123    740456    805552    780464    777632    803375    807931    814536    733027    731824    786724    747235    745728    802160    777514    724858    723205    796504    798422    712596    760852    792320    796696    760541    674803    795425    787203    734335    768574    783817    819044    757000    758375    779337    710893    717855    707303    732856    753947    763197    746501    747603    782435    741248    747045    793384    722000    737778    770642    785968    793518    700511    699921    788184    780620    744660    762298    720071    754883    785213    725500    736318    739533    753235    739290    735387    791694    771874    755465    759660    763478    772332    716528    772868    771523    765440    748358    781180    746586    780006    753487    724140    802092    770712    727309    719946    712729    754574    765461    710922    762254    727884    740830    751719    766215    729145    739770    750509    799700    766768    724395    753795    752068    770115    797946    745247    741258    715849    717762    763599    756595    790677    722566    726685    731403    746158    736509    769670    769806    779982    799120    789533    758666    707125    726420    761296    742286    744569    764848    760695    738361    689474    787041    712537    696243    751992    776808    784340    749816    751643    779588    752972    779176    760333    798719    732323    756971    755478    725652    729947    767778    811002    780042    746646    712236    750357    700131    684767    747847    794170    774345    761670    791892    742535    747643    761816    740605    754568    737777    756546    706749    799695    763177    715924    790773    773933    752285    736842    766979    804389    744201    797075    743849    741096    765517    727533    746823    718347    761497    772173    789405    726469    763068    713153    709664    763082    708456    723405    743374    808353    810790    685651    741756    705578    731101    806555    761910    757281    753971    724893    785058    734531    727648    712898    763038    770130    774671    754212    789387    746924    767169    719861    748645    730614    780532    744589    773716    750393    724253    772394    768787    748228    715676    740541    740682    740838    675871    694841    703365    729573    740557    771851    735665    788663    709003    733540    716758    716802    725521    766920    735896    773595    706549    751947    733363    742998    737079    753414    755413    755916    773778    747699    699188
    756533    737788    760326    734889    725065    759006    773882    770352    710306    728784    680293    743857    737624    738337    782968    716515    787702    725299    729842    708673    725816    778301    800313    753815    797898    727329    694600    758685    699879    743671    716948    734784    761729    746936    729857    722600    753997    789544    758315    790824    735839    768764    798939    786064    809042    734611    704527    762727    696764    696893    779859    773374    707364    687827    795199    797056    719071    729248    794514    743770    738009    673131    756265    783343    699922    750934    761575    806642    733733    728437    750489    708744    692653    672137    763480    721846    774868    730845    736174    768840    754750    732921    772669    748936    717483    765708    784551    777858    704138    720424    779112    794629    752750    777695    726492    735696    775349    719418    737632    754774    724671    732922    694356    769754    788520    763544    751501    788775    759767    690810    763791    793492    747838    717210    756735    738703    787220    781849    735180    786364    765253    698285    703887    711455    735691    780445    719090    761647    729870    722183    727758    788925    730247    724158    744057    782269    731828    730719    743275    739383    774673    760106    769687    746200    727756    698512    768279    768990    740517    720381    733040    731490    737475    705807    696478    797151    758086    780720    791732    740192    706051    716382    764627    725918    747250    753099    772504    677824    701678    747728    715184    703908    734989    755562    766588    760168    719582    750237    724272    777186    749966    775112    734957    760626    739272    733480    733341    743628    786603    774840    711181    722676    729673    721929    711111    745319    788971    763644    728943    773702    761937    768064    738175    723846    750936    726984    746145    690591    783126    748596    716579    783673    756911    773729    748299    754276    786946    738858    773136    768051    752882    745253    722938    717973    713064    765499    740227    771528    720646    777325    741191    710497    721631    664601    733979    757215    776239    793075    679362    735377    674877    707918    807853    742674    761162    754868    713136    799156    740278    724418    702299    747489    766868    771427    760360    761078    742550    748465    717331    705412    747234    753046    719447    752035    769296    719483    770674    736592    740095    722130    737627    733894    745784    698207    693994    694586    729186    758879    788550    705849    788244    725384    737371    699709    725462    744333    768396    735384    723843    719532    781347    734222    762461    725303    760576    740245    744896    776462    749878    723832
    765919    732320    750534    759565    727356    766212    743556    820906    760110    744221    711870    773738    720994    716321    770799    747161    761097    750468    745802    770349    767082    798523    772843    737955    786260    743354    721876    780669    708925    710864    776388    728029    743899    747052    716009    735918    746165    764280    779838    794274    764043    750392    798504    818946    831197    745216    738431    767685    709296    740875    766270    802096    724413    744638    792111    805775    723409    776741    786727    817597    739619    714409    738210    774423    745530    741048    755536    819561    739739    771648    748396    731166    695465    710976    747928    772438    774151    734396    751107    750655    719959    741212    786156    707395    764772    773716    780457    764974    744686    706847    810234    760434    774688    790630    720157    759175    786807    703115    748822    752013    750628    779936    693289    764992    803783    761455    753282    772773    769653    715238    745481    794650    764244    733820    734752    734838    780080    749240    738217    804012    780704    755565    704291    741856    763959    787944    735870    797317    729617    728604    749934    765762    751317    771502    716200    786558    758417    768931    759196    757753    788357    775311    752115    716155    718497    731681    768269    776353    753937    745752    778067    735964    728870    719953    742805    772564    777839    797847    829378    746255    732267    728744    741082    743392    746606    778869    758986    719085    703268    781251    704195    718872    731076    774144    781847    744048    740324    775587    751139    766173    763000    794113    769207    746578    754008    720636    710392    731408    779183    766017    744062    733495    756927    708748    723393    762165    795267    783491    715088    813403    727995    786863    752551    738921    774814    735607    736896    684745    821454    750406    712494    780406    757908    780101    734731    764401    789720    753123    771234    773519    735497    769512    724225    775124    728581    778863    755592    777878    762925    763692    745207    744945    751921    696057    741124    750543    789851    805282    702727    751600    694563    742724    819955    751162    762646    737089    735973    769028    761212    719012    671411    792060    764000    761988    755069    755977    782821    765427    737343    731959    732106    768628    733505    765500    783157    732194    770424    742134    753556    727880    756950    728832    745605    695512    717817    721992    740853    775301    776205    710227    781133    738474    720275    712429    720849    734115    754735    745612    754419    694924    781332    748323    750255    693858    771530    772748    777326    758396    756757    717764
    781088    765315    769329    768687    750014    764194    741009    780696    717533    756247    709694    765672    739167    763346    755115    735456    755709    764742    721547    754812    769049    795102    752497    748676    777529    731892    709190    796156    751336    731885    746214    768525    752549    753421    711390    737580    753980    770820    698258    827737    771910    765391    781711    801112    833343    732195    722833    756279    726534    756379    819352    804709    717521    730821    778032    782272    732296    771100    823734    780569    747041    687417    788706    775848    759284    771726    797376    821615    756841    771411    762162    717665    706744    712126    742023    741744    745614    737574    746123    755756    750659    744859    783300    746713    752960    760976    802315    770913    735866    746225    816514    748859    751260    771751    745535    747966    815800    702843    780721    731452    746117    750043    746956    769150    777555    795618    771661    780572    750079    735544    748093    810886    750259    751627    778856    739339    760285    739739    725157    802509    764924    744867    722324    709178    743784    773364    720910    748321    738342    718199    732921    779741    760096    737733    762256    792680    795779    750575    758931    734261    744020    777267    761356    755602    731776    718564    751341    771912    788116    752010    763712    724234    732560    729786    733031    789821    773460    767695    800922    774151    740763    755607    742893    759606    728528    772706    780890    719837    698043    799374    719088    719689    743586    766031    785233    759198    762985    784872    752591    768712    775062    798865    734494    757886    757203    752445    759107    785328    796063    768634    772303    699698    727510    723295    685863    773050    755974    766749    701984    790744    745441    730985    743551    725736    756762    738341    738710    710210    821236    777275    737339    784239    770477    738344    742796    749228    784177    739701    807003    763958    749448    761055    755407    729112    745832    745590    757382    766793    711428    772583    772275    737682    735078    716638    728642    726250    795557    789709    729010    729364    711309    733004    794455    733237    765661    746812    719962    788583    723922    730728    693125    773835    786894    772886    743848    766913    765922    776659    733862    742750    755351    764578    778952    747641    757434    712308    772828    710767    739221    756248    741673    763485    763123    726968    676912    725990    732787    773641    784140    738041    794286    707411    711632    694871    705545    713733    747750    742661    730524    735201    782296    731724    768724    731568    779072    749602    742745    743407    781544    728906
    767443    754411    790578    753421    717184    754088    762771    765090    734633    741895    682441    780330    722447    726826    751680    719973    759250    738857    725803    733686    742215    736016    759793    776156    759180    700392    740529    762997    756674    750576    738033    725632    765719    769937    713343    734575    770882    760329    740909    765223    742133    752329    776693    819935    811716    760691    721577    776202    709521    743932    798276    786584    758580    719662    762891    782363    724812    759903    791421    784698    733178    711896    756991    768934    746399    757398    775537    819639    726604    736044    756247    748066    700510    716250    768352    705364    741291    746129    736188    766165    711455    712480    776329    717493    725870    779394    742048    780750    698679    691491    793548    772447    768315    738537    719969    763802    756128    694742    753065    756336    758962    702063    714989    753394    768624    745988    760279    767598    763114    722629    761206    784809    730189    730524    752686    731151    781591    739445    760483    788819    763946    731668    708726    707727    740186    758010    707818    735108    746585    735170    756170    763897    727358    762804    746137    767951    741068    720084    769160    746639    747745    772110    720142    709380    692063    698214    753820    782596    737966    737314    728333    710258    722039    717010    749060    781791    757315    788097    794814    749951    716628    713587    752580    744998    720099    758875    770051    730798    701069    762212    713120    689234    710196    768077    782784    728653    700853    794455    762398    751880    793251    761353    762849    753829    740051    723596    736684    764480    786240    715240    750132    725175    747757    698410    704595    721128    763672    775422    726548    799425    747497    789258    754029    746180    745836    750509    749129    712994    769918    757999    723428    773601    747562    774344    719816    773946    782456    783343    813750    753275    749113    759003    727952    784605    710823    750433    756200    773957    736169    756979    752774    744045    754669    680886    740284    748967    784572    799003    687102    745427    708108    723703    787002    733174    768762    751127    668214    780497    726572    692607    690211    745714    723405    750682    721346    740176    779254    747056    785999    719297    719146    767497    707232    751092    784769    726293    746028    740095    747435    742395    755210    742171    725230    698724    708875    708856    737134    766779    790503    716273    821754    712046    721630    706020    748878    719177    755445    755520    757343    720069    762990    745648    757290    709361    750462    755389    752867    765156    743356    734324
    740505    739048    768532    744958    761647    739281    731440    777052    712749    718482    649711    742494    716609    735448    774817    701035    751054    715971    730530    729304    741479    753906    753975    741226    747998    705479    690277    753511    716983    727073    693790    729005    707983    736218    713435    715252    712068    763359    720666    774564    750690    748105    787022    784344    795094    734414    708072    731113    706677    702691    791444    788187    712303    720032    770465    774248    741309    702473    788443    768270    712620    692444    752486    738090    719284    741578    773551    797245    744888    721299    706790    719111    670755    701774    736422    735551    754439    700595    704557    777373    725186    709422    793548    702776    748261    749011    757727    765814    709033    688665    779118    754801    738350    781420    714427    722645    788459    711433    748856    743330    734197    715381    703459    749612    770285    773526    752416    750627    746184    695292    714012    779396    738554    704042    737380    710811    763538    709410    696514    767385    754414    707092    716668    707377    733637    692042    713873    753716    716459    712577    695656    747295    723834    745023    723847    758829    753735    716552    753967    755942    732321    774815    723280    738395    678103    714421    734735    749386    755086    700132    753448    716728    701636    710977    711250    766032    761801    772042    775658    708613    728137    754883    758778    715630    745479    717024    750012    705173    684768    769466    665872    673463    736431    768949    769259    728095    700668    776588    727676    771582    727333    744925    727270    716414    736071    728364    729804    737387    772773    732267    725203    726855    727587    693530    707607    737669    745914    785097    717545    781367    741117    761667    712752    751225    752444    738949    724000    687200    770699    744989    713347    763364    738605    749530    724654    732242    782757    744624    783285    760977    712773    723648    711902    749253    722709    758369    753272    796580    725862    722738    729651    716063    713220    704264    706594    728820    785515    789116    691711    747848    672343    717105    768765    757350    764718    723400    688151    740506    729063    729973    678557    733400    744341    753506    709373    781899    767462    767007    702256    706913    705813    738578    744658    748595    756472    727284    740922    696887    710908    705371    739275    687313    714132    714725    717443    709806    722966    767682    789935    715789    771612    700250    696401    693594    710953    705927    734323    707832    733326    710607    771698    733048    735629    724402    748098    764548    743589    730823    768069    716192
    752319    761863    756713    789557    722258    770368    745208    811798    748008    767356    718967    763146    725403    736487    765677    757607    754018    757064    741197    746348    728049    777597    783558    738874    776933    722676    730577    760064    712076    746952    748588    739578    761785    763529    715944    747190    766867    764986    771932    774154    752080    746482    784295    802707    830217    757169    724192    750312    726363    758511    815461    788587    708246    749556    762221    781571    735577    767495    796717    768821    753512    697750    756326    817378    751988    759496    783646    845478    720685    772457    773584    719505    693532    762599    764111    749290    789096    714185    731792    758974    715992    737194    799721    723133    737087    762547    774978    788471    710087    718244    806846    785907    761178    768576    725330    753779    772653    704501    766467    755160    751681    752536    722495    777299    807094    748200    760393    773340    782491    698605    789093    755814    734222    745366    748119    760054    781545    744792    732206    785085    767375    749523    733910    707183    743528    769646    734710    766822    747907    745580    746123    764442    757898    775212    738588    820692    768865    763142    748500    758030    777378    756499    724822    718215    705954    716983    731577    764022    779368    700982    774499    722425    714457    695019    738982    799431    781435    789693    796437    760172    730225    753135    750063    749404    744944    776156    776834    734046    717888    774572    703902    699740    737439    785088    776072    741689    694906    764480    732173    793023    743294    797604    763091    749782    730994    742755    735576    738926    785680    749874    728258    730632    753603    709203    696637    763619    788338    773062    749140    794545    767125    770672    762216    736541    765165    729666    772722    716362    814885    764566    719203    787922    781567    782416    723060    796617    805011    722020    796459    764321    761496    761702    741978    735391    734219    762133    759259    791690    753449    748428    752415    748851    763651    695098    728251    732831    810127    828652    707968    761843    693368    732552    794825    747822    741375    741523    714077    786854    759334    725894    702069    765166    743669    789724    740675    764654    791827    782696    765878    718559    744263    752990    764011    768872    769962    715735    756870    730037    750495    732481    744598    740135    728637    716562    709588    728044    732092    743858    812845    729060    791495    717029    723640    732458    710746    697913    775008    732297    744433    734896    775442    760307    755281    744191    742802    739444    760349    766343    761038    740254
    733670    756965    738407    760745    708360    746341    711389    766736    713459    740204    664654    742880    723979    713714    753845    725893    745612    709650    696580    726558    709414    783735    719690    725677    704552    701415    710199    713752    716530    732068    727893    732763    722528    759145    684616    728777    735135    738769    730571    784568    723753    733052    782419    800949    792802    741755    717042    720927    696552    692101    789427    758646    721799    698311    768116    770265    683527    749617    790727    743856    741355    671809    749458    765086    722893    728779    776497    772767    726017    730619    734208    702219    691072    690829    688232    707768    725791    709804    723342    780478    698293    687222    767606    718709    725529    756872    773908    775113    684017    686206    767072    760298    738009    754874    687075    760891    773486    694227    741242    712821    747717    734150    721959    743256    784533    743810    746833    723075    762055    695951    736741    777560    741362    720445    746088    689599    772896    739760    703661    786003    747465    693893    721193    686183    724878    735704    709082    727251    705591    735639    720008    759937    720681    757747    705494    748908    733415    708350    745531    710829    768613    760805    716478    701030    681841    677463    728496    757017    765436    689321    740253    689928    715606    693256    706671    763374    755410    761787    753285    731262    705693    718926    763381    729391    709298    725866    743779    689687    674513    727017    694155    653309    729040    755101    752609    730785    680067    750356    707091    758914    741812    750905    731910    731686    707159    734451    717702    728686    756934    755379    714662    735936    720559    694327    668483    734014    771461    746555    711183    761212    736022    760808    732907    721803    734699    711797    735045    662618    762096    731932    700807    773285    765007    735805    691880    751914    783922    716254    769692    743425    737286    742449    678698    711577    706301    711226    741257    778062    705073    753788    731028    707559    699187    690845    716861    745267    795185    779745    689457    755006    706901    687244    765517    761776    746206    702766    667281    757973    715193    713851    690156    736918    730822    741528    735111    784825    733488    724060    730500    706859    712914    741435    696490    766027    752317    692397    746217    713868    733084    724709    707268    717288    738373    687009    677105    704362    715352    725418    753600    708478    786818    709274    689361    702405    707973    717574    734080    716397    744139    709496    747892    714860    705484    696473    739950    752537    709470    725731    748349    709433
    747972    764076    772346    739283    758073    749696    751328    774326    715850    742472    680250    780517    727640    742730    793706    727515    733230    727751    714858    737884    748583    783003    771957    768263    762270    729051    717632    798261    757048    737917    709741    748367    752832    736507    751175    749070    759795    756928    729869    787059    777074    759592    760816    804721    820378    747490    717817    749680    722039    753868    790347    794066    725076    703992    816351    767399    724105    738891    802643    769713    737553    712471    753707    779307    718827    741364    789024    822063    756211    767403    762175    716076    736495    713336    746730    734420    760352    729246    743703    781882    750354    745660    798065    724677    743201    768495    806835    765249    721639    699238    784989    799929    779655    786110    737680    780836    785847    746041    771768    750061    755101    755287    690633    765049    807626    767323    767215    774236    758820    692232    775302    797640    756615    751344    780215    756177    764760    763538    718842    797192    758819    712265    716958    728171    749373    758350    731385    761001    741805    743842    747383    762246    719266    759880    737532    795051    762553    724676    783740    776368    756559    782962    773832    737578    735327    695865    721536    774172    756110    714560    754874    728148    721552    714286    740636    765931    771386    778157    783491    725854    754897    722476    779665    739108    760978    741517    771399    734762    687259    779787    715382    720660    737366    754594    784408    745371    727875    782237    734755    776206    768294    821852    720464    752744    748665    754654    783072    766568    805413    761172    746733    729313    738972    702187    700036    759929    789435    771412    747724    800925    763354    800738    752616    755957    794315    728602    743991    724770    798284    770514    733802    759538    796504    776149    718956    700752    787137    775393    813468    773810    760850    774554    729340    753184    728663    766279    786234    795930    710044    764040    737560    725010    758390    720255    746594    711381    793568    822575    691329    730996    698856    719084    790088    722883    760634    764984    763572    805537    731390    736606    687552    727526    754572    777154    742362    765631    764943    790594    731821    744653    761310    776796    774565    754701    781766    730730    775268    729667    747832    764994    758739    743272    763023    723283    722108    707527    743152    758143    781354    732025    807453    709465    695368    685057    718263    681934    758297    739255    753178    734505    792296    754044    763885    748803    761055    757801    733332    740279    767549    732776
    752133    767641    765938    782198    752101    793944    763339    806237    766216    756598    718177    782946    760314    738372    776856    754404    741048    742785    751584    772539    778817    781824    772510    776837    810978    770062    752599    779167    747007    778263    756247    751453    777975    786268    733962    773577    793502    785742    769463    803306    781866    759167    792452    824314    845706    733107    745919    787591    748521    763161    796752    793071    727102    723019    811415    787266    717030    765325    817683    813284    756401    749399    788938    792363    769945    760336    799833    850495    744272    763374    783522    737936    730493    699534    772603    730711    774372    751250    764708    796382    740907    762112    797418    726998    760793    772687    792953    793704    736637    732943    809479    781742    754871    778699    749174    778968    786486    763949    772905    751314    767414    760708    705125    753978    797375    782494    757058    782628    796619    752177    746905    797698    743087    762084    757316    772160    808564    772809    774303    802508    794148    747801    739718    745732    767776    767191    738958    756617    721357    758039    771651    780612    757404    774881    762189    810714    761213    730397    791712    761404    791779    784566    766297    706675    762182    725919    776311    779624    795560    758550    732813    753367    760852    727895    765362    804559    789537    828157    829673    749444    749818    761210    781381    760822    731923    788563    798860    758114    693152    782713    739953    733649    725658    781567    801535    757708    762974    813104    755290    790682    775942    818696    765865    773393    782405    755635    782787    764833    819090    772861    775671    737658    776235    745087    685286    763402    798182    784730    755793    811578    759862    779473    764609    757420    787476    780912    773729    711761    840144    757867    741541    792574    798851    761127    744943    795635    811538    743096    802507    805684    749974    794632    748126    744750    744818    773830    788143    796359    774231    782054    746481    736933    763696    689736    756811    763603    796893    840368    702028    765940    706442    788271    813326    767795    784497    757090    729237    805640    766462    750334    713875    772679    775459    774412    739562    784779    810162    772865    757203    762628    768074    769230    739739    784997    796583    745000    765090    758165    776086    754897    740566    749117    755542    703001    729270    733741    742656    757713    795624    757639    814746    737989    788429    710518    743013    709500    785080    748133    795405    738918    805218    751989    762004    739449    791201    790509    769282    740633    759672    755130
    780514    786489    785624    800614    749542    798333    789649    797251    770402    761662    687973    774472    757115    747285    764696    747169    768123    770309    751129    744402    782115    810185    771826    771196    777848    730316    756224    766625    722907    760127    763749    797783    762115    789145    739149    746634    760293    798421    736516    817777    777984    793981    799948    839705    859170    741128    741610    805303    722961    760777    828945    775079    741138    739784    820784    787299    727826    762493    830540    780759    771551    716601    774201    781701    757814    775055    804094    827311    753669    782439    787039    738161    720846    744397    758306    778835    775448    753215    753798    799068    757014    736054    782005    769510    745474    779432    795625    772963    749399    740535    803868    794515    738597    814953    724259    780862    806500    744683    795573    755408    747886    770757    731614    809547    808569    762699    772961    813210    775801    718808    782983    809564    773810    730067    792725    784117    794516    770576    738801    793400    793692    761319    753376    733521    756996    790295    734886    771713    743038    747279    746452    793707    746163    756714    741667    845670    776787    757507    797203    766474    798674    804423    741919    784498    736633    783737    769983    814620    802771    756071    782443    747321    752114    740664    740805    802885    784765    778184    811771    747720    779691    746420    775115    759855    760472    772320    784795    734285    724333    818248    740402    728868    744987    798316    805983    750140    772803    808869    754009    779987    788427    805376    782003    801136    762325    751563    768593    755834    807249    769637    766603    726277    781696    709307    737291    742762    810799    763431    773000    795399    792356    790195    755170    778159    770071    768008    793257    746406    807454    775313    743770    800905    780666    755314    723914    781547    797761    785377    827223    787274    779448    776371    770166    775799    758969    802691    806673    795519    739421    776406    742336    745785    761156    729401    739669    774966    798263    833232    711187    756098    720203    734588    811898    793753    773985    783479    734515    807087    750046    745024    726839    776391    781825    802866    756912    794589    799577    790357    759414    742565    793786    781810    759427    775126    789279    723802    774117    769954    769293    752475    745342    781681    776071    737116    759215    722154    764447    751624    835346    740975    811871    727220    746840    728276    749912    747737    772149    754089    768781    758239    804135    777061    784245    750552    799570    791121    787690    762541    805875    768073
    802242    777700    813652    830567    766469    833410    772836    809223    780690    764170    709197    796245    775736    771698    799372    756586    795211    753492    790918    772217    789369    816283    798093    800644    821944    739484    762050    818775    769124    771029    805606    788933    801224    792619    766854    788918    798541    806282    788622    828088    810855    805397    804174    876714    842460    748989    742899    827341    754518    782610    815309    840177    769604    772142    796882    812211    759541    780016    846158    798418    779834    729576    781872    825054    799507    808351    816937    866931    761267    750067    790267    807850    714650    759651    774752    738381    794034    757013    773107    803203    778123    759399    817952    754675    771073    813012    822206    800071    790045    752300    819932    815956    790717    803257    764325    753038    799219    752819    788345    770068    774165    781651    731379    812368    805541    805001    778875    811009    796292    753831    758397    799243    784973    755052    796623    762678    844349    781112    750948    828502    802727    771055    752824    773544    770741    791153    756231    785052    771229    766449    769335    795032    778976    790991    769209    822682    803574    778409    817782    781345    796317    802759    778949    760556    740354    748792    791397    817182    809315    742893    783993    785083    787015    743527    786196    848518    806524    841372    841220    780105    729288    775478    799444    767540    780477    790891    807864    780808    755312    836885    755162    774598    778646    789125    803776    763180    766918    797584    778381    780669    810185    825421    804921    788603    764350    777389    785908    802261    811693    787522    808132    774264    757095    765022    727527    784692    813733    793488    776170    845995    772534    809815    783185    789327    834707    786923    780486    735115    853634    811260    732864    821280    819323    813967    761548    776031    851799    784214    804444    808802    798237    800489    766118    781285    744938    813507    786015    809157    772241    821216    796897    733990    768482    721270    761184    758631    815630    832457    713770    775794    722743    762920    831023    772726    793063    771657    723841    815189    781073    769498    683145    790715    797236    814118    778213    806222    819472    820056    780158    765294    795770    791380    748210    784806    808671    766200    804906    762217    776574    802679    772091    739801    757486    749130    720123    773677    765263    803206    829819    743742    842064    762894    783125    746617    750448    731257    801786    781175    815448    784877    803308    784664    795267    761445    790440    803193    808797    748857    827372    757826
    802785    768686    775475    781512    739138    789286    792674    799616    727037    767735    703153    792374    783474    748747    793062    748377    796160    767526    729558    773538    731162    813825    797938    761204    779199    729799    740854    792842    741782    759979    742141    749337    785245    754842    743923    749944    790066    801204    751273    798427    772092    775645    812637    839024    851224    765572    741841    770524    741339    768514    819413    798544    737530    725712    775896    776588    715600    755680    845935    791172    741517    725353    819950    767992    758818    793807    819596    847703    750739    775306    753822    726114    710062    736738    768599    758799    789508    755984    757647    770367    768379    776932    809314    728500    744438    755875    825330    801710    759370    744907    815693    815926    790661    763416    737156    764491    769455    742761    786430    762263    782383    773031    719659    804461    801409    768422    770625    791645    771507    728330    768051    790873    747740    756998    783725    774392    811678    779243    749941    828583    823787    742484    743173    739781    783964    780312    766344    746046    762986    752538    772134    771185    765199    774507    771544    812606    768852    755045    768326    766888    779710    775520    769996    731160    729661    732457    751335    781403    775945    751948    787412    747884    749794    735520    728971    788377    787963    822971    806245    763194    734473    730451    800640    803386    762039    768330    778024    770000    715271    785779    720926    741617    744674    796688    784139    772433    749728    795660    764801    785469    768601    795579    772947    764445    755574    767830    778835    769536    793143    778316    775090    728881    749069    729791    752744    760324    795716    802659    736521    848874    732879    789323    771203    765389    806088    766969    789274    709987    813153    749336    767629    794831    766689    820292    775182    783261    831366    723783    807197    797918    776410    797960    759319    759794    746134    772653    761632    786096    741812    769277    786549    714557    749969    712869    747246    746690    787216    829379    698434    745377    734912    730062    786589    768794    783660    768388    708003    806093    778532    751488    698470    785600    778658    792549    750752    802852    790091    792866    761795    765302    753912    788305    748976    799477    788765    757285    748842    765967    799362    749643    756243    769312    773582    711492    741528    739933    765840    774459    785746    747927    815615    736867    727625    739871    735254    726528    768755    736378    743556    733217    798426    784550    784754    726312    772577    780357    770759    763571    790363    729182
    795179    794834    789617    810548    751082    801798    775707    802657    751705    781075    722837    773281    755652    756805    812039    758877    791632    791685    768388    758917    775402    791282    778688    774895    811736    748011    748181    783714    782712    791069    768727    786013    787880    776087    734776    777896    774531    795004    749649    820813    787208    787221    821623    834832    862149    753091    748597    791446    747422    782949    824141    824130    758838    728988    831167    805767    734624    759179    828541    812717    771906    709924    812767    778859    789496    791167    818577    837794    780461    802786    818498    769251    736215    749031    754848    756723    788558    766112    760118    805335    773066    746829    812999    753829    759241    788468    808232    809643    742999    770713    842241    819304    775284    824005    761544    770809    809164    757992    774899    773899    751402    769706    746052    816703    792791    804902    794357    816732    812699    754301    789646    826256    768976    765304    781520    768821    799938    790088    740740    801391    808270    761263    738103    748476    764974    787319    777615    793841    756630    756609    763418    765390    776958    793121    783533    809159    779728    747305    769103    759606    790635    803874    767813    763399    753297    742201    776778    789366    772167    755636    773299    720184    745048    754747    788901    821333    780827    809224    841495    769818    761322    763113    798395    775562    766850    763395    799308    761256    725744    791541    749873    759613    739140    803702    798445    744635    746500    772343    756452    805168    805775    801629    771029    800072    776554    783588    763394    777259    806522    787561    781596    750104    771130    733332    771491    781102    827725    796547    760351    833797    804028    795718    786881    777990    780303    742311    793730    734247    806505    808582    779404    809315    802444    819970    787585    804259    814758    783753    851401    785164    795140    799747    776750    769233    759596    798216    794109    818979    747607    805876    770854    757577    764729    706504    759620    782850    808797    831393    719924    767681    733764    735710    806047    785453    774641    765533    733669    805910    776882    745567    712858    777328    798019    797655    765190    821401    801627    792361    786400    738119    760138    791948    756964    792820    784232    752921    787915    750966    771443    766211    738067    762595    772425    742396    736470    739982    747091    802588    831851    735372    814725    746174    759412    762326    753256    736950    765839    796735    763749    746017    836663    779623    781945    763603    771166    802932    768883    794870    801882    737601
    772884    785269    772260    756201    747507    801279    759440    816054    739515    722347    714492    770924    726560    740075    769904    717719    742112    738837    736850    736211    744591    759454    769287    753542    761669    724502    729869    752659    724643    725059    751990    730471    766131    768920    742538    767378    744836    766891    741961    796479    750562    737324    776892    813634    816402    757263    751732    751461    713561    724676    821676    768689    696008    721549    808913    772240    699308    779640    821897    759635    724737    698340    792876    768897    735214    758493    790908    811709    736043    765038    753462    722109    704054    694518    748022    760809    773485    748877    719761    742430    743633    705433    784474    725278    730249    756136    777090    775042    718962    713271    782942    795740    757143    761139    711132    746830    764003    720063    760633    751513    715938    740261    725041    774113    759194    756051    754080    780181    766410    734135    755945    798701    745521    706896    750094    742480    785895    737721    721915    798918    768625    738516    723013    734099    757847    767372    705334    749280    736661    754011    748578    761105    735662    760912    705402    764262    759290    732677    762217    741821    768318    758209    738951    720579    713524    693143    757783    791956    790922    723719    721892    729712    746847    700465    700286    793992    747347    796927    760252    736393    738375    742214    749440    723732    746398    719563    726781    713903    688435    780298    716982    700175    713970    763226    788035    751710    715466    780682    728427    759589    766678    797103    750510    758347    739605    724215    722219    753498    799220    749665    736636    718013    774491    691707    677876    746452    785330    776353    756133    795021    760719    760938    744300    721836    737335    720649    744482    696860    807140    756955    760149    780099    755611    779705    717858    763753    806784    758836    801870    758566    771743    763583    724732    761941    746804    771384    763766    780318    749857    755350    772218    740822    747509    703034    730629    748353    802060    824047    731592    729077    695000    712969    790538    748926    766499    748537    732956    809267    763050    720571    708199    742601    741728    772109    731222    772155    806853    764678    712486    692567    730907    733130    721020    754690    783303    733386    766262    720465    735178    722430    746855    736751    727651    697627    706931    717794    721612    710559    774057    723630    800622    715532    708960    735498    753740    719310    755167    720948    740788    705665    795167    723988    738982    737775    777488    793951    727374    780346    771069    721171
    771082    781784    798093    774149    771213    786199    780054    803435    732759    772569    716524    808597    755750    762508    758721    767306    783315    766389    740369    757037    781009    805316    782469    801716    813702    751906    714273    808281    731845    746258    782625    765884    781993    772038    761490    786402    771405    785288    734837    817960    783190    762490    804921    849571    831468    772143    740660    776066    733284    760021    825956    810776    746556    753252    819860    789821    748594    769393    817092    807906    746587    716719    799551    776063    745248    751591    790156    831472    745415    763312    766730    748964    741108    715527    777510    771683    780285    743301    765774    774268    764715    734419    804519    754066    744209    802637    791707    768761    748331    735691    804316    813015    785420    776329    764890    776214    799809    739584    776078    766112    772098    733745    719701    785406    809952    765307    776407    779729    779955    743591    768086    806450    753352    743159    797061    742908    803464    756061    764172    801497    817595    712097    726936    744499    756290    789178    719583    776120    755966    731174    757315    774483    773499    772748    760536    782380    790430    737692    799377    773078    782689    786263    800407    727889    729220    719070    762743    801418    797079    748489    748925    729809    767329    727482    761176    835075    809303    851441    815270    772708    746046    778334    769977    765564    739179    776816    782550    746115    727368    783345    758146    746045    747868    776659    793891    782637    737997    801065    746358    783544    794903    781584    762100    791933    779238    757494    774422    761453    813116    775390    783696    745909    760448    727760    727117    755940    781647    779831    744923    818836    781786    789005    791416    756488    768119    765639    771086    729282    816797    751327    775597    780210    786945    781880    766937    768889    834572    761725    801778    806829    749280    794627    769359    775557    774495    784356    757578    784470    768837    797139    785580    708341    779193    703853    768225    717298    805691    854956    722909    735861    738888    746984    776567    789211    799709    763731    751456    829324    750652    730970    746827    789801    775018    790546    772510    793561    794845    796929    744735    741209    789473    778814    753155    771513    811077    763429    769375    753865    782235    753045    761166    762842    746200    717397    738991    767433    763023    781362    785001    718958    839076    735119    761691    730096    745368    734047    760779    737136    764700    752415    793118    768034    764094    738544    781231    787811    748951    786875    795816    747679
    751871    723407    770098    761602    720448    744035    764683    761281    720902    717731    687585    749200    724106    722152    767082    694348    731683    741359    733630    694603    727465    774343    758697    781295    737689    710994    699962    725334    742315    747572    704385    713676    736266    784231    696172    734884    741477    759542    757187    784200    757769    767887    783897    806462    793088    726464    700329    750007    737650    733829    791899    779040    692362    732685    754365    754233    720941    747027    812612    746538    718326    693140    753725    762558    717252    753966    775741    817696    747396    718767    765045    718243    657973    689168    728244    708155    751629    701271    742735    773608    725386    712786    757536    704997    742753    754828    750879    784107    729538    738696    783269    756878    733404    775551    718347    732761    751914    707973    765566    734316    723891    732168    702303    752181    749844    752002    745674    764341    758255    717117    755228    763231    743640    728631    746077    712138    788722    741817    724737    787356    766028    720797    693526    715964    738136    765894    724655    767344    743779    711895    730298    784199    746393    765607    747919    784060    758931    731718    750851    731063    750651    758036    738281    722203    742751    691228    737976    798197    753606    739598    725755    739408    722028    717351    733608    786512    771563    791856    756492    719579    729710    738167    759420    753702    759911    744412    738437    725874    702413    769847    691160    694325    725819    769487    780444    742643    714680    747685    729024    736219    741934    778278    731255    731213    739730    725951    722080    749719    814393    762787    740542    706131    729521    718854    695788    736841    771343    777253    730032    778667    746145    753544    722794    724742    749326    754115    747758    697177    810666    731966    699086    789588    764178    759401    722961    753187    778108    745717    791207    730565    736323    752203    733512    741269    721317    766561    760251    746988    694984    757270    765678    698991    734009    679364    724660    751713    754353    773006    674427    768031    709588    711710    779562    709736    780076    716915    705378    749156    707092    702596    695062    732084    783952    763101    736290    759611    763394    741669    743491    734424    745697    746243    729280    759629    768585    709877    730658    718652    740573    700449    736770    745998    716365    710012    707906    732249    720202    760783    781946    706361    789272    703002    723669    710579    706398    703005    747908    746361    751819    708606    772546    725427    748048    723174    764079    750987    747209    724684    781879    695844
    799074    792207    794761    835358    740725    797668    780036    801233    765283    803139    712629    802359    764059    791354    820982    788420    801497    777286    775344    798403    770082    841196    807469    771797    799133    752630    753649    815420    773822    769032    804877    789207    779392    782858    772364    792041    797086    813016    814496    834980    803620    806190    822906    848258    845992    775196    758626    810412    732246    761049    844542    835709    770785    772348    819998    825335    756776    787359    853512    801964    786422    719963    772049    829331    778987    779713    813700    864715    784561    773743    803757    760624    754869    735509    747415    777280    780126    764714    772226    802713    762448    752176    834304    784798    778873    804308    814999    790894    763544    745215    835028    812880    795466    795252    748828    800252    808386    751347    786895    775955    785483    786515    759953    841540    826529    799960    792032    784221    801793    738117    794904    835174    811685    759634    822719    762489    840224    829227    769378    839479    810431    753726    771649    754487    795265    793091    755820    791557    742310    790100    817608    807892    765678    790482    771165    838348    781914    793501    816454    787493    820152    814959    801037    759201    776564    757078    805398    832291    798161    787623    806096    788099    770108    748178    778482    829649    810859    844995    829331    821998    768807    770749    785951    778356    772715    774967    803535    756364    733215    817746    759737    748881    777364    789427    811472    797040    738179    803963    766955    804409    797856    823859    788690    816983    769872    793678    792029    777722    821345    785664    796534    776782    779386    736655    719940    805053    806761    810981    742128    837801    772924    820041    758907    766199    805804    787395    781053    757320    844879    801916    751279    836461    808583    818103    771865    809563    869548    797507    841616    818139    792076    800208    795499    768269    777183    807715    789110    819188    785163    821126    821450    750182    766608    735058    786757    792278    837316    853961    734064    771419    753645    745562    832501    803667    777665    778635    754020    810026    767328    737873    744192    803800    804977    798937    786143    794302    816591    814901    753274    746227    775426    788304    750988    800530    816141    783986    804639    749790    780026    780440    788357    794638    794146    766155    768402    756768    787633    781009    818066    746885    824548    774825    759007    729793    754006    763150    781383    781375    798118    762014    842616    769780    779601    769528    804032    816510    785745    807509    811608    777447
    736486    732026    759405    740070    699763    755030    752210    784544    743932    759380    675339    757464    742900    714026    752227    718932    768108    730531    709219    735063    707844    770542    737722    743524    713010    697574    702454    787141    734602    733240    747592    717778    729265    748465    731309    732329    751013    750905    745294    762659    758680    730740    769566    801788    780125    740105    708643    740921    705821    721908    768872    779259    737439    723271    776239    733891    703795    732194    782432    765858    728333    690660    751508    768558    721278    709921    758261    786006    704884    723860    745520    742768    702242    693774    732287    726515    738566    736591    738122    766696    730501    706164    742053    702844    747930    746987    766854    764176    717043    699784    780111    760188    761857    749270    702217    738504    739461    709818    761729    717010    737573    733613    676182    755075    745890    731291    754333    742322    743014    690130    737085    762279    723929    719933    772952    728761    748395    740033    752039    780485    767318    710078    686070    689529    758329    733856    718026    736219    739916    710171    772795    757630    729317    755177    739595    768892    749631    715513    769318    749862    743675    764091    715559    705447    674287    673622    754993    770511    757853    720338    738122    717838    739828    708944    700998    788456    762888    752139    763169    728109    695195    728120    726526    743649    731972    755699    750982    715957    692576    795671    694248    682481    701677    751876    778176    725981    706609    771153    746121    771129    726242    777432    724905    738351    753466    714615    749672    753905    778370    739976    744836    706974    737773    704893    657216    719542    766889    772864    712097    776829    711116    783672    760115    731103    756781    741533    722026    695986    795684    739309    729267    757207    740558    777987    709120    749694    788434    727073    806865    746696    731145    750853    710522    752778    713577    741477    746679    742986    725458    759235    755333    715033    736261    663611    719407    719637    785481    794973    688210    746238    696556    710718    779565    730705    748329    741864    705376    779808    705674    705646    687744    760820    734569    780975    742875    714315    763742    736061    739612    709272    719303    742644    717770    737780    761244    676277    768255    707201    750725    726085    724798    722673    728516    716017    708004    712987    728089    732480    797289    676710    815691    707914    709536    686144    705933    684574    788830    719947    730287    695727    749887    720205    738389    730365    770018    762466    750737    725058    758925    709554
    749811    754269    805113    775826    784908    785463    783779    834517    767754    780959    700445    773249    760466    768817    795188    731283    782218    754947    767977    751491    758759    778653    783668    744851    790044    777024    720671    811348    722272    747617    773173    753007    789459    781311    755457    757419    780689    789319    771226    803326    753594    806776    809321    841901    837218    765982    734880    777411    738303    760300    798492    782399    741397    739313    805299    791391    748978    747395    830420    793134    771115    760545    814888    777873    742812    756193    814355    856845    765573    741670    774208    761155    727000    728944    754058    777335    780377    750835    750733    760646    734971    749012    795150    699091    774565    781426    806482    811924    771228    731227    811437    763750    781341    805140    750442    765452    802671    722108    771814    762524    748518    731955    731824    757444    818269    805272    762031    769487    770082    742498    759191    783057    763013    745848    807486    746261    822382    755718    756796    793856    789360    735583    736100    752673    777700    794125    754682    791084    754021    757135    776060    793373    784827    772780    746432    809978    768730    729394    767145    798761    779569    805866    761458    742552    739554    738067    763230    798351    789323    758510    754944    754509    757395    722857    731299    822912    799507    803343    789235    784944    751757    746870    757919    786479    750676    791474    791301    730624    678530    805652    709608    762996    768116    796213    790282    747090    717595    811371    741455    812417    767867    782457    774452    784870    793684    735394    758491    803114    787850    771089    793584    725486    757034    747378    727915    760117    801978    813165    739298    822112    755761    788170    773818    769384    807941    805869    768909    724956    835764    770956    765927    773778    792141    808183    735702    784587    809004    786036    811532    788477    768188    783050    750011    793281    747065    804959    763165    818999    738920    789702    793617    724004    756159    725662    760445    759096    817390    844704    706341    748195    729319    754493    804507    774148    771942    763019    762019    801397    753957    753888    720969    790249    772207    794059    758733    783585    795278    799538    763609    734956    754694    757469    748499    780822    789914    758691    776005    746360    782235    744749    787542    772526    756640    725093    748258    752334    755430    795907    840818    717958    837047    757613    741120    732772    731531    739910    759182    761651    744062    747573    858384    766266    793594    745067    763503    755075    777833    761888    765431    742975
    737831    723879    754344    753185    734471    779612    759197    775826    744932    750287    702742    764111    736930    731509    772529    769590    791482    717244    728717    772022    748090    801225    781665    790158    785599    732612    713698    792473    764068    736199    736342    726919    770507    744971    728373    721629    792684    764427    739178    815551    769677    751652    766503    776922    816724    780049    732327    771026    697352    757868    793879    781292    738318    747107    786128    760947    702093    755771    812736    799381    745493    705739    792322    782694    726311    784582    783232    809786    720335    759460    745370    746319    750148    705879    742272    737988    748953    755971    739185    781337    762561    757278    801927    719847    734028    789400    784462    784918    713443    694144    794528    794074    776470    777741    733764    754423    760708    712532    759892    748882    715353    748089    717542    806959    803936    772063    759742    787824    790174    704029    766076    794336    744283    746039    785115    768348    815829    772699    745524    812472    756192    727162    718232    718522    792072    769802    755998    760044    718413    730540    755993    773288    724808    771251    754831    817047    751817    730191    769872    782059    772849    784232    785798    739473    720547    700650    780605    783846    768573    732713    750126    740095    746401    699799    747836    787497    777338    841973    804626    765415    715223    731397    741127    752539    750147    780901    769603    749162    704319    777012    706508    715592    734579    776936    777532    757743    757959    759431    770872    791212    796352    773488    749762    781462    791687    747469    763901    768131    823894    758025    745114    727595    743109    722253    678363    764475    760262    775062    739769    811115    760191    789573    766785    733092    785142    740046    754982    709754    811412    775769    770702    771403    773914    774061    750534    742814    820221    767948    824349    773199    762706    766595    729180    750162    738134    750007    765384    789024    743834    773571    767503    722696    767747    701352    732435    768141    803205    832281    685457    746256    735718    717369    770394    746558    751012    772800    719804    773838    742058    719441    684957    764279    765488    764525    745303    783585    785567    757557    740002    698599    770647    780534    777472    781894    806839    746587    778253    778449    743706    764762    732184    764789    788519    698752    713211    714224    747989    770830    795541    730951    808605    684647    716667    699677    716637    717623    766947    746295    740566    714273    796332    745108    739589    719856    774583    753801    735399    769678    733658    729463
    704332    760050    721558    736660    716997    720323    711534    741968    698243    692520    650354    732087    702411    699126    734702    706042    724442    695051    664529    710345    722174    754350    737351    707102    734489    707480    701211    738482    677122    726789    740887    722094    733667    720228    729768    714596    742601    723965    690622    787525    724422    726264    761853    748642    767623    705697    699761    720636    680666    711390    769267    743406    687929    695171    746157    748723    701027    714208    764114    705983    707612    658931    732646    718205    687592    690637    751413    784991    710136    703413    718858    695497    655490    668037    698753    705013    719398    719888    700950    737579    714822    700941    751569    678646    713983    709635    750997    745288    713178    689979    752384    746290    714276    738026    667259    737187    757395    678655    751428    683996    720200    684405    673120    748380    776255    694923    724992    721855    726566    694687    709233    748315    695927    696894    757779    714773    734042    688107    698168    758658    773649    706586    671538    659092    711682    714848    713110    710354    684356    713355    692163    710757    704455    724202    720275    774350    733303    667987    730678    724684    748965    721187    708680    690063    661050    700078    704500    746907    732124    691750    704734    693807    702439    681150    677289    752237    741827    735818    778153    693847    692072    686737    718964    712506    710823    702931    749679    668593    642308    750647    679915    637429    702010    728017    731333    700502    694609    749094    691208    756936    742030    737245    702855    738569    709526    686926    704216    733963    750657    707859    724222    714191    728225    688271    687352    715479    758223    688816    706540    733175    717369    758875    685908    717266    745896    700499    727650    678137    760026    692860    690525    735012    738558    734562    697533    727428    771753    720276    775987    710543    716691    723528    714586    704378    680978    731913    737720    737621    669431    678893    727665    686718    696427    653623    679475    709679    756874    774678    658122    678920    677380    685774    755249    712596    726435    701817    691471    766143    717407    705020    685941    726795    720892    734493    677616    735174    734410    725024    730131    699423    694198    734537    694430    710962    741686    668048    703031    697605    724891    726682    704758    731794    712819    683090    691641    715539    695468    724591    737395    707013    751625    689133    664348    671324    661725    690229    726027    682401    712461    671824    763037    703727    717030    673131    722231    733446    705579    729167    727361    707286
    808550    774489    802928    789520    737634    795327    784684    811671    779337    757791    727256    772165    757003    746503    808480    761275    748845    774813    731593    749954    801009    823921    780232    768319    767667    755522    729074    783480    744854    738784    765412    764384    766041    762968    748337    782552    799474    780190    786092    802841    796393    775567    817489    857089    840174    748768    757324    768926    742749    750565    829507    812913    753940    743197    834823    803590    734729    789732    839671    795897    767021    714046    798279    787026    748148    749228    805083    822136    742044    764156    786677    758259    722305    710016    749617    780726    768485    768826    773614    807949    767633    728692    779379    753217    771212    784185    800695    779158    753633    753369    823154    801479    760846    780782    748364    780152    795204    737832    801534    765797    756170    759357    739268    809603    806563    781971    780647    826668    796680    738065    788513    806287    802496    763901    815744    759811    779478    771335    741973    830299    827759    753491    739764    733377    791126    786136    725688    754727    745786    747750    791868    783096    758096    781208    749509    830073    767059    771803    807242    801242    798656    798757    777394    737049    771252    736470    784625    812232    789229    770043    770030    752310    749248    725182    753672    810252    817268    835657    800615    794262    768748    757599    760383    759787    741517    795412    786182    751631    705380    800333    735821    722781    752000    787908    820594    765517    758028    759292    766633    791759    772013    839784    783193    788077    751758    753853    769838    793007    819750    802656    788990    739148    746454    748219    735484    777216    807797    788860    785459    834225    770555    794086    761605    772577    778883    772825    789597    707081    815847    790014    778792    799283    809337    768359    742638    760896    844833    762269    835698    816647    762058    766095    759986    787378    743074    813231    764132    774283    762644    791095    772894    746216    765032    730643    767763    770548    832421    860849    716299    751485    730437    735661    821287    773008    772363    775775    721135    784719    765977    725209    719402    780207    773172    794263    760240    793396    799206    779917    761637    738582    774616    772304    740762    772679    780890    742719    820680    756396    786020    779515    771796    742494    770788    739847    717223    740677    752208    765879    813602    723159    834123    736009    749159    706149    719435    748193    747941    766623    751171    735603    804668    770467    758452    746694    790394    822489    785449    765302    820456    761437
    751909    726830    704457    729593    729077    746780    741839    753485    722566    741308    706252    756864    706765    715648    754266    713436    747382    721095    716425    743210    766545    766622    728253    774005    761430    704691    675360    742251    700288    738195    723172    727381    730326    739230    706474    723184    741562    789572    728299    757191    730423    746214    772645    792489    810738    705269    706432    698231    704027    709170    762180    791965    717069    724979    742193    744467    719652    738044    787926    767446    711450    699445    738328    749075    750978    744137    752557    813948    723041    748998    722748    730424    675433    706648    735669    722330    775644    701441    738314    747974    728038    688200    775220    717268    717903    757441    752940    769438    731010    713099    770908    742103    739977    747101    699291    723225    772725    713149    731746    726682    691900    731944    712033    765327    742342    761678    792976    749277    749110    697060    739548    784121    735212    713182    719704    721927    754413    707574    676465    797263    738798    694527    702272    701511    734250    728153    712662    712993    701752    702560    715639    749318    719405    715094    711437    771918    764681    713270    730190    725927    743257    741256    744261    718116    717087    700649    720202    760283    738798    713738    724253    667385    715147    681470    723012    786731    774964    782951    742432    744983    702451    730442    716034    706655    738961    722650    735067    698877    700745    757925    700745    694179    750735    742814    772534    749082    712981    752405    723025    763203    752506    780520    710291    731809    714222    718485    731763    713503    790796    758237    729042    687173    742748    676313    704147    740252    758852    756434    725082    795249    739671    746156    726447    698407    749398    723676    756236    683911    777712    741255    711397    762149    735106    765270    704428    739325    796942    722886    770967    758654    725591    737063    712369    743125    737799    760693    729193    761867    716317    749942    739841    702901    727900    674200    720507    710380    755892    764762    689626    711693    682112    725782    793969    719736    744549    757563    698315    770910    725906    702976    672993    702759    732871    743041    713582    766195    763274    748531    735108    705575    735203    724415    723330    741133    756789    697360    754909    717478    737362    727144    757920    708794    733958    706862    663254    704061    721989    736460    766279    707542    776195    692270    736661    696255    690478    697744    730563    710944    734050    702714    754013    741896    738997    677054    769964    737276    740042    726083    768875    729092
    743523    739029    762709    761153    726822    783692    738493    766151    743563    711873    663136    759672    732960    712171    746967    713045    722328    718050    716025    734820    730102    759997    763013    788958    762855    697387    715983    744838    707254    723036    728632    730208    731100    755558    704019    718424    754484    770470    718700    757425    741799    730828    776178    794969    799768    715551    721924    753441    685820    712733    771225    771576    731621    722221    761937    752230    715272    714562    777884    756537    739141    692970    723274    754145    723228    745601    768341    806775    720601    718566    750725    722252    703442    686856    751675    717251    739780    725523    724922    793908    727492    734776    769521    740141    705269    769051    763302    771052    731477    702641    816326    767096    725309    740070    713669    736927    758162    690506    738353    728325    736083    730502    711960    773108    771433    759839    733101    766981    750381    688457    757026    778198    707643    737976    762456    698221    781662    704427    721716    794011    739364    707076    691224    711228    749691    757367    725320    712385    699687    736186    732239    761294    747877    762864    726880    792868    757588    730698    760554    744569    763879    776176    726358    719648    718025    704965    725547    757148    765914    724752    711255    708614    720578    688513    741158    787767    753472    783288    763498    749431    713036    732553    751103    718215    694193    749827    774703    703230    667704    765770    676107    694809    712554    727435    760227    745555    738496    745521    702747    770916    772055    761667    724512    745913    735517    718017    738229    730777    771600    743792    733541    711652    745091    713152    698344    716988    765703    753446    737225    756203    742840    768367    749815    726242    744648    729868    728858    701729    765365    761020    706647    746732    728450    716362    728825    757362    783479    739786    798557    752429    746476    759675    730884    732715    726471    752400    732275    745367    705093    752294    728966    716117    740412    681177    685354    736097    776916    784928    691461    720931    688845    724356    787662    763771    756931    755616    695626    780699    705802    702996    669170    745576    720647    751193    759939    762736    783092    770701    721693    701088    729352    740774    724538    742116    769897    696057    744514    773458    723284    705723    712796    729965    707809    723482    687552    714626    721468    723318    772874    699938    759142    696088    732853    708687    715687    708926    744755    699967    745452    708348    769402    770066    731665    690470    726039    758957    722232    717909    741566    715792
    773774    748138    751929    772660    730155    783749    757399    781872    732501    748349    693461    752668    704580    731184    798109    733497    770594    735167    733360    736979    752448    798406    786412    740331    777974    732196    715368    773249    727141    740155    742675    731931    750766    764183    727471    731656    741807    764904    743010    820795    767610    743554    767167    828202    801922    730242    743783    762779    709030    746237    826478    805383    723642    721134    824543    797919    742909    757490    789442    792028    720447    689685    760011    769353    759702    749163    784065    798325    749796    782637    762012    741303    702959    713212    766430    746053    786825    714598    748965    774074    727756    719131    810488    733261    760596    754596    779663    756264    741800    732346    791947    776387    715166    754646    728304    743743    801103    741592    747817    723966    751722    717215    701281    773621    786463    775695    754253    771150    764062    727943    766994    771824    741157    696679    751250    759913    792810    751648    744862    802935    790998    721734    720392    707524    742763    762990    752957    774290    732895    722990    743290    762669    761383    757193    730265    790883    762782    710320    754583    744348    757671    795799    756922    741897    720318    705010    745254    811428    752019    727358    771085    716150    708475    718599    748542    811777    771292    795329    773713    756916    752533    759026    755829    753802    753747    740466    775511    720818    727704    782121    690912    689610    744422    743047    772696    723696    721719    779170    758690    767593    780699    785320    759343    738619    759683    724317    737921    737514    799005    763078    754390    725933    727890    698216    694937    750579    782487    761302    747127    792738    772978    783247    756519    734681    756094    723279    773903    714816    820252    793627    745152    796592    756189    765874    745509    776829    808903    753003    813523    764225    758240    757771    723064    755010    738320    759307    782095    754902    733987    766608    764443    730310    755688    709908    724700    740373    767450    801226    682685    737435    717349    720634    785568    765537    749406    756707    700481    786669    752262    734243    688373    767021    771341    777630    729566    757919    782752    773770    748318    699712    762048    757826    742525    785551    778984    737969    754990    729310    766205    743183    752278    735010    720827    716014    726685    712636    729555    742835    784817    684846    803368    716698    731868    706295    725717    713290    742818    729927    746498    735726    786075    717211    750296    729707    778650    778479    763188    767739    790727    744986
    743745    764305    790630    781048    754819    787011    770376    784831    753296    752713    683536    732144    749872    729339    807205    717466    780559    748711    756516    732226    784069    766718    770645    754400    788096    740868    739809    782178    748321    740027    732084    761160    732369    787309    746625    754918    758315    782446    750361    810046    754812    771515    782378    831554    794709    764294    712755    765348    713775    744017    793781    787715    728185    716883    819391    772288    715677    738863    804160    766051    755240    715222    769917    767775    751813    771816    812139    808198    745007    746344    733686    740315    743846    722346    727112    740194    741810    718317    760021    817966    751949    736738    793324    737282    772805    763859    803649    780647    741375    720564    802593    784571    733401    782496    729206    763344    783974    721239    768092    757490    743279    758663    718150    784186    809711    764777    776337    789730    783994    720270    770621    797035    747763    715303    758859    705656    793493    790836    736307    798280    786798    732434    716794    715780    749852    771236    740665    740805    748778    743272    736537    781742    740762    769968    745672    781619    770057    739367    753056    763741    767603    784566    757656    737704    730740    742180    769453    765325    784857    736008    758636    737340    746485    736106    745004    809395    759370    797874    793494    745588    746149    740961    756469    728738    741541    763072    795188    720885    704433    785060    698045    723755    756101    768520    792733    752283    730426    777225    739587    767728    796299    788849    745535    751548    760368    762387    736359    766384    775293    766265    755821    742371    749727    715889    722008    756415    779693    784761    746368    818808    745982    794871    756726    767422    788702    744304    779171    693743    799971    768677    727891    758699    778905    769882    725282    793556    790765    758883    785096    761625    753219    770329    725138    758168    729631    796470    764348    789164    747951    806249    761766    726884    748305    699132    716224    764467    769209    826248    690531    745551    709394    729267    787173    769107    768808    750201    705998    778293    755421    726425    695635    767098    765553    764806    782478    780119    792221    805573    730686    726425    763845    766778    773702    777654    771537    722133    799468    738902    753799    765919    732274    766341    739004    721271    732465    727696    739086    754514    798940    723458    827901    713747    744739    741310    713658    742430    760289    727917    760782    725914    797229    751215    746269    747616    761040    772378    742509    776927    763126    706977
    829024    847859    805712    777908    761122    824284    790438    840106    808528    788146    731199    777946    804842    791937    820359    770891    823453    781678    780003    808839    784851    817770    815562    800986    813798    801182    791564    828592    751343    787889    787193    784728    802033    804909    771276    802693    796819    815162    777774    817408    802632    819113    865960    865399    845119    810927    783649    813637    775837    824727    834876    822949    776827    778993    831656    816220    761449    775956    877978    832538    773514    737681    861422    827064    776845    788556    830774    877643    795632    814481    792421    775104    743364    771429    787866    791869    806581    781019    781285    802360    768599    810992    842328    747262    776824    793490    832122    829578    786439    748148    833780    819927    802700    809316    773285    789363    815111    776906    807273    803530    800740    813483    752703    829787    828446    794438    804523    817562    823321    751856    790745    840764    792864    783463    838150    814168    846816    812005    796258    832208    828851    789951    768391    763945    796823    795735    771133    780806    791439    810502    788720    778206    784055    805042    801181    849902    811696    785247    803257    797910    829838    809982    789257    754575    755451    778300    814174    851831    807267    779075    795871    767365    772848    772929    775360    830928    830325    836470    824561    792859    762829    781360    836916    825236    780589    814816    809370    787613    707287    810125    759292    795265    778977    832437    822521    763858    771479    836730    778496    824101    778321    831402    791686    801179    810550    785370    771261    801066    834632    803709    782470    788946    790691    735330    739005    787303    848433    807728    784231    874476    784670    825928    802621    797429    822339    779307    800532    761898    840930    795230    776005    818347    844788    816509    775825    821003    851022    772247    847408    837270    791942    813725    781508    780319    767130    796614    794231    826857    774947    828988    797726    761705    787810    751295    748396    767432    838827    873382    759286    773944    750532    764065    823630    785516    807942    815429    740198    843952    788084    778552    717016    796323    785066    822655    793194    830302    822249    811017    799613    800823    773333    796344    761988    811190    822864    768948    792854    780820    815817    789683    769331    782497    807286    756869    786183    758644    796326    832415    817214    788243    864543    775478    799122    749388    787908    740153    822990    760129    787211    741340    837074    805899    821016    783805    783686    791505    796545    802757    804330    776510
    754973    778961    776288    775189    768927    767363    755301    796382    743914    782202    689161    779556    752956    775207    796489    733956    774983    733559    750093    743297    754802    813273    769846    747225    786845    771635    736259    783766    739527    781883    744760    777754    748506    781474    747986    748924    766404    780304    721331    823133    784598    790231    805285    800547    834485    744232    736793    786295    738180    770715    817479    792299    730572    739774    792946    833104    766817    773626    818670    776886    744153    744785    773871    778497    773757    770694    808421    839311    752522    772486    757645    753618    721879    733606    760637    751569    769402    729893    767192    793036    767731    746410    798799    721145    766402    786369    810036    763979    756623    714130    806743    768954    746012    787728    745731    802719    780173    755264    773383    742798    753875    750650    743014    790214    809447    769580    765421    788863    771542    738298    765881    798743    778485    750032    751858    730172    783558    781895    747835    805538    793021    743544    734568    717067    755534    779391    731417    767510    729582    739443    771148    777526    780714    766477    739853    787846    777073    727976    746321    753131    770473    796152    764198    746338    742584    743309    752885    795277    778394    721352    776056    725194    756939    727555    741730    841793    802271    807566    769271    757263    768274    751833    782108    753564    757265    758585    800585    723928    712126    800805    724919    717282    768823    786557    813021    742032    734759    808411    777529    786911    792298    813768    771240    776439    791831    774612    768580    747302    781386    767481    770656    718012    754315    722486    731040    749202    778884    799687    738887    790849    767610    768565    787526    762532    769343    769058    782050    705400    811845    789225    738351    800331    766640    784979    758107    769628    779998    768050    827745    790811    759598    787993    724402    762838    760344    780190    785742    793262    729287    800040    774962    752799    701822    722580    738648    758919    786990    841604    712604    742058    725485    760219    812447    773642    794489    751491    711557    835211    743322    750116    703055    752690    776200    790848    737573    772295    782601    788243    760228    763617    764028    770741    748403    779039    761944    752563    761798    755784    784261    762254    748903    750888    730460    726507    760059    768298    752231    772393    807577    727688    827666    749293    736421    707763    706179    734754    757269    726771    779706    747667    810095    750937    777686    731661    797357    779465    768972    731534    788748    741289
    736230    731970    748634    770477    730255    756757    756703    796608    720569    727489    695770    748681    733781    740114    784457    707959    733474    752073    745439    754935    768240    764304    745703    738764    759255    718213    723797    773620    712438    684636    731349    746729    730798    750385    734284    721366    758093    735524    717186    785602    753632    718511    750250    786743    803405    733845    717871    744816    719650    727892    796016    778489    701840    711977    783785    768579    694070    766345    784626    719346    755664    686638    761922    756026    719496    750020    780520    810666    709567    746681    751636    706832    710219    667727    703012    720714    749676    719637    725255    758492    722381    727301    748152    712198    730464    761924    742968    766042    715942    713653    749524    758566    747435    762367    727504    731831    743460    708245    757702    715608    737706    745146    672140    767016    762348    760337    716687    767747    767323    682060    740703    769912    735821    714338    735532    748859    763863    745195    712765    764795    774486    725093    707096    694525    759338    751687    731903    771254    739288    734591    703773    746052    712950    738610    721967    795263    759477    726489    746403    753423    772632    751911    737140    724725    733476    714032    740004    742273    742024    729380    729567    739868    696469    699469    714583    793267    771017    776862    784577    724889    721511    729108    725958    731653    720363    769485    734949    735385    703389    775666    688071    704275    701490    753138    787525    725311    753296    744672    704847    771841    745819    774641    751236    744907    711632    734008    724738    741165    798839    746214    744189    699836    729465    707663    709600    737208    785444    755191    750496    812989    732284    753240    722266    729503    776155    723294    734728    699825    781631    740903    731336    752906    778194    760081    717456    750278    795568    735937    807535    786113    752534    727590    728445    707537    731749    760847    733205    755292    739221    761437    711643    724334    739091    682949    734653    723836    792444    799529    705825    706661    715480    728470    751892    753342    768410    715068    688965    770791    738774    701184    676156    761657    739997    733347    740578    760717    760650    769829    736035    695009    738965    740676    739410    720249    748300    696871    768447    723047    745339    744399    693524    716331    746159    684537    687175    710785    706641    744939    807756    723019    790808    693489    708614    703583    693887    714503    731261    723731    739569    708171    791074    746755    746669    700846    735931    758891    749028    741726    767004    711542
    716167    700808    720597    708471    668269    716790    693343    743900    668745    695472    638091    715800    701983    673851    716581    650620    706371    653566    678374    672896    686223    718045    714616    681004    704416    647492    652889    702214    666669    666289    711027    653060    706123    668981    667176    681931    690547    683726    687773    736363    708811    688755    754119    751345    779065    675515    686339    697066    643368    664157    732135    712175    687329    674167    736326    697238    655760    695516    735330    729057    688582    665137    723291    726242    692696    692684    703174    749718    683591    704198    689604    674683    643857    644506    693583    666472    709041    681064    682043    679657    664890    666666    709082    655848    689888    718456    707289    706778    670351    654198    718784    723742    696130    708645    695643    686911    697232    699430    707740    679363    671690    680882    658807    705821    705710    729627    697273    713733    708402    661614    699709    728845    692799    687892    698660    672472    712760    700241    683650    729433    743032    690383    681172    673714    674394    702012    664862    708145    661491    676652    724278    722715    685965    700822    701901    720956    669592    696518    718532    697760    690022    697412    675754    654189    655814    668317    683510    733870    706013    654385    699417    661545    692406    664665    653300    752383    694447    738222    723466    713562    652444    688231    712512    689654    663149    690701    697872    659914    661225    732067    668520    642075    688632    700409    708387    680456    677893    727656    680250    701634    708236    727330    693499    715350    699338    677692    691725    695721    704605    704059    687625    664320    656989    659295    654090    708619    726560    701475    653433    738460    680554    749904    687946    682950    716332    690311    699836    677176    730606    704602    665895    738533    726677    708995    687399    691967    756230    665175    731549    731303    692709    717772    668686    704570    680733    709168    700137    732354    697258    704735    715402    680165    664487    658942    687154    662534    728105    739754    627939    690980    644257    672076    707728    682099    672160    716803    665707    685779    675877    668429    634653    707678    683873    703236    698612    700972    736450    708231    693070    651382    666184    702505    701404    690487    690532    658244    702323    664736    687457    715457    683159    682950    711139    656444    642343    663420    702969    686480    735192    685107    772356    698186    668422    648841    669654    666927    685236    687426    696828    701919    717130    682864    683818    665161    716804    747847    725972    707148    719353    696230
    774968    785705    831246    796258    746964    779926    791544    814542    747450    766452    702751    794988    769775    732587    776592    745607    803464    763119    750711    755477    793297    819845    804451    781965    788892    762391    728384    815810    747924    752291    750815    761247    778802    816138    748474    766490    768290    805178    760934    811634    781552    782507    799473    833948    827649    760015    753601    789947    731796    759483    824526    783576    782268    729032    851805    804429    745695    791271    844473    825606    746124    714318    811023    815059    746580    783022    828388    866734    750087    779427    780211    757983    757036    725090    772914    769969    797818    764509    786857    794484    762642    775460    801832    737764    788816    797351    808437    798971    765979    724330    826146    811897    774026    803755    756054    809074    816175    736139    793283    752341    768450    772081    725470    798659    813785    782775    782844    800568    788934    734167    797671    824752    783545    759962    801931    777302    814125    758541    760847    811886    798174    747015    734251    774144    778154    799424    758132    764011    780609    746853    772455    794332    741039    799165    771233    835702    807401    755222    784660    782937    795321    801866    772307    778412    737224    718081    778413    822007    802135    771359    779945    770846    721344    741436    730692    815312    785009    832653    765802    779146    750763    754563    788441    753735    766819    793047    778894    725423    699918    795485    739806    712517    745282    797692    833703    759627    762614    806613    774170    785473    799273    804638    794297    773277    761479    735679    769693    781687    790037    791738    782209    745128    771587    736676    729285    813141    827933    799956    775446    810960    777387    808506    772382    756086    790608    769465    784535    745962    832101    799526    764090    788959    788691    794838    748152    782545    820691    778597    829744    815487    786755    765134    768085    787586    793232    788861    787384    760793    737381    785181    791871    769015    760275    733935    729103    761268    809297    854438    712415    783985    724359    761227    789492    781764    810670    798709    741407    825896    766215    764129    710656    789093    795720    798756    755951    784100    763099    780771    744453    753663    794558    794504    777547    795370    807697    737054    778255    759993    756732    790187    737732    754207    763341    739621    734779    737688    730847    788243    827039    737817    792980    720891    754836    715333    754933    749092    788589    749049    784995    723933    814360    770084    782165    741497    789237    789290    773529    778102    788126    752459
    750399    745730    759967    759064    720414    731670    744855    781384    717635    749394    675879    741052    728484    719408    758266    710142    728787    707083    704600    742095    731921    780269    739075    757000    730970    715443    704668    761568    724915    716927    722498    732344    754807    735631    705439    716250    740479    734015    724266    757232    735411    754880    782273    778933    829808    714089    731717    710619    708082    736410    777782    757658    722835    716274    775931    765302    712133    730039    778422    775478    724601    679030    743794    742208    708620    756984    784881    801460    748406    740915    730063    700942    670199    719200    735746    751381    743838    725286    744288    758067    710693    735461    769007    736045    751379    746776    778345    765270    724036    681349    770638    770863    747956    744209    706161    737124    746237    699526    761271    742404    730530    725635    708585    758539    790623    744139    765814    732959    730153    698605    722988    767668    732160    721482    757806    703824    751109    762120    721116    756694    788757    704831    696468    728004    726760    737477    708145    756086    728065    724909    731094    724449    747535    753354    719086    786150    749920    693373    738221    719235    768541    761798    729486    725245    706477    718470    764578    781962    727190    703370    737162    720462    680567    712069    697076    752580    754365    782141    784246    721072    731583    728438    746658    702622    739386    741110    748537    720039    663986    771553    693923    706512    724223    743292    746864    739768    710801    749555    701483    778673    756788    771297    726306    733973    717638    752313    727828    735046    773629    731190    715675    701120    750507    691189    712657    724535    776993    756661    718048    731950    725658    772485    727326    730318    750609    716901    733741    700736    792420    733849    705180    781350    742798    771747    725230    735172    776459    733417    758711    754177    726274    768590    739370    717979    737068    726306    754100    753386    726914    716791    735414    713911    745679    683127    709121    743646    758252    803279    675496    720523    670572    737965    768833    744151    772056    732270    698069    747176    719229    714679    660905    731695    774583    727405    756282    751635    761769    747416    712142    728102    744254    764885    723314    728465    783313    724691    718910    713420    705846    716834    744565    723204    746094    690486    692277    698557    742689    757890    757215    740110    774380    681492    686774    719221    718213    691203    725304    745053    717175    714383    745218    744509    763544    739634    762492    765924    753012    733160    744533    732532
    753930    794658    757983    780605    700177    790874    780031    788585    715638    770392    693963    774603    777893    716664    767134    723682    755566    735906    753617    751533    737517    799370    758094    789894    809251    716252    722562    751224    721819    722569    747805    749211    766707    772934    709897    745402    737078    792051    739946    794811    777217    737025    780571    805208    836378    748169    732471    772154    718928    763932    789968    790033    738704    750256    792360    792123    729034    772932    782984    777870    741152    694498    757441    794713    759000    790726    807989    822075    733291    763236    757154    742924    706388    708022    741833    730629    766944    725754    772923    775006    728458    736405    766777    741909    760026    776539    791631    788071    741662    728220    792318    783451    753169    765402    732207    737829    778959    725344    791272    748384    747270    748867    728399    808596    794213    762335    778089    752551    775788    706903    788029    771633    745965    734316    745427    751071    805774    747753    745013    777118    755924    731914    719707    747617    778044    781832    741055    747753    715814    749468    774188    756129    759936    745567    722702    818387    788264    723336    727429    741955    797179    801757    762358    762906    717793    752792    753599    791674    773692    736607    755623    738777    748869    731623    754734    784434    784900    792207    761870    734786    735481    750888    759325    749098    702666    786317    771461    744789    724205    793139    690983    711418    711784    763114    779013    744869    739796    756456    768469    767859    773203    773264    759249    768757    736370    764376    716097    737024    797380    776557    777859    704522    744112    717286    685351    748784    791739    790712    753772    804372    763867    784469    771651    725190    760527    725073    747439    717874    812002    756308    723227    771314    777468    767444    731108    754831    794458    725143    788312    814240    750043    766521    741235    739351    754858    743839    732416    783987    759738    782802    713477    721735    768474    684396    757019    717265    796658    821436    692109    752674    735273    771498    777000    764628    785430    764048    693594    808918    752062    726754    684733    786665    766256    754954    762090    765569    783301    773144    760752    738482    762254    768012    777239    769512    770278    729184    771430    745044    741781    750821    744551    738232    763090    702437    687311    715916    739155    737931    795971    731069    793109    710306    741328    707591    720849    708344    752448    725147    760222    726953    781213    761475    788360    709777    798242    781180    760474    738049    760524    723332
    720505    752761    763379    742322    715233    736390    746169    776258    735143    720914    680413    762413    731056    711447    743970    735484    758860    703318    686196    731402    735387    780952    772937    726350    741267    696519    703578    738163    744245    741936    731330    728656    750394    739774    725817    727835    740616    752714    708499    788618    751459    723216    789089    781001    822496    716577    729726    734141    711220    733107    781794    785775    699519    703425    787763    760873    708253    729870    790451    775047    757525    698808    758577    761501    706861    721035    761374    797230    709457    736822    709065    701188    696158    668246    739831    762399    769495    713190    733927    745163    753831    738672    770201    709413    720502    754826    776308    773490    733500    678730    750484    778983    780327    752161    720041    752991    771556    705177    762121    741403    719995    723092    689664    753313    756577    752771    740563    757489    762372    701209    732184    778871    718348    749770    761236    740375    770207    757972    687074    755072    754478    712200    726886    699265    743040    743319    707122    753018    709194    726628    714019    755131    721838    752380    717447    806467    743165    740918    762088    722979    762382    746653    736853    718050    707932    718980    729391    740431    740922    724896    747500    722614    705806    725526    691395    780107    730033    779306    787587    736222    671684    721292    745341    745890    726953    768907    704892    728963    700901    756787    691620    690589    715404    768079    739307    733937    678726    762220    713738    763462    730348    777922    750426    759289    746648    728604    734320    710620    752457    741401    746721    729949    715337    705043    709248    735760    784808    758996    721964    772356    735138    764365    741257    725439    754041    760692    735388    691342    801840    760222    731623    755090    762374    738932    712358    730652    798775    720837    783471    751314    754834    740995    721349    742974    737323    738225    728781    782107    742248    723760    710635    704977    738234    690038    694138    707263    774622    859628    685572    731586    675161    721969    748859    718559    780068    738845    683027    780713    739998    701820    685464    747204    750597    755318    724297    773405    746824    764055    732769    692294    710487    758529    716598    747021    771643    714572    720796    704751    728728    744858    721098    769265    731221    692698    689608    709366    743151    757446    784008    699780    792953    725686    705621    743997    742612    691320    734275    724418    737639    736105    767867    765106    741235    706701    754825    774656    709697    758729    765677    695315
    768759    737248    775886    742078    728135    772797    743411    792445    726879    737732    708032    753394    734853    712955    764934    744826    752366    740030    714981    729920    743445    799165    787727    746583    785966    741374    702890    749936    710753    741066    744916    708309    728797    745559    728639    734317    772322    767366    755428    774410    768182    714396    798403    788632    845233    698439    711038    748404    689132    722355    784174    795817    712875    742152    771751    777043    736482    751986    770726    778829    735053    676714    737836    753196    736260    751161    773813    793784    719560    748314    766718    725779    687562    686617    763572    752288    755407    707745    740590    734766    730751    732680    772155    729532    738389    761034    782575    752103    740230    713363    795255    771482    729928    767406    739173    730015    745191    683483    744920    732830    730339    735910    702852    749968    790859    759828    747175    760260    757016    712011    740903    767118    730294    739240    748648    723980    783895    748388    731220    788136    745548    712929    683496    718071    729850    780960    741463    730365    732592    693018    737518    762599    744731    778604    748804    779089    739386    763053    748161    746974    747259    749172    732597    729882    723636    700843    779474    775704    765979    690640    747275    741403    738646    689713    729143    790046    767689    803778    772217    741539    724870    760533    733179    727510    740117    765033    782900    698826    693443    786213    685321    715498    697163    767327    800089    760878    712644    748449    732807    780869    773137    794091    743728    765942    759027    707356    740395    759545    780295    739570    754549    731586    737770    728095    714551    751463    789646    769463    729109    786160    738849    757771    754726    731450    749097    724914    740488    705193    798106    767916    720705    773078    755907    764854    732858    760104    798365    727299    786476    779257    733348    768663    736002    738844    722717    755820    760289    754271    722922    757795    759731    720292    736365    686448    727099    731302    791886    792773    676300    727631    677618    715382    794816    716456    750384    771358    710730    780607    757926    699292    667151    722555    747037    759775    763724    728878    789898    749855    710312    729862    758659    736374    760487    740560    759648    730832    758927    730956    727880    754802    741196    729412    720023    706100    667790    722740    745961    778428    772128    703810    788205    702308    734851    697153    717952    699792    753310    727403    742556    729538    773374    751672    749576    742537    769025    753299    721755    744726    747374    725200
    749030    732586    756612    750512    718496    729528    756009    791708    699735    718836    670666    762142    713658    718844    729027    724743    768606    737447    703794    707944    733221    763803    758869    734980    732473    724498    687578    752756    722199    708646    731143    717027    733406    739037    734050    742741    764368    753320    729538    777148    738252    735783    740778    784651    775216    726818    714766    757793    700135    717661    791946    760424    716444    685299    785578    748425    728778    739846    787088    758270    729391    685287    759402    755418    710267    713641    756910    806391    721930    731213    719221    722141    716994    666520    717691    729758    748965    725382    705393    747052    708322    730421    778844    713466    734787    742932    768320    751468    667762    687364    795587    773620    782419    750404    695039    727781    762205    716550    750467    739246    722881    711801    692803    749020    765082    748160    731050    747596    744085    696818    732758    774358    731398    737092    782770    721783    776782    748585    703499    780896    753066    676870    699778    695017    715972    756928    713694    722942    717149    760920    718471    738814    715533    748312    746478    767593    749893    743928    740055    737218    764982    770009    737500    735018    694846    709875    747822    769859    739058    685024    695408    707391    722985    688317    706560    786687    722878    782645    749520    725944    679842    689171    752202    732203    750419    727228    731990    699857    661201    745611    695799    691917    707321    753265    758592    753327    698836    765178    727269    765256    752631    787440    731992    760390    735277    731243    741434    752520    775383    761315    742044    674900    732246    678853    696688    743845    780271    744256    743387    778081    718813    792207    723305    738386    756992    727263    725896    701936    783907    724547    710223    779646    729860    726777    694583    720980    788907    732671    784591    766048    757887    735489    733681    729099    732015    726247    771490    759162    710180    741212    732163    685716    738438    680129    709676    723161    778221    824584    719115    713025    700147    702027    760353    719819    737820    733822    737266    769224    740760    700064    678248    720499    738511    726286    742519    737789    744602    752142    711839    696960    709861    745183    722525    760954    756879    706278    727293    721637    741540    732482    742180    734007    744926    711661    699704    700686    720388    749583    768344    717770    775439    694428    674602    703094    702837    706781    729854    741933    738921    675257    779110    743050    718126    704948    718193    746591    712590    762297    759950    733065
    771875    754433    761669    740726    735770    789940    735918    782308    736766    736662    703007    777341    746040    747579    772665    732625    743118    730994    699139    742250    749078    773126    755757    742783    755914    739287    706854    774863    744736    750825    724389    709952    776478    758324    707945    759074    739222    758253    709435    768285    751313    716473    738017    771898    805429    768002    737741    743007    698708    739082    784298    776480    701315    740930    780339    774020    719198    738226    782006    778276    740071    703213    760635    755859    736476    730067    755539    801046    737500    761016    750100    730872    701670    743301    749244    717431    763405    726766    740728    746597    726360    747362    776552    720672    731195    764415    796447    761401    732490    676031    798621    766206    724623    739537    752019    758104    772396    731938    716165    744830    768220    749877    709393    771285    792168    764172    759747    774050    767852    749560    762449    790490    722061    732509    766136    738845    754563    751864    734004    785069    797329    713115    707613    719934    741684    736692    732492    725758    727402    736850    756926    747328    734012    739078    724494    781267    744249    724965    748794    743701    756552    780264    722676    738392    678112    707760    767586    764927    733107    719975    737696    738048    706776    726864    735927    789160    766936    779278    783329    754855    740374    742585    760229    735514    738829    747095    740315    721208    696640    769900    706478    716662    719949    720177    765700    739285    725892    752719    733255    766718    776070    773499    728361    765979    747608    736615    750272    761435    797055    731713    747011    738608    734851    701755    708221    760821    769297    756404    730416    792745    756149    750769    755243    738782    741420    728153    772704    708899    796006    770728    727679    752617    765368    774718    730951    749488    788003    721629    812985    773452    756374    771566    726694    751257    717023    728155    744669    776713    733778    757877    753774    718202    743253    678846    715294    740863    770931    817199    687499    722912    714513    741009    775986    771384    750162    756909    691847    769419    764765    717515    685104    758280    729088    782913    731377    787212    770667    739014    734055    707930    739889    750567    735529    773141    773711    707862    744397    741029    757685    753832    721494    726185    719854    673463    704121    704879    751084    766975    770275    710779    792028    726883    709541    710350    714619    711787    757346    726794    738839    732926    769514    739282    751524    757583    758254    781380    752902    725307    782078    725025
    822582    822503    793723    821700    771031    822207    824584    836818    766368    809489    737274    810442    800312    784762    829462    772690    825980    777843    757961    791864    794013    839054    814344    815655    792817    778533    742207    799652    749282    752968    791533    813704    796009    817851    767906    795346    785051    794783    784958    835540    809380    803618    817233    879592    871355    777321    766347    797750    772640    788339    854401    826847    763082    765534    844780    812943    743265    808257    876695    843489    756776    733681    818096    804993    771975    805294    846669    858212    778989    778591    791815    761429    729828    770220    795777    798593    814845    766499    774172    809447    786614    790172    793488    781807    761689    819363    844284    825720    772967    760960    813352    803143    795493    832933    764685    789072    804695    777963    830802    770399    814388    798753    751375    818746    827711    811046    818637    809051    814841    759691    784589    822082    802561    750175    812715    781474    801468    794281    757790    849243    824985    793648    737420    764933    779830    796398    778081    796949    776908    778149    781711    802024    799135    804663    784319    810990    780138    779438    781820    757994    820499    831415    779804    790366    752169    754968    770516    849892    802345    779570    778875    774128    764797    731373    763452    861924    791507    835104    819925    788325    775460    792333    821763    778835    803657    806721    794160    750758    753826    808730    736806    740610    765388    826880    829811    779809    754143    816327    777975    821791    819563    814313    814562    793065    797290    777362    741887    811401    813839    795929    796230    765729    784292    744013    736490    823180    850155    820559    802602    838083    789357    821338    785873    750309    817293    776603    804905    765219    836595    811678    792384    823423    793476    801391    784198    832638    852386    784700    820923    799185    788925    820822    749156    795158    789654    831568    823999    800521    746640    784950    791819    761110    786919    732955    773740    763277    808207    844206    739842    772791    758381    790114    835799    787972    819086    789514    733846    824157    792192    776090    725766    796942    809052    790558    784400    809126    811991    822954    779508    789940    794675    810273    781104    809445    849565    792432    773444    769902    783281    793260    779249    795665    791978    747836    743129    733599    767174    788124    851117    744009    815602    733331    751050    783487    790273    756962    807482    794754    804373    738292    821125    777242    800303    761364    817281    832463    807725    797168    810712    765493
    768347    788296    773227    778366    768801    777866    783402    814300    761779    779207    734693    791998    793975    749600    799689    748876    797302    767123    749112    759607    777345    776377    761593    794956    772428    733356    727911    796450    750733    769797    762650    757244    797663    794458    737977    758275    765420    809330    776257    817045    783758    779075    794498    811925    833361    796710    755742    795154    720604    774501    817334    792027    738645    742322    793980    795704    701457    765125    802521    799358    768283    719671    790143    803309    762888    766381    785861    832626    744718    761946    771224    761112    754612    727232    761252    764132    765163    760248    762551    826529    763705    774273    789513    762776    750018    806728    792453    815806    741498    717495    810200    824397    785391    790270    735394    769252    787769    728413    768949    759603    720415    719642    738613    796153    845036    774376    760320    811654    761641    728528    801030    824209    743569    745148    787440    753241    783201    737732    760507    788619    783820    739843    722487    722464    774705    774680    773646    765656    761099    749292    754056    806724    741202    788491    744460    842162    820440    755120    781265    804747    790322    810829    742885    766989    704495    743458    774656    789295    805706    740863    770561    742522    755584    719599    739364    802303    794889    803189    798980    741334    742593    752739    786461    761854    733413    775351    758574    726864    709445    777336    730849    717988    755964    774714    800882    758752    745788    773811    767120    787978    791114    792181    765780    798349    773073    766157    755422    781007    832805    783090    778052    728171    772856    697107    712336    749530    804971    756599    769195    807514    793951    784397    757026    742569    769214    754902    767483    711480    806577    780530    735203    786473    787036    781272    783519    769672    817500    771307    846859    796379    756709    759635    730328    771905    759116    778944    781767    781946    731851    780846    720543    734628    772557    732120    736040    747083    764847    825655    725023    742702    739165    761258    821982    757848    796741    780770    754712    778306    757348    718687    710828    757121    763626    792378    780168    796060    776956    779391    761060    739244    764941    782775    788451    811083    825636    745180    753577    755122    777194    743313    764257    784287    765557    708811    747095    738002    764282    786753    806949    745174    843253    762484    717549    715761    718287    711999    787891    750867    751765    713904    781896    768475    786440    756084    799223    770878    762315    777379    759021    737742
    709838    738616    742834    732888    697635    755576    733030    741744    701316    721891    667064    739956    731045    704572    746119    700566    735789    679242    700472    714740    709760    761553    729471    731627    761269    686467    678179    716426    718940    711363    710739    730089    714723    733649    687694    706752    708759    760632    742817    759873    741923    748998    763408    801602    779031    702048    697004    735781    699999    689328    791433    770820    697917    727432    730765    739157    691894    728487    786317    756937    710037    657740    755111    749988    713262    747089    777515    795269    694522    738053    745525    718253    707397    674646    718379    708995    724339    676058    724019    751483    716795    680218    741661    708634    703764    758992    752896    761359    718312    701446    771152    741673    737671    733924    724627    723246    705939    709221    731412    724816    730227    691774    731038    764206    757110    753672    730360    711844    700155    707246    736051    754297    721551    692461    750064    711854    766683    717846    711709    784433    737427    671174    698620    649711    707218    733639    698490    707032    707842    725839    736379    753053    719997    741836    730380    766007    703384    700043    732865    740233    780067    763521    723963    692064    716939    696991    717677    747197    744464    699010    721734    728104    704880    697064    733689    774173    738913    768470    739109    720888    689506    713514    734722    724840    689631    736467    752731    723092    682377    752615    663204    662450    715667    737563    760917    751269    673648    760482    730823    777311    735291    747959    718875    739492    717924    700256    737811    718043    746786    705522    731473    707747    718467    693494    666715    708801    748116    761862    722353    775089    721649    736387    708283    731376    724251    691709    741696    677799    769484    733378    691220    744168    729554    733755    695502    739552    804814    706845    774623    742026    749627    759542    720953    709586    708336    725751    721086    747174    699351    747999    725002    698308    714933    703751    709075    706217    779001    755521    681637    734173    707327    694823    751221    738348    735929    745781    677787    757986    701971    681487    683765    734424    725322    741470    711694    730184    764863    741488    710845    708980    731767    738452    691860    740678    764504    701720    723881    721491    739724    678571    724572    686964    709288    675494    677434    678235    691249    717467    756721    681712    775697    698887    703593    679785    694333    694513    717573    721102    727948    703964    750478    730898    740763    701006    764307    703744    727638    713044    752578    721722
    767536    766681    792749    777683    733999    782422    741213    811967    752793    754456    711221    770603    756506    738496    787057    762023    782050    753279    720394    739204    751488    819993    758297    735534    746368    722798    744438    767005    753236    760886    751468    730903    767510    786737    720137    760617    778129    780260    766805    780355    792033    764124    827757    798675    827728    736705    744469    797586    708513    725048    804480    797699    738664    713926    809605    800165    729366    744786    833218    787639    749277    724636    773347    782627    733227    762469    802263    845108    719964    773349    754826    752587    728863    707042    757221    751418    774022    768274    774046    775351    755296    742422    795001    734061    776242    779518    786442    778918    738249    706636    798330    814244    752727    790156    754446    777658    774270    711638    778775    736694    762599    738183    717634    778032    785497    793181    792229    820496    795216    729952    758714    789200    769488    744010    789006    745818    787402    765858    723688    806099    815827    722916    762847    712427    787603    764233    752473    790693    737576    746856    760942    768146    731852    772814    762194    794613    762056    740685    785805    759101    791697    790962    740570    730429    722946    741439    764386    786878    777115    760433    744921    736281    738279    729730    715146    789454    785389    810997    812681    749928    752749    769184    765533    750335    773137    795533    776548    755544    720032    790533    732283    705073    735784    796972    777730    753434    707155    803993    777578    792978    771514    817788    771196    747673    755828    764307    784202    747125    786295    756713    788417    746484    735946    712153    718613    713575    813447    788261    741635    809496    757774    784297    757893    755619    772324    756942    752528    683826    802165    791765    719795    803079    779008    776509    736280    742409    806294    753885    807311    790041    760397    758955    742572    781057    739813    784563    763501    782659    761269    762965    772662    710463    737813    732492    726710    731236    816069    822153    700629    762581    706101    707337    800868    756682    782502    753315    686160    802124    764714    724948    713925    743257    798280    821769    752866    813265    768551    760908    749962    727091    727987    781452    734942    781198    795540    732067    776150    742944    785244    744385    748369    730761    726841    749954    723060    739534    749636    785863    812255    725921    811160    734368    699700    753681    727066    743667    741048    746394    761539    756551    774082    773952    767423    758122    785237    805916    744453    743633    792716    722372
    818015    793043    786250    787138    757265    781291    797856    816647    725767    768359    711401    753619    767023    781419    788280    729729    746195    739817    736485    743744    770810    784385    801944    768483    805830    714136    752062    802569    752857    741862    736714    755367    764749    760876    751927    768349    771180    797533    743315    820220    772964    762840    800638    808632    824039    739864    753029    755899    722150    750765    809249    805635    729478    751579    819775    794569    740221    770560    840896    779677    747763    698444    785582    795119    741958    791817    790127    818426    729751    785394    775133    758114    698739    740857    767579    758874    774905    739391    753218    787065    746272    748768    804090    758501    748057    771827    813624    781682    758788    708507    830961    804277    756783    779564    738635    763967    799753    756551    782735    747515    753365    767631    717226    785780    768560    771158    800714    775511    772769    726991    793096    810367    737888    743379    773699    781252    795356    741192    766660    794634    781630    749196    730545    722801    771032    795964    747866    761344    776725    750725    752806    766659    752751    763802    728025    817580    790100    754212    766255    784269    779666    788470    764992    787349    738146    709998    773870    807826    766892    741686    771297    733667    739029    718061    729435    809693    768658    782780    783131    764765    760836    734791    785016    734097    762508    742615    770236    719443    727272    815919    736309    722314    746974    748395    785267    746234    731784    782033    755120    786819    779993    779499    763691    768589    758653    741843    758658    761357    784894    755347    788966    742304    756052    733629    727971    772393    790168    789256    755765    795259    751739    797760    780434    741482    782437    738162    799941    724641    831023    757856    766702    767415    792106    799550    757079    771681    796161    763206    812721    790262    759163    780947    740568    758641    744244    766106    782000    799371    727375    792859    761197    721006    764845    711599    746290    757348    803361    830001    713833    752502    727296    753747    812096    767892    757701    787731    710788    805019    770428    748155    697382    767797    769117    792325    752810    792054    813175    793821    744792    735109    753866    764540    743019    807065    792199    719829    774330    714864    744984    754865    770789    762303    761318    713088    721585    711129    750389    756752    788466    743186    817898    697157    753793    732223    717256    741393    783258    746451    757513    751064    812842    753210    785016    746140    772448    772613    769186    771900    776451    715431
    829545    765768    779002    772682    739947    756386    764655    824141    717329    746076    708791    801023    741096    753608    797540    741609    791203    757393    753581    739920    756391    799912    779738    794155    763286    729799    712668    758791    752815    739225    740167    752505    771605    735611    724699    753076    748386    780836    753978    816686    765586    753310    801890    804563    818576    749671    749361    770847    737437    744843    817936    802677    767557    749839    778774    794421    738462    770828    812538    794478    752299    669759    789265    778922    759312    803636    828236    801739    753764    765171    786222    770676    714563    721806    775847    770807    782833    755443    734695    795820    753859    740572    794572    735825    729402    792262    795547    795431    736836    715622    763135    813675    772847    772737    754318    739835    768709    735984    784174    744679    771821    765339    748465    781835    794785    762814    772633    760072    761476    736799    768287    819004    738702    774348    785006    761289    803403    768306    720728    787203    789433    728178    729067    734378    772796    786015    742634    759448    762445    748521    770319    777224    760224    763258    755120    823623    763419    768181    802026    771997    769200    788126    756511    759794    723718    713895    773940    793243    759196    740675    785186    742151    755739    722546    761390    815012    788029    802766    782105    789298    729742    756963    808983    768087    747362    752712    766680    717329    692987    802101    714965    695126    750104    805841    797703    760474    731528    786024    737066    780993    760740    780326    767411    791211    726466    748461    763871    786297    778818    782330    776557    727373    723827    738777    720558    766319    806740    755220    735344    797533    746576    776497    761606    752991    764974    749022    772349    738083    820088    730093    759871    806839    791759    766934    747050    759468    833551    756333    820643    796747    758761    749416    739120    753853    745622    789572    769339    786826    745150    770025    741477    712943    772339    686821    750398    738289    789772    808840    725985    794375    716614    740478    780950    773197    781341    778858    723651    771336    763441    731997    688047    763707    785003    782165    756482    796557    809965    765922    749845    747157    786502    765800    759228    778703    785521    750774    763573    745612    756899    775238    759579    758855    758142    720421    703609    733663    758358    771172    798773    733459    802293    754085    748296    715102    730479    734482    763147    791490    772140    729895    781288    776992    745947    724205    776818    802772    739896    746447    787209    707643
    739997    771635    749520    746663    724635    770898    771261    783941    749074    729427    682683    775773    751350    705776    776091    710929    765591    746797    734154    728363    758457    773287    750288    758566    755697    746590    693615    770309    729120    757568    748350    763275    769952    760061    731788    732514    732657    750920    730338    813652    752877    727793    781204    815378    825922    756168    719903    769343    708525    754860    808837    792077    725771    738873    789511    801983    714329    760426    796123    788568    725826    739109    754984    772512    741757    746809    775157    831691    725702    768915    744603    743452    704721    699972    735255    732883    753757    718420    742674    773680    752960    701753    766975    696497    740003    782277    786879    782143    734624    716489    797029    777471    726009    781404    704773    755920    792050    724397    726529    734579    766237    734798    728490    766646    765124    762493    744824    782394    761112    725585    757772    789196    733845    725403    767728    748427    776425    740982    732056    793202    787894    749177    700923    716824    757521    770843    725659    748212    727225    740487    745329    779034    743413    740658    709164    784700    757668    724044    746453    738142    790518    771160    741036    713470    712075    698999    751306    757694    775972    739125    752634    746151    721092    715324    727708    800512    793906    787152    801331    727794    731367    684115    751886    762485    734506    747574    773389    735855    738230    774812    701088    711829    725866    759175    774192    724690    721077    752121    731011    768086    755801    770614    724804    772414    746026    730463    750048    759307    778048    750825    745159    724716    742631    702802    708146    743693    777052    751247    739389    783180    761141    750371    745820    751344    764679    736980    758208    708536    807936    746057    755627    789479    770447    767740    712572    771692    800092    744660    803921    768609    742488    774078    737963    766857    717135    767977    753354    747464    723852    759639    734580    724700    745116    723517    728464    729207    786701    817333    694137    748315    713310    751270    790232    776573    769458    715143    724224    790500    745917    747728    720969    770146    774459    759169    726676    770336    779949    763017    771929    715553    745852    742964    720545    772957    769093    708813    783103    710469    772314    764958    722416    734259    734762    699569    711948    727529    752949    745034    788103    704708    798611    713915    712280    700372    707357    694891    731065    745488    741043    724696    783010    736261    718413    704934    781796    754164    759202    750825    769350    725265
    762441    746008    762491    758125    722876    777205    737658    767414    738940    754585    690892    765149    777065    740862    758078    728649    748681    741915    710461    750526    729770    782717    757501    741189    743995    733321    699084    759972    753585    733251    757147    748554    762409    734013    723812    758270    738716    769969    746988    808600    742790    721862    801290    821716    804327    716834    715031    749496    711283    725978    812677    773151    708107    760703    783538    744673    721925    749205    824344    774190    728185    677319    763382    770033    745783    765778    775507    813403    719276    738579    776317    706360    681032    672433    726775    732067    759166    752557    745702    763418    743250    733231    773792    708880    730479    772713    759635    758396    711046    725850    763632    801477    734594    798540    714244    760984    757762    717282    762973    750303    726918    763125    714446    790579    780695    759141    737786    747747    793556    709646    771993    805045    740416    723776    761225    740937    790876    751718    734979    800705    824000    715924    715688    709696    776804    774863    756364    748028    743856    708856    757537    768248    741849    767849    731213    765658    765092    737870    768264    741926    740835    761893    732469    738861    700118    699795    776822    767292    788127    740615    750952    727924    720697    714346    712326    794707    786673    798522    774278    742360    690958    735461    748100    755057    717502    757174    755070    696168    680631    791207    707124    678483    734240    769596    788096    751748    746858    762340    750729    769439    766591    778501    722303    746153    721474    724067    736189    740239    789638    753367    739119    707136    740774    715840    679633    737319    785452    757474    716802    782151    704082    750671    723437    754578    746577    746242    730700    676871    813542    749819    694153    762260    725088    759088    724375    758450    787528    720095    828729    769967    738280    773433    701989    745330    731253    763211    741530    753787    747103    767930    760569    713272    723806    680854    717863    764198    796639    821959    706346    756092    688675    696191    771373    739177    746563    764947    710051    788726    746479    698289    670770    770183    752736    787539    714459    783948    786115    744055    725634    712194    732483    735416    721685    770988    732721    726673    774422    728554    729146    727221    710142    723961    723029    730376    715083    714795    730753    766703    769266    713700    800889    705852    729158    710075    735343    712230    768319    727940    739391    713655    761960    755000    731499    739354    780403    749161    759415    732865    761695    683752
    694623    727619    712574    712381    699929    719110    723053    743017    665546    704595    634662    717770    693270    703822    735671    668150    686163    687241    681603    673349    700609    749556    700249    700101    711438    703316    653191    720253    702138    707783    706922    721602    735711    703367    702934    682732    704520    733390    703557    739884    700027    720775    732628    752618    763090    701922    672719    718094    648871    700060    727767    756901    671713    665781    718421    750162    670839    700517    782422    713589    663303    655431    709800    707627    692855    701193    709993    778276    664667    707283    706686    668578    655249    671787    684590    692649    696462    677441    693778    716462    672754    677226    737477    688428    689536    721530    763407    685020    699887    695959    740849    710794    678373    717598    672027    703856    750786    678277    694185    715029    706755    690130    638640    743730    747140    724651    708800    721492    700833    648189    709819    742883    732194    677321    733605    690863    732504    691052    665128    734046    732088    684849    664285    715165    716544    710120    704667    700649    706399    664732    686015    709315    698734    681061    690544    738793    700026    686889    718020    707855    711101    731898    697452    685669    670389    674814    717377    704911    719511    698217    712426    711577    696726    673715    675632    757322    742713    741438    731128    702446    664488    675445    723329    696553    683786    687890    705910    695085    646813    734522    643308    651993    708801    716239    717951    710095    664777    693135    685522    709783    723221    723058    686514    729305    705673    686742    687369    724295    749833    704824    697272    680911    702091    676085    669783    708055    742611    719906    702873    752343    657023    711042    675157    686799    733254    699142    715748    646994    764762    706042    691848    704024    718988    730413    678478    711410    748498    697971    722252    719244    680053    726034    695788    705035    661412    731634    702033    720772    681109    718623    709194    664451    691965    647342    678511    697988    733171    786493    653744    675430    671793    668478    741225    716988    701818    690485    670445    742287    712249    689417    642755    709947    717303    700814    700061    739654    721862    688880    687353    656766    701481    691729    694550    730396    736623    669272    738764    691565    680286    690522    682680    702489    703308    661239    680021    691787    689524    705128    779568    699902    750479    646888    690600    678586    691467    653508    678978    706807    675454    669871    722489    712003    689855    674653    729026    700784    744906    701482    723578    652565
    750421    755051    744599    744786    700079    760166    735488    742815    710713    722194    664180    731916    722906    734219    755654    676045    750283    701974    717651    719001    727408    736286    758936    735159    724537    692380    697687    732674    711843    705316    700823    749952    735736    734676    727851    725895    734379    734347    726932    772953    735332    727805    772645    749387    786456    726654    707743    752454    665178    741939    769908    785304    700985    686614    762788    759458    687606    730226    780220    741168    711148    706267    737477    745700    720470    746632    771139    770278    709855    723007    741019    704506    687700    709164    714524    715109    747291    738497    705043    753360    690869    705247    760621    690016    741520    750390    787311    765058    710819    708476    769960    776089    706396    763688    684981    743892    761498    720679    731201    721705    725200    703572    686757    767457    770369    769851    755288    768560    770393    680749    721430    779722    725090    695886    766191    755136    749741    735436    696416    780970    761394    719716    678823    721855    727669    746030    694842    729486    721126    689097    718260    749472    704408    736667    697487    782326    737520    711923    726215    714257    741435    750411    705420    706697    685521    707744    753117    749908    713879    704228    742804    719634    683130    708666    705683    763054    749451    754538    751971    709145    737519    697912    745551    740595    710805    729059    760105    725241    706125    741110    696332    684210    703856    754763    743787    702091    709803    708145    706742    720495    758847    763989    712985    725203    736777    705680    746001    754803    791989    716657    752588    703875    711916    670920    684434    725412    783107    734202    720166    772423    689813    755171    725869    704237    745547    712864    723539    682548    772126    719763    725955    769571    728603    725011    707620    768703    785114    721934    785944    748012    721157    750353    686402    741379    712398    730224    736071    776831    710694    740317    774279    697489    724677    695237    710919    713900    773003    746014    682713    723853    686279    731091    787567    737835    732933    750491    674125    767932    715551    691777    671681    736209    737137    753868    722966    757629    767697    759361    723002    687292    719362    742013    720525    742484    751561    718025    725794    717274    720572    736717    708663    706548    728084    724805    693217    690504    759864    728268    773998    711026    805282    685979    689295    683066    733051    669274    758878    717964    730024    730793    755117    735243    708787    739211    743241    754764    752739    737135    747166    700697
    726386    745943    754112    722603    710022    730799    729162    737109    709409    756220    665440    738770    740861    724099    776800    696605    755276    716276    715581    740160    721309    753332    749100    743595    740774    724578    716567    749710    696179    726691    724543    731960    738043    742116    707143    700426    743138    728940    711715    778942    747106    756321    766962    795885    781067    732757    734319    755360    683868    724451    764629    763056    726348    714490    752665    768090    699061    700870    785818    742440    735406    673250    745967    745526    718071    718306    779005    805906    703332    695775    746852    728959    705058    674141    727612    701552    735989    737080    693053    774674    722726    712904    752787    723719    704498    782073    746869    739834    697370    699989    761575    764591    727997    763851    706045    742881    732834    691987    753235    725497    723063    711843    694677    764943    774721    743841    740941    764920    736261    682868    745620    775251    719122    700772    784054    741164    751191    726772    702291    777779    775794    703648    679899    689972    735437    733652    735821    740649    731636    710051    724959    762974    698779    733912    729043    774233    728271    699632    743585    719325    753958    750945    720123    712569    693749    686658    735171    766273    704933    702540    704435    714130    687556    695246    707217    800105    770570    794619    783172    709493    698571    703644    728753    681041    699379    734485    750863    723865    690148    752595    687835    696796    700394    741338    769661    700012    728038    752065    691188    764523    764511    733066    723422    747814    715769    705538    743124    757453    745856    735992    735987    686502    734861    678370    675959    727191    769965    733659    718206    754692    734724    749799    699010    708003    778066    712451    723642    689588    746499    736280    684253    753307    734429    723978    716165    732370    798274    722010    794612    756583    731825    755106    686045    732198    725092    758217    732453    743109    723337    756565    723604    690394    717045    652859    696194    732711    779572    775583    675658    693198    685737    710926    769118    725819    730959    728632    688397    772062    748813    716628    672733    721386    723689    746276    751263    724292    745507    766619    705669    694098    733922    763186    700988    711093    736912    729291    730683    748166    737773    717897    713343    726641    732983    706474    693619    674413    730014    723973    753702    718824    779656    691871    692014    696933    696933    696238    753117    740677    731943    713015    759780    763465    715574    717398    735897    764454    712784    735025    751352    714370
    777070    748647    784323    769992    749426    785873    759844    803603    738939    758160    685396    756074    721597    710405    762130    720745    743062    746377    728821    729030    756099    785685    781943    780682    790503    706016    700114    774632    760440    740827    757669    767576    781963    759977    716940    759116    760155    785163    751556    792137    744183    743437    790335    793568    809588    752620    750740    792032    708129    755788    773837    800302    701194    729867    789543    772782    722639    754190    823573    780462    734434    730722    749690    787765    727741    775851    782103    824211    742339    751405    757453    725960    705082    697550    746172    736521    765118    732731    759859    770947    739138    753276    778759    718528    745610    755366    793334    784124    730725    717603    773014    791191    747299    771439    717074    745250    797018    706873    757783    743146    734455    715832    689139    764494    780994    766012    769615    761630    761635    717828    753699    775549    735181    728731    779838    744677    810705    756469    734919    787771    778876    746287    722134    739477    782048    766866    699803    769478    731787    723905    752897    780887    732855    743442    744999    831217    773011    730679    771661    750721    778221    771451    733889    749447    720609    726900    779730    805821    764090    746561    726102    735531    730916    724484    714395    789389    748512    801230    798810    758600    734076    720841    768943    740928    716186    753992    757473    725918    695832    776343    726762    701107    717712    744961    790166    727878    732967    764716    716985    767022    771244    810489    761234    782776    765450    744116    749469    750406    790748    762267    757895    710045    740637    723690    730021    736277    781492    779514    729179    782768    732563    809551    741926    765555    755334    758025    734833    706604    841001    751351    730908    778388    769636    766607    732894    773293    801526    771598    795397    749575    765071    800278    770126    755606    744964    770062    775008    780375    719188    764877    766041    726993    762105    692292    754254    749657    784559    803660    704208    735871    722821    745829    790616    742467    766864    750079    715982    790251    749934    712638    685973    767412    763915    784876    753452    777317    800143    754842    755873    731838    764615    770502    728439    761071    798986    733168    784358    741313    733092    764993    756352    742614    747221    705749    699889    719508    734184    735616    781591    706920    774445    726147    734117    695324    734993    745513    770642    728437    747649    729787    772561    741469    757761    748483    773325    777897    735302    749156    768523    734020
    724939    703322    713765    736847    681375    717763    718952    755449    676439    693359    653396    714580    700503    695960    732914    667212    727052    702266    672697    684284    702071    747832    710183    701384    697939    677286    686014    726545    699763    694330    680199    684464    697076    686646    661764    695251    716645    693926    687126    721024    683292    687487    755001    743887    761943    678211    679322    717615    647929    690293    756789    765332    677667    695261    719603    708236    670052    714123    744295    729834    705420    634155    697001    738847    714448    700485    756871    744455    672630    687772    687742    702007    632938    663399    720508    718474    697313    656659    697481    698240    666850    668007    728185    656275    680211    706438    768242    735765    675866    686990    713778    716305    726644    704211    673672    721196    744769    682863    723371    698339    713663    676605    669218    690495    739567    713829    706196    730677    735333    659824    714139    747065    699958    666690    676018    666234    737463    696789    695550    758631    747243    687876    675380    662283    691347    697993    686361    687490    700950    689662    701411    688011    719205    687805    691856    744126    696818    684217    715902    717125    702241    726286    708114    701117    652148    684245    688854    736106    733655    670435    712336    686535    647758    661268    688805    744674    715327    736931    734481    727379    690403    684083    722318    685686    674605    738347    739018    655777    653679    745521    658929    675755    669580    682479    715414    667578    667955    724050    699791    728393    729796    692957    673597    705935    696949    668034    689928    716699    735262    693815    722541    661788    667710    663408    647709    718825    709124    723697    692769    733050    696460    733690    703116    711933    715324    694051    701178    640828    771501    691561    667792    720070    727971    694182    700082    699839    782602    698342    755049    718213    694055    724349    676705    678931    693247    704581    717070    686423    715736    702678    704448    693778    690044    643103    697847    661622    735678    769458    665952    698799    669720    699644    728804    711520    711232    700224    653434    729459    705371    651099    667568    723411    707283    676215    694790    728941    751464    703145    686045    681035    686735    693976    688679    719731    737219    701422    716898    702095    707937    683434    696096    672263    682745    672792    641194    662809    713206    718064    716036    700935    767663    660975    681811    630494    679091    652958    709261    671082    673907    682519    726864    706023    701981    678035    719062    725431    696929    695833    715617    673995
    765239    751014    745243    741501    707074    766282    732277    792308    732727    738002    679066    759749    739513    706338    748454    725659    740171    695005    715976    758029    758549    756676    765475    750060    766681    725788    700646    748755    720149    723800    753858    694886    793489    762602    698129    741311    741316    773665    708385    779513    734870    748789    777059    803487    799660    720219    725210    762138    739662    721309    775688    786200    733977    726593    779606    770535    715940    750943    796104    775604    712717    717035    753295    759989    707042    714967    743999    800081    703185    763306    739882    728191    709104    687749    726264    738807    769533    749555    735675    748920    721294    727881    786905    707857    715693    793842    788102    756472    733044    701955    810209    763929    735923    750025    718853    734143    776511    700477    746441    716921    741174    726092    716503    759575    751429    746204    759587    762164    775576    687949    735454    761126    735049    738065    764990    722113    780858    727730    717730    787409    752641    713509    698468    709157    749382    772577    704758    743585    732333    703893    732341    754437    714727    740479    749928    782873    743696    750607    758212    745437    751042    752711    756786    725560    706803    691084    730320    750687    755688    721323    755434    732759    714804    697074    724318    782966    771884    792781    779512    717476    720342    718232    747620    721604    728111    753316    743521    725961    683724    758124    714296    704290    764808    747410    752486    741051    723831    755856    729616    748439    763871    751097    746056    742939    736261    700195    740545    750744    786364    762721    724505    719507    748838    702036    726275    715737    770202    742880    738558    776963    725501    774285    757124    727140    758876    738850    772798    685249    777480    734236    715403    768106    766467    751972    730607    738313    793187    747296    775078    785846    728731    714710    745058    729157    716900    726027    727940    733848    729610    755775    733242    706418    741808    697007    727836    711069    769690    792515    681155    709860    711369    721671    768173    728210    753344    741663    676213    780431    749885    705393    672105    741630    755010    748573    729816    756216    741153    753317    718432    713422    733120    750941    717529    748273    772174    721480    720189    757640    745648    742775    702438    725948    726262    700445    700450    694949    735098    748908    762781    716750    771114    696359    712924    731001    709807    709565    749549    735957    754949    722524    766689    756143    753016    707728    739964    757973    742926    762684    732601    730549
    758406    738071    732397    753305    705725    742414    741405    799753    736861    750039    682166    732916    742844    706660    776380    718721    763281    710414    696276    745069    733947    753470    721888    722903    733982    720853    712958    768214    730358    759042    743159    720147    741874    748186    722294    744165    775258    752359    733858    781024    745546    742199    780925    795107    824988    722265    709282    737242    695672    704662    777852    774298    722717    735566    778525    755373    709983    734149    791585    774315    716007    688909    751214    749854    700690    731126    760800    806121    714886    760210    744015    721398    703415    703793    727838    749717    736087    693592    724455    767989    716134    705868    771467    716229    736437    792375    789625    745423    738140    694581    765846    750575    729126    753523    711967    729719    754035    708764    767441    724396    737500    746697    725342    757561    773675    738776    765202    739498    741590    714796    755323    783606    739198    708008    759788    738751    749410    719473    721217    779578    752172    700011    682539    701726    733429    731455    734275    750992    712263    730312    739259    746734    746727    758329    722046    791576    734831    711823    716623    744092    761201    769592    731277    747567    700267    704069    716872    761852    728913    709750    731552    696923    713925    702844    703556    763447    779631    758434    768303    745888    708082    689393    743369    713205    684079    747685    746981    722312    698663    751824    700518    699419    734696    735319    770585    699752    695193    746613    749284    784593    760063    771039    754553    740278    729005    696232    721386    728637    755359    753118    723537    714485    732698    662925    690550    726504    758001    726476    732871    779744    743105    749108    744133    744192    756197    733056    778315    692515    773418    733677    700160    776991    760295    744236    716241    783867    788154    715192    766721    754962    726084    799104    712591    737090    738711    741570    736261    743043    735245    743249    731815    721591    715756    699876    688311    741775    771460    778861    691444    732721    695565    723634    761716    756701    725277    739672    706913    768874    704063    714703    678571    751604    738026    741422    742072    753735    756800    749097    743566    696404    735418    722742    725072    757079    779729    690376    757886    728127    775622    728921    719552    736160    741023    712044    704503    696361    710031    746780    771383    695165    770258    713966    711566    733169    725867    723062    754091    699421    729277    720718    796977    741526    712826    716682    758340    769584    718623    742907    735684    710273
    822683    821318    812043    811631    776053    807658    786927    826743    777285    779150    721626    801067    784446    777729    805380    786146    814609    762642    765728    787803    797121    817436    800251    787815    799273    789355    761404    831682    763368    769793    787492    791818    804648    817221    770935    792809    806237    795588    783091    841291    795638    760851    845483    839697    862793    787540    771669    793025    767206    794917    858793    833904    769223    779399    807379    820552    728522    822342    838093    820203    779415    721708    819601    810800    777817    806408    861076    852083    778630    794125    809992    742389    754498    700718    807256    791895    800383    780645    807694    798706    768135    774735    823096    769321    775763    793532    794825    841599    757781    768795    781205    812698    780115    814920    761471    791701    771053    763267    817319    777185    772291    764693    737111    813143    794012    803353    808662    790988    825105    775276    799719    795351    796132    777074    794180    770787    811735    778530    778521    823858    858020    760535    766188    750121    775011    814951    754037    801428    768326    784488    765697    797792    784765    812867    760116    852199    817158    780708    799030    774215    795643    815624    762833    744381    747331    779004    801481    826493    803045    746575    783791    760350    758785    747657    764505    848788    835858    835899    822408    780242    796965    775429    786052    779798    758408    783838    788884    733661    732298    806450    753466    758885    788618    778538    799758    782451    758217    822555    761497    820554    829176    829223    786817    823768    790479    783398    767334    781728    862880    782282    800728    753423    766682    761543    742188    779651    807677    800411    764348    839218    772124    831836    786218    753742    803156    767653    781377    729232    830629    816160    759670    808253    794667    829452    797509    780948    839379    774324    839491    825546    775622    775256    752199    806901    776888    783528    769946    809004    790753    802729    790701    739411    779249    715443    755225    779566    849645    879063    770055    773095    730439    784951    812155    782322    812581    775815    746781    833872    792043    746945    733759    784345    763065    811994    768424    820559    805976    823213    782444    738258    812232    797941    777672    795619    829897    760205    804039    753082    771261    799559    796295    800494    765370    734008    723655    789258    782952    807124    804487    778637    843155    777249    761752    757856    791609    762973    801562    771270    775199    730710    825671    813351    787461    763097    805904    824200    769410    782669    779726    794019
    759912    762203    753515    747547    691720    743112    742310    760000    711105    749390    690780    762019    755001    754821    759259    705248    743772    734820    744504    735928    736157    760736    743753    775229    761087    711331    732245    735409    731637    728706    727232    740866    743162    762264    711548    749410    758109    755526    730285    790512    770855    749946    782854    806205    814791    723493    737945    732952    728399    745076    767500    782996    752510    732738    804142    777991    697673    722184    818938    782409    721008    696469    779131    786592    749540    793443    782872    806800    721852    756695    761978    736762    703223    726353    742511    711940    750653    740407    728253    786227    727824    717927    779365    740238    746036    766983    789004    779871    724948    706210    771426    812403    747296    761199    745940    761483    759587    710886    749838    758254    764462    745653    711745    768247    800123    767415    759633    766519    755250    716853    761654    775346    740309    730487    756603    737957    784976    757931    717769    813589    774368    724416    726156    704283    745054    757792    715532    741342    730102    750771    742702    746051    756392    755875    718139    772471    742137    697553    803334    770542    785041    767715    745360    709591    740641    724109    779439    799459    772296    720237    741693    729088    717641    704166    752010    792010    777797    791081    759739    779599    716022    752838    757273    758725    733337    758656    753130    725501    688284    766115    723732    732406    734235    744380    766344    757739    725894    767285    739542    777537    766302    804197    738596    757057    734106    723542    762078    741637    795903    762776    734366    703323    737731    705395    693070    722243    771554    763307    757162    824713    718909    768998    767711    739825    769904    740964    747129    709740    808219    743908    753112    768090    781395    773024    719738    774247    808576    776155    808092    780630    740186    793999    755813    743111    719786    762568    740109    767610    747962    783189    751692    723016    748313    702825    732498    745126    808213    820740    686983    744079    714127    718943    775066    771507    768965    780389    714156    785764    721919    723141    671942    748997    748546    782423    775688    754520    773023    764353    741249    694187    766901    755510    730335    765064    783244    728635    786484    733867    731535    752400    746034    742001    755055    717168    705471    722531    746128    752783    792954    718946    787428    717572    737411    689267    737259    711830    781143    746627    772024    731865    794124    765056    750436    735301    756244    724227    747776    740186    767448    755748
    741636    732155    720232    719668    715992    762577    753363    760524    717133    716290    684386    731471    737107    717934    749904    713446    754230    722237    725038    731037    727255    773716    749023    722287    781275    731482    723959    762900    731063    720735    702618    726902    734615    746330    698168    697530    714847    754388    720770    792603    748645    735677    794491    770955    798139    728970    673140    752679    702122    727147    784645    770612    703992    702554    787071    770751    697149    721607    777735    754308    723576    683272    748620    777072    722101    755208    753131    804679    710405    749626    732814    725845    723763    687194    715297    733523    771222    689921    728126    751915    736241    711616    739557    731397    711767    773625    790586    739557    711398    680599    788363    745684    720051    737901    719504    742520    753279    694475    793971    744407    715487    705661    725324    729788    779803    737947    767258    737131    739798    712121    714295    788571    740957    707423    765527    715085    753484    716799    712504    763235    770051    696057    687691    680020    730197    724713    712945    737376    705362    715780    719848    748041    705408    725840    743724    769213    741623    713025    744424    748343    747594    723700    725109    749616    723450    707341    766333    757284    764565    717547    713829    695147    691289    655298    724641    783138    725656    776956    744186    748744    707824    734195    710919    709583    724641    758451    730735    718436    672826    753140    710134    699064    720003    739386    776852    741608    716106    765427    707361    738409    754491    777907    725367    750781    735086    704289    731612    714306    772551    743271    726787    711212    742464    699858    667901    719958    759372    744292    690095    767413    724192    712679    737136    747223    739529    715315    739165    691316    795672    757992    734047    742697    767763    741288    721873    748530    795996    765759    793458    750255    749847    731946    717243    701065    700388    735876    739371    756426    718930    749356    724298    708089    726087    673169    728411    719882    766328    815506    688615    713907    688099    716254    768739    753005    757559    717598    689109    796355    707308    682381    700179    713929    757609    741253    732103    727442    755876    754356    693024    700066    738367    739420    717593    721148    741690    705932    746149    728461    727799    741581    699630    718227    705439    706293    722156    718581    725344    738885    767532    687664    802764    707799    742694    705210    696101    693559    750839    730171    750630    701502    796388    720356    746319    721253    752846    750823    705892    738813    757647    684224
    777167    771387    762532    766640    709049    758243    753450    791198    720250    747705    695620    763039    742163    731205    742127    717171    776243    701797    748549    729765    759025    765648    787824    770258    776810    722996    729453    782146    738707    740326    724041    727676    763100    764440    699033    731408    751855    784062    768851    811465    735324    776658    797414    813404    810055    753450    723483    778850    687137    749352    801148    785845    722044    726938    789772    775987    739647    746690    790788    776301    741686    689798    751347    745382    718760    755048    785703    806330    750771    772765    767317    695554    712407    688003    762746    734636    746606    714063    752873    761612    732660    731761    782179    739153    728856    758848    778994    778286    718387    711340    806184    755952    761746    779620    720072    749914    760342    701322    760264    749633    748943    716320    746765    771695    792118    736851    746166    777163    752198    704998    786653    785249    749560    744246    780993    736824    785717    743044    757438    794496    755955    708466    740987    694850    756125    754578    725980    744043    727562    728294    760530    778079    743081    755796    769357    794818    763010    763245    785154    743807    759559    773829    744622    749539    715941    695850    767987    774732    786781    745331    722206    738880    751163    715045    735217    794878    748088    790231    775087    733727    755326    731959    761781    730825    723068    767812    771597    707042    697600    776679    705120    695386    764748    774679    795569    760001    708206    796939    759134    741938    767894    767872    746830    772188    747742    697828    746225    768958    788956    754213    735854    717460    743087    714428    721087    765118    772828    758781    744936    812090    765082    763169    759683    753320    767028    758879    757203    710854    794896    763022    722047    785931    771641    761062    721768    750903    788560    767826    801278    772561    755738    769496    739259    747560    717326    779673    785547    765681    733963    757034    739559    735869    737171    710557    704619    741055    766542    792314    699405    753123    699403    722881    792492    739210    775146    761957    700705    767679    751394    707969    706447    768889    774831    764694    745693    770067    790996    762772    728623    741337    762490    751710    738451    755394    774157    738533    752092    702923    755562    738965    741159    768755    749202    688333    706190    691650    727905    783956    804575    725883    779215    733845    722771    730172    706745    728691    743174    740922    712308    721288    803121    744513    770274    733893    746291    755903    733099    756363    779089    734876
    777269    744387    775892    761568    717234    764541    736160    759128    724372    765836    682111    765145    733930    714807    786740    730772    760861    710234    724996    750684    734471    793978    752899    771823    764072    740060    692091    758457    724145    730468    743503    735544    773800    781645    696403    717112    737083    752508    758134    809641    753458    743054    801275    789903    802989    743059    729904    769464    708564    748461    834305    767163    726979    730772    792215    750927    712941    765872    794581    771035    741322    690224    773906    776656    763430    751644    780150    813390    741876    764731    742704    742783    676118    693376    733838    695707    765915    746888    756654    749584    721800    738637    762272    717699    752597    767118    770055    772875    725120    732353    786167    767067    740257    754458    698642    739141    770743    697082    727947    724190    771245    747101    709058    768412    783981    751373    738311    763428    762286    721611    750604    764579    728060    708050    748916    727357    779328    737773    738894    788070    761957    746916    721476    705386    757298    763356    733446    753239    747197    704375    773455    762439    731181    768800    733409    799499    783976    742663    749994    730889    776152    768277    706137    740116    702455    709252    742016    741365    741077    710371    771102    723809    726585    707206    723366    774284    783183    810496    794023    737398    737429    737871    744495    752950    731488    729133    745217    719265    705557    788398    713886    696889    718820    751948    788439    721873    734139    739869    722700    770876    737118    763915    740203    717735    748861    725920    718882    749907    774715    764299    739256    718278    729466    717423    741896    745626    781242    750781    740139    770991    738509    769089    753702    744970    773133    731828    722741    693889    774911    756551    717023    769235    746423    790388    735072    767236    799333    747840    753946    765019    735047    756040    717312    725720    734265    757138    747665    721096    731596    764459    722762    730050    717196    703388    704752    747682    786354    776785    693196    745059    705957    740075    788587    759800    742880    730892    689412    776345    777417    725872    664008    752695    741844    760470    716414    763035    759782    769509    740155    726577    736020    755788    732941    735657    755237    722177    754681    723571    737071    723958    736691    734832    744307    714532    687159    731769    720274    756776    783562    734727    776101    715758    735252    723341    726735    689781    754858    734487    724872    718880    783903    740574    752138    684561    744233    769934    769703    752509    756648    714154
    755403    709753    714919    752746    729688    742376    759101    753630    710332    723795    684683    761405    730460    714659    753572    744312    767384    722724    693834    742228    709941    771475    780533    765584    753504    731775    698763    754738    715779    751009    717819    743306    748250    739055    706445    700783    765297    762611    734210    764713    748127    754794    765858    760821    805711    744840    706397    748289    693245    735729    788679    755339    702687    684947    759578    745215    664410    747119    780357    801206    721126    692038    771485    742085    707210    735747    765710    818961    720493    693912    710596    717845    679163    682276    747101    722484    739692    679906    729258    739126    725538    733908    780333    712939    706734    751584    758090    753411    705792    682931    755473    747096    725067    750074    714847    756110    735657    695476    744101    699123    710376    706026    702005    762036    773491    766063    743469    762814    731187    692547    752895    743161    725237    714284    768322    716299    763122    736813    730605    759661    761034    720558    708845    710820    747157    732629    726294    755530    706774    713784    711535    739360    728814    742900    712525    785625    747799    699454    765005    742311    755506    732124    743418    719061    700386    715465    746668    748245    748362    748429    732780    712039    695981    689564    690970    752890    739777    757204    762968    716434    702649    713847    729709    725258    718118    736932    748593    706125    672518    756784    673286    694467    689852    759398    750926    726101    720872    763784    728102    761544    754402    762271    704632    734106    750179    737347    750863    727283    788315    715190    710347    703287    731575    687808    673068    747824    778276    737868    718704    775385    716244    753645    746009    744870    756958    707878    746422    684857    784417    723961    736782    768021    764232    746631    705288    763632    786577    719176    817596    724596    718788    754215    722572    730851    716922    731120    758710    748274    713076    731922    744478    687875    718316    667818    723871    719758    767807    780541    687444    714880    690100    725853    787517    737293    748257    738620    677949    776820    726402    715597    674128    725769    769275    747755    734964    777400    762014    762754    731887    696047    750185    741251    713784    733332    755335    704148    735305    734040    736455    702054    718358    693400    743058    680797    696447    706820    754608    740075    765874    708067    782316    681901    712201    685417    698371    684642    714795    723755    717772    691088    776598    725245    743189    692969    746879    752694    728971    711421    758485    703693
    767775    756980    771336    759101    735784    774076    762955    793400    706894    755478    696607    751047    726393    707252    785459    731384    787189    757920    723612    731923    744837    771211    741109    726704    773679    741316    722113    765689    723960    742697    743125    748255    744029    731927    714719    731414    741899    766202    736296    792402    746237    727993    761351    784329    807004    758662    716647    754891    722573    721473    763312    771021    702966    725386    782010    773251    721901    746696    822989    794268    737465    688536    772110    782482    732346    752612    759361    830125    723076    754651    737665    731487    687988    719058    741299    741110    739119    728368    756653    758809    733362    720140    776989    717377    757108    757203    788586    768673    759548    684382    781817    768167    750764    769920    754899    767710    763425    709274    742149    744836    718028    718336    723343    770539    773072    765962    758963    789886    753902    715257    758349    793000    724559    739759    777164    738854    783163    747494    730639    779952    784979    700305    731801    713081    738394    756367    737326    742309    711040    739371    766054    760132    765565    736646    728723    789811    767756    733947    745645    730887    768891    785523    733448    734998    732031    739537    761451    794193    778519    731679    750491    725573    722979    699152    713780    765946    780271    781351    791379    751440    718593    761183    754427    768908    735402    731318    748876    703036    690476    783917    719478    719857    728615    749266    761210    726702    715756    781638    754361    760195    750526    753503    755818    774957    752589    741912    741805    739821    793972    774586    771349    696481    762147    706562    708064    741501    773682    753783    745374    786703    740228    754840    735107    731672    749487    746884    740050    686928    792186    727020    732438    756550    760018    781234    748849    734606    805734    751290    798308    769065    743557    761198    736147    745437    728099    722256    757144    792124    737662    759802    777614    702705    729604    701608    728377    743050    794592    815255    690410    731778    710043    730653    798232    769103    746225    754376    691657    796448    734995    728681    687644    730194    731312    747195    740901    762716    761427    767704    752471    701259    751388    745905    730921    768210    747416    722279    765643    732640    753695    729835    740150    718011    738304    704089    707177    721943    743898    778085    790642    708445    801634    725729    705126    690265    693381    726243    748257    736532    737085    717554    778727    738598    754278    726868    803723    746700    754006    737326    742312    730340
    758069    783686    750466    769807    750142    762419    758916    770416    734376    742956    686665    777408    753472    690223    768804    727533    785041    721561    734915    742994    760523    789469    745318    759255    755767    721064    738952    741721    737115    747515    734522    747757    752940    795982    734159    741129    778970    769467    739029    789627    770225    742965    787834    805168    817297    734132    711643    761325    691028    726825    802345    783715    725186    709218    783721    776339    708503    733782    790804    766713    757376    691109    763539    772340    724325    751998    781808    820268    723162    742398    741943    721152    712165    699014    751044    722703    756631    737098    719683    784709    717852    740326    763183    740581    760433    774076    791192    779216    699852    709673    793913    771311    748776    783878    711692    758780    745248    700140    759155    744503    748785    722733    710703    759405    786585    762476    751478    755275    752284    715673    762228    782941    709113    742494    754226    730244    762144    745276    727879    789911    768350    724985    715242    718497    751880    734222    726971    738366    716239    747688    746183    762416    710238    738410    744689    786651    782238    718650    756323    725896    756804    752051    743542    732323    719938    721493    743943    764329    784363    713857    728472    728847    703405    713501    706701    789561    745442    771480    783991    731847    694513    720427    768559    735251    742309    774887    786904    749763    687280    761037    699478    689927    715651    781025    768774    746468    724725    767581    728703    775409    784504    783940    743290    748005    749338    726558    727317    736789    796213    749880    723382    730053    740799    711777    717552    745165    797913    754142    744780    778523    739568    767937    751986    753432    794741    716440    749354    713521    780521    756249    723367    795308    757477    760839    720882    762529    803015    742141    793126    758594    739252    775250    712060    727966    728700    722475    774597    742835    730323    739527    725594    709369    723647    697418    715698    732627    760403    815740    718263    741459    693521    731186    790845    733809    777839    744267    703940    780657    747443    726802    676902    746197    783510    775504    741645    765415    760609    758261    758682    740100    728639    781753    739286    750522    778649    714610    772941    720615    741757    739341    726962    737921    749596    713625    719913    722635    729425    759477    789389    721077    788717    717056    710006    742285    728681    708035    752014    739476    745847    718468    783219    757367    744336    714422    752991    761701    725616    746138    767388    761874
    808429    768279    780142    772691    761111    770520    761717    810670    755569    770244    695807    793493    774421    755591    798952    750423    765766    745496    728082    757507    792912    807013    782285    758142    797613    731282    724217    788719    769992    747718    756190    734907    759822    777413    713081    761751    768108    815697    759596    825071    767077    782643    795795    793562    826717    750349    759673    788292    720951    743972    806570    794427    751974    723602    806497    801155    738175    761031    821847    791906    733946    695429    770775    773979    745220    768316    801994    810676    747432    746690    780541    745066    719981    720677    752493    784656    781680    755811    742488    776042    727586    763007    815084    748436    760298    778697    805866    777138    722676    706261    784704    801793    719162    776902    752295    773453    802829    750557    776885    753549    766501    734393    754194    792188    819275    765760    766982    792267    780924    722417    773484    797476    765304    750962    787626    745427    813394    764064    724275    828073    765146    728389    706248    719272    760418    774830    738980    748548    740042    764587    742009    781595    747745    768117    756112    799644    775107    740474    784297    732045    781848    782193    754115    729274    713734    770917    744520    818299    777746    752940    771937    745484    755217    724723    744603    803614    784872    807113    822612    762701    758071    735505    787704    746316    728596    787054    777877    702542    719617    788279    731231    729283    769021    784090    781866    729781    752619    786193    773018    791255    781456    819413    785346    783752    747849    740073    768658    764474    805902    772033    759027    717853    736999    710190    737792    769346    790010    753144    749259    793898    771615    787980    766740    751639    775142    758574    780553    723040    814315    775708    702409    772825    779656    777135    760596    771127    819175    775894    807908    791915    763845    774103    762567    764368    744696    777777    762830    796763    735160    776752    764623    725805    750314    721860    750756    756637    821987    798292    724239    766048    727104    736120    783408    797502    773658    760128    731216    810201    756798    720564    705234    772774    755462    803152    770413    762095    801341    785743    729154    719184    767843    781211    767883    759102    801086    779136    778828    737157    764586    757080    751318    745190    767436    748087    720811    723941    755467    761969    808345    754306    793780    724393    751373    711699    736774    720565    785123    754910    775325    762506    799662    779456    766728    747339    788766    809881    760647    782692    767459    758166
    734884    712414    741043    723752    707927    729861    716962    728592    713144    736924    692009    715755    719401    705423    726052    701449    719636    699351    690632    724394    698117    734707    726465    709615    760048    661226    700835    728109    706861    701538    695665    696356    737541    722639    696389    705020    723579    747240    703628    765141    762999    727730    730457    777992    791190    718929    711427    716506    702409    708928    741723    755372    693732    702286    733493    757030    664503    674877    754371    743334    696913    681190    738459    737412    701049    706904    737841    753276    697069    731811    745942    702561    666239    670664    722053    688792    742601    714665    710531    751101    729233    680395    758971    695213    699752    717484    766717    709577    680274    669480    748012    757623    724201    738432    718590    710499    750586    682806    736205    729861    705609    729245    676943    763888    743992    713684    734124    745679    718497    693831    734037    745940    714333    687387    743466    689810    724376    726968    678807    788503    756803    733683    673587    672697    736162    733753    685287    712108    686572    668806    715528    746320    702496    703978    742150    768705    730313    691387    752074    731103    690649    731107    714472    699056    699598    642225    728290    750719    726919    685252    726752    708442    710663    679296    727121    748458    745435    754959    752429    721250    713309    683697    715969    704993    695418    693383    728054    701235    689151    749157    667431    687407    723261    686621    745744    695506    698792    748298    685453    736779    734302    785001    722942    723734    703786    714783    745825    717118    759099    717391    718366    675967    701888    666794    650224    719643    746786    747216    682822    777153    734142    719731    706113    707096    751174    707715    722832    683916    765726    714225    708966    749328    722661    729945    700153    700006    773620    734504    770691    731521    720572    731209    691300    717852    700549    733227    729775    731115    715842    739979    732840    684247    716179    633643    706586    699992    761633    771061    651207    691423    680849    684394    744542    685832    749130    730707    686994    738547    725128    702814    664458    724595    731297    717444    719836    702367    763624    747870    705659    718840    721880    738304    738970    698391    742464    694612    733685    663061    721697    711794    692541    712000    728563    681775    671212    649443    716063    715620    759388    687107    766180    676637    680960    687667    678114    695704    737896    722155    723552    711195    738991    736537    708111    710095    732566    730422    719468    711944    747242    665215
    789766    790250    769255    779943    755395    780529    759252    803155    756472    759445    714845    790674    746510    769490    794081    768713    789138    740042    743154    765519    770530    820013    793902    743413    769299    753730    726644    786510    756684    770700    746193    774340    778359    775998    741503    771284    789275    804500    761671    810492    783607    786622    809128    836531    853619    757367    752497    793464    724186    770522    807408    792488    717581    735828    806656    807442    737071    760112    831645    783241    737174    709002    793595    787227    770218    783263    793117    824859    750950    781329    793617    755493    721404    741624    768557    753162    790843    758988    749755    808897    758767    752079    817888    750123    760359    802797    800249    806177    749710    723240    793844    799887    769319    794607    740505    746935    784417    717538    753737    750378    770185    761433    726100    783409    812291    775543    789446    800732    792106    710995    765048    819523    753756    738313    788568    767574    798913    758124    770058    820036    804775    738401    726694    759485    771204    791992    744058    769400    758952    759476    748545    788469    763201    786350    758677    826302    765468    741330    779876    753783    804844    780595    749019    734826    738251    724150    804932    795242    780678    765387    776057    743410    774302    747175    747678    828073    799011    842364    813673    759768    740607    762131    799753    770561    767765    775738    775485    752730    720555    790028    740159    736238    754471    772675    793461    756802    724571    785472    740197    803635    788592    825680    765701    800553    757308    755562    799989    784619    815318    794787    759051    749716    769126    740347    718772    768124    811928    790308    732653    801426    773362    771081    764940    754275    769478    761899    779120    711293    838238    780532    728042    779692    770815    770879    747474    786180    800327    764232    820983    794469    791851    795064    747685    771455    734336    785950    764039    819906    742639    784323    779532    752608    778673    723478    737413    773804    802840    837841    730654    747610    716529    751331    823642    790638    788466    760316    714162    808383    758837    716335    711470    738316    773192    789740    761484    790135    821330    762091    748612    726658    770539    786390    747763    787541    817477    704777    787672    783782    761486    764005    741738    746870    767298    708724    703228    738292    770983    776881    815915    742920    786704    721042    769420    735732    752292    732691    793593    767925    764277    725287    795289    776499    777162    757929    770803    765902    746522    754631    757849    751705
    771787    775599    773315    789015    749942    794616    761965    789723    706552    777390    678119    797342    750208    725215    802991    745792    762277    774305    757595    758749    782043    784162    776258    768808    764841    735887    721813    798218    748989    769053    753370    751155    769295    758899    739676    761814    753413    775515    740623    835249    756179    755806    806848    801182    822899    742947    751210    769185    709075    749920    823081    802143    728303    745305    784914    808394    747616    773819    822137    777385    743780    711684    785472    796099    763192    775224    801608    832404    733032    757936    764879    748341    705970    717741    771736    768093    760001    746865    739990    770379    742786    747421    779561    758267    741894    784680    798635    781062    748638    730898    804096    789598    760889    793980    737390    756301    791220    724158    783675    747548    731646    773252    737880    791004    800598    802725    770763    774708    778732    730937    782959    817383    748711    740515    792624    718789    766607    749214    748216    800585    799876    751558    727696    737894    751865    788750    758742    746678    737100    751414    761909    744560    763665    779034    751925    787731    785173    747877    779651    765466    775822    793234    782671    757804    707112    752203    755997    788816    784884    737897    748648    713592    730954    736811    755602    791786    799016    778312    789817    778310    738896    778936    763428    747409    729447    742268    787592    721525    712770    804097    733385    744851    756129    778322    815269    753780    759789    758240    755026    803648    791250    794511    765039    788610    741797    749992    752518    776530    789663    739237    766255    722082    767147    712343    698108    756990    807094    792510    733007    798372    736013    790776    768742    750969    771217    730242    767082    690374    835542    754401    740922    786377    770250    766535    753555    783348    817067    733642    817243    746154    750627    786390    738578    747615    755299    765505    757014    763536    745107    766914    737548    739092    766958    722600    745091    746248    792626    811074    697569    748950    725116    746509    808673    786624    769157    750717    720543    795954    762715    708730    704516    760878    744746    787744    768652    819681    785376    770144    753830    730510    746037    768340    746160    778674    777094    717279    781917    727566    732233    755535    766744    752182    741359    743055    685881    740512    769012    753858    784065    748473    806160    727774    735224    707149    731578    723937    751452    779392    749498    734129    789673    752228    767878    747744    784532    778453    764118    756313    784732    726385
    776885    757296    743478    757919    697816    756847    758955    764400    705689    731182    701960    777881    760094    716111    755559    740844    771217    741501    731209    737751    721302    758505    759977    742748    744326    712258    712432    782123    722081    749211    753012    734198    754890    729575    720288    732506    766148    780197    728877    806151    734816    750518    767103    788389    788883    699531    729445    748418    704778    735473    773107    765217    715183    732368    758482    761321    727090    721401    792047    788033    727818    677801    779184    756959    710494    762860    759695    790152    726203    739963    734420    723909    705128    689976    694373    744289    754184    732932    720534    759659    701682    703464    751441    709219    721022    752478    772059    766339    719978    711248    780996    748502    743906    763177    724907    731336    767208    692625    743663    730142    724751    729855    723784    768467    772136    752778    754048    759302    759469    720763    746572    771737    741258    740670    750307    729324    782348    730721    736539    787691    755569    709327    700197    720771    785631    750634    728189    711931    729815    717182    731698    758074    725425    722234    727419    784725    760676    726963    769114    748880    774713    789614    749551    717757    710411    721733    736140    763399    777547    742149    726128    738120    726978    695858    733641    788514    749956    768426    777969    751523    720925    706966    724036    728203    715941    737437    734821    694158    703853    780468    712139    708854    734207    763487    756167    741606    715252    744076    745102    752727    769390    737171    728609    775550    723009    749007    733948    761187    792969    755631    755402    693231    755316    700966    700982    728014    759926    756258    722368    788558    745488    737274    731261    767463    758193    738165    739935    686707    804657    742134    733952    760674    739854    762978    725436    762000    812391    747371    786882    752395    750554    730032    745133    734701    709294    764066    737825    746414    717084    773166    718385    689915    744729    672628    738513    742423    782356    803728    699870    721190    694288    711604    787648    743605    745110    721097    699193    779111    720984    714640    703664    726925    778932    767845    751007    757450    754676    746490    733438    704307    725302    742243    714938    757008    779929    713862    761784    719084    765738    732017    706850    740078    737504    681811    707734    716002    709496    757364    770072    703923    774930    732409    710795    685926    713213    728746    732312    739756    728662    710319    762253    742090    767939    720930    746295    736116    708225    754217    749161    687992
    733189    748673    776678    744995    708105    755395    731599    759309    685892    719310    664077    753960    721023    711164    760075    715186    750231    733244    718813    719934    725148    765360    761814    761869    728485    708896    735856    749936    698549    729089    712257    726811    726182    733746    700829    721698    754783    738310    719010    779246    721816    751232    798418    769215    770460    733118    716028    724452    709091    746051    762226    799909    715344    698319    785284    773021    675916    753022    797526    740382    737233    676603    748038    749747    741618    754135    772163    814091    728488    725141    720374    706269    679897    661747    706723    719086    734695    706326    739404    741125    732154    698990    780744    721307    712048    737069    762461    773913    696476    707881    769984    761190    755234    765296    712475    737948    751345    691186    757815    693768    727789    739849    695407    763739    771264    748201    788623    748796    769055    681769    754433    776935    724525    730106    731152    716541    739610    724248    701618    754053    784798    722329    714491    697745    716030    739614    694033    720342    715875    711194    706410    731948    735777    716567    731550    773663    764090    701743    755153    733046    763039    745390    732092    718865    689325    686090    719838    768994    734547    721110    719663    679816    723004    723952    688710    755357    764744    741951    751149    728578    721419    741134    733907    727068    699503    726079    744301    696100    662838    759648    715956    687230    685271    764701    749068    713689    684251    752960    702567    769865    732183    776142    738912    749657    703859    757331    732440    750511    770249    741014    745808    708124    725639    696637    689040    744398    756437    749400    708983    773639    729462    769960    724347    732275    747611    714929    718294    662259    795863    702623    717240    765984    756393    771961    728260    749522    774850    726081    788269    743453    737058    756303    733911    716692    718581    752577    743082    748539    729383    743104    742309    733015    707458    692432    702756    718646    765245    798542    690382    728871    693413    698454    761459    729839    745905    704868    666496    770964    710947    699859    696640    718723    725460    731337    734084    763080    755616    746538    722883    679088    712529    746164    713904    729313    746769    695778    732791    695927    716283    733468    726500    728363    710561    700831    712749    692270    702654    736092    754338    711777    774705    703219    715456    707156    707186    720300    722877    714867    727821    697927    765133    729767    713183    724066    753309    742170    719702    724190    734022    698601
    737637    737886    738398    716985    707747    721042    745449    740761    700261    713667    656171    734410    712428    729815    752118    696144    721245    709740    706724    724543    741839    743723    760744    762511    742513    684493    700038    719287    695082    693963    706203    687922    719583    759798    721665    697834    718276    751326    716462    762401    727269    736024    755150    766953    770278    722186    679631    764528    679304    720060    780376    753371    693727    703297    758631    751165    692022    735351    757714    725117    722641    694450    745803    738549    721480    750023    757455    793006    716578    727531    699080    677274    690907    662608    724884    695372    709545    686919    679735    778650    694353    718553    732771    700788    699501    758062    754634    759569    702504    664875    755693    753741    751546    728921    683636    730747    738488    684843    747399    748263    705778    720536    685578    720901    752908    741552    734833    750792    726689    681648    749721    759589    688793    714853    736546    700596    756619    724442    681068    766151    746858    696496    690764    693490    733420    729457    711041    720199    703633    728284    709728    758541    712512    700445    720333    773699    742659    712769    720645    691259    748721    734087    717146    726629    697351    693791    713972    727302    748690    724362    703171    682147    683114    698719    690213    784983    754109    754314    755570    696188    684277    709841    743291    706362    715121    730139    713598    704336    679278    741470    673068    709799    682090    730400    765555    694386    714966    750031    708187    745936    722572    742558    691794    752199    707125    713222    720790    731412    748548    755759    723296    670321    725050    675509    703674    715191    765192    748565    715510    770511    722079    742373    717324    693007    716842    737243    713422    674847    753231    680350    693584    755333    733082    739473    696851    726090    769713    708514    763112    737033    730789    738934    713828    723698    727856    741875    725322    738536    728697    734720    705411    673376    694297    671836    711165    720537    744832    768680    687733    724511    683485    698608    757594    723172    736424    728708    688101    785969    721200    688986    689129    715321    739648    732044    735090    747927    755469    734156    695755    691224    720599    730436    695467    731794    734938    677645    736767    703910    721429    692604    704819    716182    725346    663069    677396    702182    721657    730791    767408    694161    769831    714686    691796    703098    689835    706384    708256    736146    728822    680520    741219    719098    737828    706649    711393    741231    708413    728315    723898    702544
    806669    775583    758702    780015    723916    773092    759288    800577    756112    756149    698994    738478    740905    735875    783536    712404    758133    747106    754721    774726    741844    794711    757569    743893    778711    734238    744095    740067    729952    736751    741701    745651    759318    738691    722079    755281    752304    779752    754931    784684    760479    750129    822556    793609    829541    756516    733114    811873    736784    745819    808371    810683    730105    724246    798125    803644    722189    760163    818099    770842    753069    713360    783708    766425    757615    756907    788593    812940    724589    766723    759738    744280    714225    711305    752047    756004    740035    721218    762599    796271    748716    735010    772878    729028    744630    761342    767383    782105    728915    706238    805873    799005    718583    790510    717558    743468    770029    717197    766709    748243    754783    762064    730434    800579    791703    771382    746476    792629    762452    712870    765602    787395    758835    743304    769646    728049    787001    767876    776017    802961    802556    748530    730880    692490    765740    776650    689624    788325    713097    754708    748240    765897    753536    754682    729292    805084    785345    715662    761821    746715    806694    756385    749132    740681    744493    713975    781147    793525    780656    745196    728267    741369    736599    718696    713130    816015    797202    793110    785217    724310    760258    745684    737951    754312    758100    764168    774973    737196    704857    774957    748426    716730    753853    760000    784612    760926    724827    762752    753239    780407    753784    767732    755932    771035    762320    729889    788132    760304    811948    768401    748022    723914    740534    698609    709566    752215    789329    787507    764920    786351    750569    793397    716661    772065    787295    731914    751826    705167    810081    761776    735814    794504    773602    767900    723044    795680    798803    734260    822027    783553    737763    830946    737784    746094    759259    796874    773593    776969    771374    790347    753865    717065    746366    724538    757901    761285    816396    816834    724728    746989    741387    748951    783753    770940    765232    751247    723862    810578    739681    716501    726760    750551    775156    776476    761936    821249    793491    794464    740790    727681    737210    768323    753370    776001    799171    758913    779327    730171    786751    710108    764435    729601    770775    688434    711364    730721    736599    753756    790041    721526    810796    724112    722301    712023    738282    721497    745425    733866    759037    732480    808151    758603    750370    726973    797383    799197    717833    750225    778680    721139
    768853    777505    767184    767358    749416    778575    739536    786215    744801    772740    703265    765597    733887    737114    750228    747376    746679    748919    744403    748843    754988    780519    769228    787412    782120    758424    706795    782998    747818    746782    770800    739544    738882    746687    738380    735230    773525    760692    750198    789963    781413    741080    791707    785814    829446    738105    734113    764459    744028    771194    762941    793454    721457    734762    808859    762604    745561    777146    796794    787442    751828    714468    752627    738213    739134    756757    772380    823472    749955    744693    771489    738219    712736    716470    758648    745596    739703    736020    778762    753079    737820    768007    793576    717952    735620    777380    776827    785640    720089    685406    791183    769957    760695    780730    746399    759222    749994    713334    773712    715195    743511    754406    686910    777316    788963    759623    730472    792464    761535    691097    756210    779771    763815    747084    774714    770167    789610    762039    748080    815754    758378    717261    702927    714301    766187    769900    723563    788373    721957    739173    765272    790544    758168    767396    745823    797458    745269    740631    775000    745240    768853    785138    747606    688674    695541    723105    732254    773508    747000    743823    735828    731857    714898    735394    723548    793406    780020    799024    814973    752120    737986    727739    755434    747344    728760    760561    766526    712266    722551    777068    703686    720055    729910    775757    780542    747066    741244    778267    739375    793806    765104    795753    750661    766575    759294    738052    740741    755371    768788    772566    745727    704242    745644    750401    705108    762713    805405    779287    740622    788968    752943    777624    737743    749313    777825    754870    747872    717549    794784    777017    733467    766044    763494    751094    748240    755955    792813    766606    814661    780868    735632    771003    741165    724826    724442    770752    779777    761809    735499    799772    740600    728776    766799    701344    721150    764773    777066    797849    729300    743036    695553    741046    798504    766904    800747    759862    718192    805979    737742    741930    697691    763167    758288    792192    735941    775604    769407    791697    714382    735447    749156    771980    759811    761115    806427    752959    755701    758712    732135    752711    735684    746056    747592    708290    744170    732831    730649    773872    807308    740329    801275    704648    720239    732963    725918    714824    759643    753943    732289    708268    788742    760043    779471    733176    793208    750105    744644    748845    772509    730656
    783812    794904    765365    766431    766355    773602    764046    810077    745867    766865    735426    771179    760680    724387    772818    738914    773996    714451    740162    755544    769404    757239    765468    767230    793171    732221    739870    795107    742303    757714    764162    784636    800800    724042    726876    765077    747723    751177    752431    805460    758885    786864    807198    796943    819276    745301    719169    784131    722737    770279    819089    792780    731442    734922    776041    779593    745711    774357    823631    786519    770223    709980    801661    794131    741912    771127    792060    842624    723643    759822    762922    758903    717653    736089    763487    764255    810983    760126    765720    770135    777169    754237    788937    763445    740637    775104    801107    801046    745040    700290    813325    822701    760969    776117    754989    765122    762864    752601    774653    764403    751609    734610    706473    758395    789810    762830    780335    778112    770196    742616    756236    796396    755615    758400    791245    750979    771973    751050    737239    803490    792229    733148    737642    720018    750285    741107    757721    787385    738773    751970    757182    774390    752340    756465    750686    826017    788689    725160    802441    784699    794902    770767    742996    754212    728493    719547    780576    782900    768260    730306    752707    715391    729093    734881    732342    798295    792490    808150    809055    771913    733970    737123    742038    749675    723463    772501    756017    738936    742316    761543    740656    720554    756422    760823    789332    758581    744059    773742    731132    797860    774910    794175    737743    795661    775612    756720    759614    774491    826750    759583    776451    724156    755029    721528    740909    765055    828768    780864    736745    809199    781465    782876    764517    747525    790136    774969    761663    718173    798759    755290    744332    773001    756588    772288    749808    787542    824846    772329    831307    804698    751491    799057    734011    769759    744431    762710    761414    789305    754611    749060    759846    707155    760774    726218    732200    744956    820939    824743    720749    756139    704475    756113    797706    773149    783159    753466    743273    788418    768353    732466    706469    768747    770824    779550    728843    791206    789988    784163    761916    723308    743908    775720    747592    774196    789858    734149    776634    741403    776876    735263    764226    756654    751470    699578    723479    720831    752428    770935    813992    744993    803318    742120    731048    739615    737775    708187    764097    760458    740629    747277    802591    778071    754508    740932    766606    764126    772334    752182    771656    738361
    757822    715465    723249    739171    705823    733908    704003    746492    679346    718783    656176    713866    715498    719808    740155    705820    704058    682906    681918    699555    720345    755268    722739    739339    750472    675164    671367    737503    711834    698389    714578    744867    734436    720457    707254    717150    718724    736407    692618    773933    749913    704939    746327    784814    769458    686609    697987    740429    677327    711953    763324    769680    675565    693890    758284    743191    665718    699679    759232    747476    689530    669115    732509    732602    703091    717514    770370    749647    690658    707624    728540    669894    677242    667012    711647    682489    711218    721457    711712    747127    720339    705091    728923    677080    674868    727688    769188    741114    692397    692547    750309    747766    718272    735650    708489    693183    717064    708514    724328    692270    725554    706039    678657    727842    741127    714768    718739    737242    710721    662206    721759    744037    738960    691873    735402    681658    739591    705368    681487    758804    725356    670493    643990    652025    720535    724753    672668    715262    709510    686050    700432    740524    691666    699663    707282    738030    726300    699671    734303    724633    736316    739113    713709    687639    683250    669907    724506    734364    737832    678144    685565    700114    704398    658684    709151    788923    733017    773853    750497    689640    673291    701605    751411    737242    713202    723589    707686    693212    659902    744636    679625    670993    708178    722632    728554    696737    711984    732460    708930    740574    730812    744015    715606    728858    731898    667791    709288    725839    760667    728819    721544    686179    709213    664311    681024    706522    748686    691020    702729    751708    711976    720936    710348    696995    728395    713612    728704    683584    784594    706057    686829    716335    713214    727347    711350    683506    754485    696652    777127    720197    731348    730651    691560    725927    697164    715191    759551    724558    701875    741678    724728    675824    737742    679309    722745    703723    762698    770803    706615    713100    664525    708049    741179    728246    739380    720987    696483    733722    691400    673029    633542    704059    747373    730142    730270    737155    742770    725594    678339    692800    725577    728675    714530    747677    753293    699235    739248    701495    721961    696475    699221    709904    698217    670932    680899    681510    692462    687510    737942    667592    749032    673459    683475    657404    697740    687279    716179    714862    704366    665934    753818    724058    725084    686987    730352    728180    692845    718308    731814    682679
    731868    754509    729839    743327    692738    751795    722855    769540    727559    741683    663712    728240    751561    721316    786220    727434    745959    737967    735504    743118    723261    752901    734815    749794    745165    736801    698967    758291    699496    707744    740194    737371    742805    745349    694402    748751    734550    772229    737719    764995    759560    749214    779436    811944    786903    706232    734366    746677    698823    735499    776839    775214    722123    707750    757134    741318    703810    736817    810162    758926    717025    674198    746307    775480    710617    740368    754084    790917    731658    751371    758125    714035    667115    696945    735030    740994    733918    714517    715972    753492    717701    687876    749923    701569    729825    725103    762485    757777    714189    711963    765428    756283    733850    746379    703861    736408    768188    685939    712021    755454    738951    743228    716286    736370    778207    743546    731801    783244    767196    695809    755712    775927    749009    700930    743293    740777    793267    747008    699948    798556    753121    689202    711268    707082    736993    764776    735310    700529    723071    688709    729524    740255    728980    739688    688872    782742    726760    699773    770346    749598    784926    777253    745638    716488    688922    716061    722543    772989    746719    696285    743809    717219    697316    714215    730768    772330    776649    763076    754366    746039    717141    707461    764691    727802    713377    702384    740542    693679    682180    759104    659244    696277    729061    742535    753299    740134    688986    743109    730521    747051    749314    769386    711770    755609    714437    709861    711884    749936    806075    729928    718901    704136    727995    689412    702721    723516    781852    774976    729575    777429    725940    742389    742410    709599    743201    734665    746951    686097    790463    721495    704661    761453    749882    740548    737745    737251    793556    760529    783189    761489    714867    729520    719841    719098    718507    762515    749128    753270    706383    764862    731978    694151    737863    675802    730219    704794    757988    793100    670081    720082    683263    694620    766745    704720    709401    743809    683614    758329    728412    699917    657133    735054    727567    751805    716160    771481    759680    745090    748667    718657    728372    733198    689184    777443    748959    727641    747636    728545    749658    715417    722680    734060    732470    694417    708600    708284    709420    755921    773566    723767    782538    715051    695867    688253    714926    700858    736243    722218    729149    696637    760313    743370    737469    743163    735123    740595    735235    731800    744596    704363
    755089    759242    745828    762250    725963    751445    757485    771770    738921    766232    684842    742593    743130    734494    749104    713412    740180    701318    722147    739130    727397    752929    742996    743174    766168    710875    723128    797403    705244    727064    748465    732185    772032    748806    709653    734184    725654    779814    728989    782019    752081    743369    747469    814779    779245    752139    714175    791432    700393    720985    778149    771333    717287    730040    758345    757130    717561    734218    797550    758115    720185    690006    746652    743171    720822    737467    793334    794292    733766    738858    724071    707245    675236    706090    726686    716651    754079    710163    733765    765124    720820    723990    775927    707241    742159    734370    789019    776606    687704    680816    769059    771559    766335    761180    706879    719871    754843    724066    749817    740181    746235    727158    699623    749302    778745    741453    730731    759219    772573    692329    749102    749404    719846    698736    763254    734329    770024    758598    721926    782603    797389    747605    690758    708837    744603    743221    692971    749241    725474    717255    778989    748150    761133    723536    722339    786060    769180    683747    748825    725396    749241    746990    717404    718400    708534    705494    732632    767674    765595    703424    741876    711083    710239    718997    723617    783895    777314    791231    754226    745508    711433    716144    742198    729034    730787    760296    752397    700191    699552    745056    698332    726244    711186    740493    749985    724766    688363    766199    727761    783771    742076    753596    723478    749382    735297    693548    720786    753786    765417    742624    744561    691128    736081    697682    695256    765153    756392    768316    757291    748384    742011    757653    730688    728754    765799    754975    731925    674101    780765    721877    711355    777272    743575    764197    735792    762979    810684    740506    782860    762103    747419    742533    721724    726653    719589    772829    742706    745941    712452    744275    741192    688425    727095    689960    725993    719535    773891    816760    682083    732745    679602    729213    750500    742397    749985    734336    698893    755254    737796    728402    692335    750276    717359    752248    745105    758386    774151    791519    732229    704693    716146    735270    728863    745507    735102    739239    744896    731875    744028    713986    722855    719112    711591    703174    700596    719775    714806    738519    778808    690670    791130    718525    689469    709946    705112    707726    751793    728261    727536    716243    772338    753708    740635    717674    758493    748314    750693    772147    775126    740085
    786898    770030    793089    779732    778359    788041    766900    805417    714580    799399    723326    789118    751275    774183    789313    768674    770283    787399    753443    762397    793096    776104    781351    806989    763970    734737    753970    786757    759739    753703    758080    761342    746341    763436    731917    766871    792259    791507    764870    831150    777511    789139    778940    822947    833731    777386    731303    797073    738929    751854    809681    787398    763193    717415    802767    786570    730512    764973    831817    802262    771742    716590    809441    782403    768153    799288    798298    817305    758416    777498    785030    749213    731735    760525    740632    752108    767373    782610    731323    773494    757722    751076    792623    730482    755894    795965    785016    802556    724000    737780    812312    792586    756132    795678    763208    798471    812134    733860    767561    763215    743568    736898    740857    771847    801797    787552    781545    806779    791809    755963    767443    819112    751487    760410    793196    773637    804178    749833    759428    796730    792140    750572    732044    776330    757975    806155    756880    773335    764192    741175    770301    767318    775402    771612    757482    805417    775454    745752    804718    786991    776673    824034    797001    750936    727255    740384    801863    792854    779017    769582    746850    716964    731448    738063    750963    824919    812817    814103    782451    771461    755647    758128    741878    748196    758120    764898    779424    706652    670719    775163    731892    739701    725633    780544    771063    783926    776377    780899    771482    794151    791506    806451    771307    795418    766000    748834    790361    811573    825257    777310    782576    728688    719475    727689    716401    764471    804629    807497    749334    827163    742558    783561    756087    744012    778939    763643    767473    699070    817214    778586    790095    779490    786015    746419    751880    767709    809330    768847    835656    778826    726664    800714    746887    763987    753059    790861    791369    784867    757596    785550    764643    738155    765006    707439    746881    764907    816461    814257    724675    775166    718601    733486    810873    753176    773050    779551    732708    795576    740464    749920    704236    766218    768775    793412    791925    795287    832639    814199    773082    744637    788544    764569    756674    772913    811524    761176    802674    765457    755200    767090    762673    769682    762537    721490    731685    739661    742344    776598    812674    745215    806358    731870    761069    720920    749636    758378    773293    777391    753408    735578    811522    776603    766455    747006    771139    802584    754623    763989    792903    741116
    801068    763007    751034    771856    724235    758210    754756    759951    720653    713603    689134    782674    731644    743132    762222    733712    776566    734415    761815    747679    756626    775305    770663    756231    776770    738544    757546    760359    727977    728457    730854    766483    766150    757696    707534    735050    765798    771750    724391    804074    758464    757610    798911    797265    845312    735121    746983    772827    711324    753827    799982    799534    734538    728439    804576    788021    717949    755780    751581    776493    732452    694417    764174    766476    754749    768991    773452    847801    748017    758730    754765    734175    717939    710994    744471    735157    785001    711262    772007    755469    734071    731468    778271    737626    770067    769186    791496    795174    722720    721891    787911    782651    769880    766835    740675    772838    782892    715156    760641    731255    765330    736916    703128    784745    810636    772309    758456    775008    765185    720475    756560    786941    771633    722915    780062    737134    775051    722157    711218    817050    788390    709195    717034    728314    756356    763504    734519    788614    742874    752810    744255    735077    761259    752996    745545    804398    758262    742141    749221    764937    788164    768911    761533    740012    732108    694304    766991    762744    769999    733310    756909    726633    723468    719364    729547    790365    762708    795231    778030    773697    750589    755990    762848    727675    731404    776923    759393    747468    714837    770266    746623    712499    746656    778353    803925    726148    721608    763223    772936    750695    785007    776178    736999    738773    729879    714857    740841    742447    805762    756405    737611    711549    752286    699997    713916    754503    793068    742547    758362    813316    777830    773449    744337    750245    775988    740246    762491    732650    820606    753123    724551    783035    775976    764390    739719    759035    799509    766805    817602    782359    749526    763181    761998    759670    715783    792587    718867    753801    736257    772214    750147    724456    753213    706050    720161    726603    795587    809576    704627    741651    736315    743285    755233    765308    778534    758738    687892    799808    740669    702552    683137    773502    792882    743702    733952    775808    776276    754319    739424    709752    771282    772349    746368    749024    765807    721902    746643    724661    735641    758669    757864    746189    752686    693933    704867    732843    737262    779766    775854    714632    801648    728684    725374    716394    727520    702971    719151    759943    734218    697068    803087    755501    757448    738549    740735    765533    746446    770517    763941    724563
    777645    782850    802291    769465    756224    768821    760980    796806    771564    786155    696057    784003    738708    767897    779018    733064    797506    786365    755285    770969    737496    794722    780339    773976    802122    734093    755414    783286    736628    760371    744234    746637    770635    804655    758133    777644    761158    777979    769890    830523    764717    780599    806553    819008    837795    768894    734761    794265    747423    757519    795882    826693    750411    758814    800421    805673    759119    757687    823843    787119    755894    719137    721613    818874    773594    774322    805720    842584    741977    775288    776068    736059    743055    767358    780365    746140    791134    748993    769324    784117    745350    753589    787478    750941    766452    784146    794928    816868    791626    745760    812814    813858    772069    777269    764796    775186    777439    724229    785562    745924    757705    744020    743722    783386    833207    772463    801578    804892    774673    726567    782032    807809    763019    751591    789303    729994    801150    780245    755597    807299    808420    735327    749820    734655    753942    796497    741526    760017    755657    769131    773733    786810    798175    770073    764350    794350    793532    769375    770237    758818    776996    792617    739194    746061    733937    738798    749401    796677    811913    739275    761196    732299    744637    731111    770153    808466    789825    799344    793177    781415    750389    779728    773085    777393    744898    778884    792389    758349    718820    793275    722039    742869    747538    766375    777344    768003    741422    805223    779413    808062    787518    833487    786882    761845    774619    742710    734824    777604    799336    797183    782976    732345    789846    721370    723544    762117    782791    814380    743802    820577    759719    760775    784781    763739    794536    781101    750706    711729    839990    772143    754398    793292    797466    814904    750116    778419    814663    758237    812282    784665    780575    808621    769503    750417    732926    784327    764082    797069    752140    801765    791467    727227    750139    726527    753837    729516    811733    825045    717978    759197    718157    756164    827518    776791    789294    775256    731118    831816    758083    730572    733990    765250    752696    808168    780172    775511    811114    780070    769510    733277    761277    770027    755803    772657    756569    737767    779962    743590    774731    754998    782321    761994    739780    740459    716742    751635    752188    800499    795772    737766    829471    758069    746901    704837    729840    730096    759275    737982    771579    757337    823482    771306    780975    768574    779199    757271    776825    787195    811439    758415
    838927    840589    880661    840792    821073    814863    797067    878602    784937    807161    773055    853998    824147    820029    854082    815902    822249    794362    799695    808575    800770    870109    857191    829474    846840    797606    776850    857484    804996    823589    818996    823890    827764    822059    803967    788270    825648    824759    789034    905070    836830    812197    863298    858569    915686    810450    814658    850207    781137    805859    870356    885829    807981    778689    858973    884761    798113    794905    867620    851288    807403    781522    845511    817296    813041    828588    859169    906194    812188    808256    837829    810017    775945    767578    793726    812429    823263    809740    828723    875037    804532    795794    860480    772912    809208    843018    869448    842878    782452    780692    862199    873414    828687    843829    814334    845061    871665    805414    825840    817300    827817    793991    778410    834998    883480    834059    847444    854108    850380    760134    838778    853650    838515    778465    834817    804287    856636    821497    803031    883330    861733    814566    791615    782522    811880    846107    815603    825782    812651    801877    802280    852525    815527    831293    838239    867684    868689    788173    831357    806079    832851    831830    806354    785846    761449    793805    817475    844986    848516    794100    832664    810263    807260    787039    802762    888125    862901    871719    857577    793881    826345    807571    844251    824948    831188    813783    858198    808946    749891    853923    789495    750335    803652    823518    852905    808322    765637    860293    795400    874967    848369    855188    830577    837642    802543    824812    845368    842983    845464    833856    835870    777403    800411    800507    742665    788755    868109    819034    818137    843241    827539    847155    805775    817514    845935    796118    825522    775775    859073    844305    808513    868327    849846    832858    811506    821601    881340    824999    866848    845028    830972    829116    798131    786377    787739    853119    840444    859969    762831    813055    796098    818956    836516    750049    797993    799328    868727    894469    767473    784169    756458    814404    857383    830267    839608    811958    796170    882124    805828    772326    740237    828557    840585    842206    791338    848585    864725    822569    801301    795583    800456    854312    807666    846599    875088    781687    845805    797044    841831    844640    822668    790389    805934    800156    775559    818664    808436    821829    863357    768301    872132    759137    778331    786847    786080    810210    833038    830562    806566    803109    842355    820410    817686    794223    844791    831183    835811    818153    845214    796814
    749098    766780    765379    787351    761388    785167    765165    753397    746975    741345    668801    772783    746864    718977    761916    737739    731353    727174    722562    745879    769855    770266    757233    770564    773497    719816    697641    765276    734881    747262    730947    731173    764600    776101    728775    739207    737276    781235    725705    809829    763759    768713    790963    792969    807557    733667    710304    762377    715709    730499    809935    805475    721124    715291    760496    762408    731595    747116    805997    774580    727992    696135    766628    746280    728958    775667    773439    805243    730914    759688    742396    718525    701703    693270    755464    761972    766297    697914    764317    778967    736084    749052    760328    715827    720562    773442    792816    755094    730681    709085    798211    764328    757269    762711    721918    763032    772409    707851    758785    755250    728587    732929    719376    787054    806587    766821    763158    775591    753080    722993    749731    759607    759135    728682    787707    709465    749447    756336    707288    778922    751278    731418    684326    718130    723491    748107    719444    775484    722025    723579    751305    745613    767659    745024    734447    794269    749000    737689    742466    734938    760524    792216    740147    729064    716775    733097    745390    755664    751085    740934    744447    741253    711328    721259    724845    756761    776850    801931    772771    753469    721086    732410    744964    714607    727487    769832    771674    728000    709551    778768    707720    712945    733751    764484    779415    734011    721159    756925    739926    781287    787258    789679    750234    759848    779668    744755    731984    758124    789745    743336    742815    729052    752070    707279    718183    751741    799898    765959    743325    773030    780811    747126    745824    757123    732625    752868    760668    714807    807183    736709    706370    780777    762968    764145    746773    732647    775763    733408    785816    749538    750981    763989    732754    753356    725235    757147    769646    740796    726505    757392    734741    724160    732595    693322    731462    745567    778353    791542    687931    726222    722419    740391    786411    749121    769841    722044    694835    818646    740280    716766    703154    770143    760951    765211    731104    797466    752589    750535    737630    710868    733367    759515    749277    769574    784720    745093    745444    735178    738459    723916    721449    724530    724772    706076    690030    724766    711390    764301    799740    715867    779486    700471    714726    705984    735193    713683    734771    759359    752747    711074    769394    741531    724162    736826    783518    767791    735454    748467    752380    735220
    786909    766076    763772    778765    738024    762814    768642    789736    740137    785049    699421    789627    759113    734224    769058    732486    801744    753693    727168    758768    748628    782380    766107    751671    771723    710448    724695    760519    744900    753406    729158    761906    789598    765357    732387    752616    771263    779642    750276    824397    771843    750566    796557    796296    807868    756304    742272    764448    725584    739153    795226    803449    737364    711344    800186    784832    746818    716301    833932    770613    722091    707560    795211    797459    723646    731182    766929    817549    753575    769227    770150    741608    725249    714614    757189    752815    759639    753660    754582    791388    763141    732086    768345    741869    774194    747973    791996    789433    736466    717043    780709    783922    744233    791427    744896    758300    799444    714273    756949    777976    732238    726873    696579    790434    785224    779442    779300    804456    771412    749126    741195    820985    724022    745096    779282    757817    781091    774250    725246    814712    824156    764566    723224    736094    759019    763607    739561    766594    718970    738010    750108    773157    729958    765550    729927    810892    791890    711031    766487    763332    763143    768668    765329    767419    734053    747217    726275    761656    768662    741470    755587    719699    716037    731869    738168    793240    780333    788439    794176    743654    743370    737916    757354    748644    753676    783064    754583    740264    712712    775814    711913    722431    739582    782912    766285    734409    739177    794645    756774    790958    773331    773823    735524    775978    742161    770292    753843    777235    817134    776094    765332    707085    741013    750465    733202    733293    784603    789521    741234    810507    754438    763316    748690    751734    802943    759719    756145    713290    796937    795343    741417    782324    793154    776235    756340    769478    842761    764636    812148    785452    757158    776265    740779    749689    750216    758528    782390    788527    748080    754003    762973    709627    740420    693146    729735    724468    791277    838989    704776    714270    729057    726737    812923    767104    767010    730190    714311    779709    752901    739686    705970    779034    783916    802854    768398    792064    771706    777804    786310    740757    755644    769413    766014    791516    765234    744801    803442    741845    780408    762164    753608    766558    763976    740030    706242    719911    748791    787609    823076    721210    807406    717344    708144    726376    718192    706968    743774    750016    728247    747159    794875    777345    771542    734763    804034    774986    735786    754506    807704    722398
    789868    754883    771271    767151    745775    764175    750712    798636    722483    751987    680131    724633    740857    737754    774520    710590    746488    743085    704082    713662    742412    785655    752640    751547    782793    723669    735280    777650    757385    743722    745518    737884    754933    753648    736762    744136    765680    762617    741735    770981    747338    740492    786782    752923    812533    734105    718672    778390    695312    726962    805335    785811    721938    735667    788108    763530    707510    744090    809520    749867    741776    702632    774635    803739    739516    761320    774674    836425    705414    747813    748011    722672    721548    718417    750346    758793    784139    734812    746977    773384    720045    746541    806176    726398    739633    770624    778829    774125    704967    691789    767823    801839    764052    769075    744271    758368    773803    719618    795620    721229    729482    743356    706324    751872    766241    733959    750973    755935    739251    714944    778989    780226    748209    754422    788442    735119    781385    745359    714096    802137    757822    730606    730241    708610    757341    754419    719722    741268    752387    759145    746260    764304    747317    760478    729563    792113    755353    750135    766218    748070    745510    762528    730490    706528    714220    719397    762724    786777    789940    713997    738962    723924    735417    703108    702629    758610    783957    794800    762925    761384    736443    731026    768737    738004    734619    743007    755210    737252    707605    756990    722983    732220    736003    722345    760770    737414    702861    797495    759272    781714    763678    808693    768686    764009    735103    741014    735136    755706    785138    747705    765561    689653    719574    718358    676560    728558    784673    773156    712730    776751    754416    775719    734839    724369    747991    739982    756703    704467    799749    759619    710779    755225    756931    777637    727185    753986    787072    754753    805755    755080    737542    749315    737049    746376    726056    748636    738942    761149    728262    762880    752058    707714    720550    690105    722443    733557    794403    797039    696616    735221    694657    724034    802031    751737    771979    732962    711871    788748    770616    712307    716486    745014    744423    756443    751116    773749    771331    763019    708062    698623    715152    753469    719026    766604    805873    712034    749995    725779    727737    734622    727661    763803    735589    704659    723317    732662    726714    726240    798863    728810    791983    720859    701037    739815    694690    719112    742263    751267    738120    723471    795328    755095    725606    731856    767118    767088    724863    751605    743734    698521
    735235    714036    722008    734176    688022    761286    734316    777255    693356    725337    686916    711903    715255    709616    746848    712763    761278    710419    721975    720236    719153    757912    745661    733170    775648    681802    688782    758134    674263    713775    714784    734565    720681    752201    675724    729149    730112    745949    719819    767381    750493    726422    764032    773449    797279    712938    663842    761201    678695    720387    753385    754626    721248    711061    780516    739745    723008    750563    777936    759946    716482    653365    727259    764310    737844    741541    747968    784375    696526    703705    730480    717094    663347    685215    707603    706377    740920    703971    711883    744743    738927    709516    764713    739840    733577    730377    774411    752277    699654    664912    760544    757305    720361    745271    719298    743574    744042    692786    758524    694543    711479    724400    701120    704533    786746    744561    742727    762558    745213    708198    734066    765007    711011    704360    756216    718037    782571    711335    702906    762474    750451    718528    681811    691989    736067    738757    708773    735969    706287    712095    726907    751237    719842    742408    733047    779692    740267    718420    754992    728279    763344    733752    716539    713552    705774    681989    723261    769137    752079    711665    736459    703579    703060    682029    704947    784125    754123    787447    771767    742756    721184    719231    745400    720170    720245    723626    762920    700342    697283    745510    670148    700758    679524    747956    776473    715129    707185    756574    721987    732144    757835    772818    742975    741447    738275    703799    732148    717137    768848    764237    766312    677565    738237    706461    700568    748508    746210    770090    709106    767683    710654    743993    708965    722991    739297    719980    754445    677977    769418    746517    735831    741737    718689    729803    717840    750145    741427    734701    778951    731442    711404    731531    729657    687382    721676    727674    738166    765515    707865    734634    722846    713304    725428    671567    736654    695874    754830    813134    690900    715986    667934    696461    760671    738236    734635    728122    696708    754425    710186    696492    676209    751016    725980    738835    708789    747086    755913    751277    712919    717117    725818    747152    730854    730985    746891    730863    736108    715861    724157    727618    698290    720924    746466    679164    701314    698071    694588    754300    738253    707445    761743    678505    726481    691803    703020    682887    744464    723934    721865    714940    755482    710895    750158    711528    739915    737997    710159    729306    738398    709938
    819278    788623    778470    765006    777605    802841    769206    838684    748705    781540    729984    808747    756731    777951    813644    780713    793606    770779    757926    764287    796217    826727    782536    796553    808839    755874    766508    813402    775301    779166    771765    785212    821672    772138    754045    756204    801798    786546    786144    814678    783332    799824    823995    823991    840875    804255    759941    797658    749120    773626    833724    840284    777228    778367    823351    796767    756050    808447    829503    792206    783171    738453    797092    814209    786047    792641    820370    840353    774304    782319    808311    769720    753711    744513    753615    785247    795875    774082    775509    783101    751065    731900    820323    782816    759710    802984    829498    789534    728434    732693    801395    818915    790190    816200    762015    769660    816655    756117    798790    758989    757210    774213    746557    781856    811100    786397    783846    778837    802791    753727    775404    816880    809948    733467    813064    742061    818974    753150    752159    818522    800930    742087    746500    733790    798777    770585    783569    792373    783672    791574    747724    804452    769659    781010    784673    862617    818945    735343    814922    806267    814470    799132    795113    765706    754703    742903    801325    838149    820198    764457    782408    747875    789587    734651    766155    841724    842495    807363    800686    809671    761625    767347    795868    773132    766004    788308    788037    747990    722192    781920    734264    714122    807441    797944    820623    798399    728187    808875    797582    806079    826860    810118    763603    805313    762010    778737    771800    799136    861068    792037    781867    735119    785961    762254    716943    795668    801219    783200    762225    826979    809221    813197    781164    755506    776315    770017    765453    742964    833690    780384    754984    799220    813074    781458    727981    810038    862794    793344    861625    769322    780215    793010    778608    773287    732876    785321    804543    803204    767464    787694    786820    744590    769492    716368    758969    789770    863034    856009    763973    758759    761174    760553    833105    795072    802364    774450    777387    801088    759129    757838    758915    768621    779226    794221    755233    826287    809403    783823    764724    759451    770121    784254    771840    822310    854844    779169    801244    789741    798713    783406    801752    781562    789099    754343    760866    778247    769356    804171    819736    763348    862518    752808    784150    749729    742453    766214    768018    779224    778237    761008    811495    787752    768088    719633    806236    800459    747190    766187    779000    740219
    800468    783706    774847    786521    729768    785968    784249    770069    720269    776118    704907    766132    745654    748912    782440    758638    790639    749583    756424    747967    746005    805466    782653    759929    789505    730952    722301    773816    744058    771455    727341    766468    754815    793266    726969    722155    795153    801239    747496    796781    756450    761400    785549    810365    816147    759980    725919    784132    732670    767666    816428    804266    711754    720256    806707    779267    725096    750172    807843    803593    752396    706533    795833    787177    728366    799235    785283    831094    732742    778004    768747    748593    705777    699748    778633    749802    795693    713737    752111    783832    748611    741636    794786    742435    734153    778275    800599    782582    717484    723307    790984    791971    771210    785709    729781    736838    774928    739126    750492    749491    733422    779921    713757    780216    773369    796288    790517    794878    776208    726911    803669    795918    738216    736760    769638    771633    803919    757545    744941    789535    776295    732316    719914    729587    774848    798615    760568    749884    752601    741815    739699    794175    758264    752217    756283    786699    763983    755386    784176    743978    793059    784907    741818    766982    729374    727672    750511    790220    753299    742027    770906    739446    702691    717169    732415    788308    760913    777715    794685    776368    729750    743292    746554    758569    755465    758473    762529    741004    725466    782628    706833    712843    717574    788672    783453    750566    747661    772273    739780    818023    765281    804952    737792    754773    769552    735095    772451    773561    818910    773614    769833    712935    735070    728333    711940    771695    798728    777570    754400    827069    748658    773747    764736    736665    776997    729682    755207    716769    806354    755082    735461    774705    754420    781863    738841    755808    792643    759662    809763    790564    752775    766331    731715    735488    749010    757206    788376    771970    738991    787157    737287    700472    763483    738089    742871    744693    784783    811969    710727    743755    715825    738306    822897    750322    782154    772904    727685    829223    750812    757844    704078    775438    776663    805868    730931    783686    779123    786608    741103    751618    763210    776055    782460    758058    775817    726494    758342    751964    773769    737146    739446    742193    750899    722110    737798    722658    732680    764456    795684    732065    801484    732958    742133    709609    708998    735348    770408    745956    755417    729522    809903    781148    775896    741871    781689    750382    781256    744414    758492    741513
    820430    782205    823097    794677    770736    817043    803245    842372    793780    822841    756124    792076    782476    768101    826056    787760    799092    787719    780203    784493    781582    811732    787276    819897    804602    769347    765247    796238    771834    789414    779801    773806    773195    832707    752563    776987    796355    822518    807506    816484    804228    791778    824157    842301    874445    789882    777200    809902    764833    783875    874978    830308    772234    744217    845172    840441    762485    768501    849571    843457    749331    740316    804607    802565    774119    807096    830586    838332    775100    774892    795216    762596    731137    764291    778128    790399    800371    805075    791963    804088    774698    778929    846019    774126    794976    814785    852705    809111    780381    760247    821455    838350    799217    811584    784814    816938    830001    746082    805507    774139    798423    783818    745588    798641    834827    806429    795553    799516    816703    752449    808809    825509    797202    763986    813765    746875    848855    805092    781042    849466    824155    798422    755957    747517    772400    813053    795370    794403    786346    759558    797739    816996    773241    793325    795499    832421    806880    783296    807607    784010    797319    810445    774213    770457    758936    776116    800922    844040    801660    783129    772622    773153    772813    760387    762654    826980    854981    844804    838080    801078    782544    812727    814147    806518    806970    805587    817025    758492    757789    802625    746852    769492    771343    809469    828326    774760    791616    812807    762429    814595    798045    821168    787046    794277    778539    759509    781030    815472    819104    816519    798696    734143    786717    770327    758404    801176    832617    799280    774117    854811    754626    827517    796672    805701    810157    794596    774917    744757    850255    799969    800194    816919    797695    825531    785578    810340    839060    787566    866548    824797    801280    812772    796838    771003    788729    809528    826114    814520    789604    818440    806728    761267    804280    752251    795004    805754    848664    841097    721494    771528    741046    790126    809749    800214    828385    765888    738479    808281    774691    742015    736061    815641    819911    798715    825890    809202    809705    819381    766727    783211    802344    818708    787359    788911    831049    788495    814581    782827    788891    791440    782705    776665    806691    750631    773279    737435    783266    798800    835824    767820    822191    763448    768876    755950    777213    757871    785251    772676    783001    783166    827064    778468    809240    790318    833563    806687    772284    810329    818484    767498
    808254    765053    781160    781267    740959    784414    758010    804707    754219    750485    695088    756995    734952    759804    769253    739266    738658    754233    736198    732399    722934    774124    760544    752966    798857    723974    721622    778289    730192    743500    733598    753649    763302    751036    721956    721488    779795    765636    748665    799495    778017    749608    771488    821448    840512    730523    725440    754433    716651    722385    806493    791039    742004    716969    802260    778321    730901    757581    803575    789893    747647    689742    786150    799807    750278    760755    798594    813078    726609    752099    767338    761298    682850    717839    717535    761816    766572    748369    717256    752848    751404    727069    784617    724861    747117    754430    789851    771861    721898    721196    791744    771845    735713    775008    736994    742754    794425    739564    756127    730243    720545    741664    724217    786068    793219    761990    745193    801457    747773    710825    757276    807317    753859    724952    776081    746339    783553    746432    733345    831677    786089    733301    710617    731889    764062    767112    708367    756868    730376    742977    749545    750106    727763    769394    736502    778707    751765    729501    762981    735118    790985    785333    743476    713408    694555    715468    742778    762528    792609    720564    765814    734303    724030    713904    726261    812942    747269    792090    790752    749073    731523    745576    739013    769347    745660    750993    749816    729484    675290    809148    711336    675708    743937    758955    803230    767329    723112    768850    750442    777650    757868    788103    763538    752003    744324    722981    760641    777309    774969    759671    746966    726444    746688    723212    704772    746130    763527    724280    749809    827223    742822    777553    732726    748555    761665    738129    758564    708867    807652    772633    724353    778726    761102    773264    721662    757141    827125    729167    801445    778167    750670    769087    727309    738540    755186    781280    763458    785647    729297    761832    775510    760928    753504    714713    733008    749059    790352    821376    723633    729959    726383    731940    772950    787408    730342    748985    694651    793212    747513    729345    687192    752915    766481    764317    730840    743699    804446    747967    726547    737437    736934    761553    739690    768647    766639    725517    756410    727114    745691    740917    742388    722820    724389    717679    710615    711787    727554    759128    790597    728370    792783    716596    747754    727190    728021    720335    747861    738912    734064    709984    806281    741830    747763    711723    802849    777498    738779    768032    780652    727148
    786636    788675    800207    775143    737590    836818    799093    817728    760933    798261    740410    776828    779040    752347    780972    757918    788046    739051    757069    767222    805569    800998    782390    773772    821176    752867    731599    786085    748135    768959    764307    759993    821364    802611    748099    774371    790723    818070    767734    843813    775831    785264    806563    850695    830228    771903    740833    805700    762332    782087    817516    797374    737483    774140    812390    787707    779383    788946    840547    810480    752624    730783    803594    804297    739188    767909    793324    857612    724798    783576    778855    733139    735509    713665    810392    761407    793128    762144    758601    796876    772726    790479    810817    740172    763416    803226    805657    802275    753442    733236    826258    802974    780330    788945    741203    767263    811153    757951    779491    755744    756374    783094    747408    794954    791232    769602    811088    798000    793169    780971    800060    818431    740905    801916    793873    766702    808811    787279    745047    818476    797358    772427    723690    749275    764096    815887    758232    784986    776165    747635    761967    783463    758119    759802    767194    809542    792830    782553    785383    775033    781260    806565    766630    773334    720710    731201    781769    812917    782956    757501    777266    775302    748279    746767    768942    788511    802504    786371    801147    774990    759648    752306    766941    782860    767617    769274    778818    740795    739640    801558    744811    746291    754182    777081    785357    726817    770257    799662    774469    771201    793903    793011    782948    786308    775125    753633    765564    804164    816164    781190    781638    733426    773040    733450    738308    805174    794860    780360    787340    803761    764757    787435    779828    761436    769141    788624    780012    738292    829894    776690    761897    800351    822889    778021    748936    791862    813273    782251    829604    803680    790355    777706    767733    753280    753107    774988    801117    782490    754658    776316    778534    727416    780177    700117    775057    783840    808226    848758    740763    775213    740518    736154    813675    764626    799837    795687    719099    844516    788238    747513    721520    782096    777106    793496    755445    787866    792739    769897    779645    765355    761302    777492    762764    780567    773047    732568    783000    784937    749897    790794    753741    747102    752749    762002    725194    723617    773778    797248    819067    734085    846955    741006    761594    751301    724556    749465    804537    783409    769256    762519    809301    799743    786186    786238    792099    792051    773725    789711    797608    752702
    790593    783243    785475    794436    782983    812623    760811    835397    770471    788223    722092    786718    759407    758885    777045    760430    803780    760862    764704    796582    790619    814212    797108    802778    821782    761235    747319    792175    754789    783826    790362    765839    799942    791036    749964    768931    768295    814580    776537    847999    770678    795306    837306    823604    820599    759285    776303    808505    748676    795714    820847    806681    734133    744270    823039    819744    768403    764150    846446    788784    767452    757415    794906    785816    763518    780636    810268    859676    761623    778912    782945    754249    725380    730392    776287    781847    801378    781629    769564    801020    779988    776605    855177    755392    758761    809134    809643    811365    744612    716287    824275    826428    802576    818087    761898    767770    796556    745527    792823    755825    765024    775866    721143    820010    808296    800218    785997    799586    822348    718426    788337    837645    765710    771257    799856    764333    783449    824611    762822    813163    794596    767786    741484    749445    765141    790890    750173    782383    744580    787991    770036    776269    764995    787308    767744    810692    787797    768026    807304    776680    823329    825939    776656    757614    718130    744543    794834    791688    789303    758024    772652    749038    769215    757753    766196    819764    762839    818227    819830    748460    741096    754960    802195    777241    744876    779876    792665    743179    719917    797247    738760    745241    751715    796575    804494    759433    743381    835015    761771    811462    799449    806985    779590    802495    788224    751313    737410    756149    823452    766175    777576    760654    782226    715369    713780    757516    807625    791455    741278    808308    793328    797873    797155    778377    785029    762051    781724    715144    829875    782042    733011    821365    802794    807117    780635    789671    847770    770698    853242    798216    797021    770363    775661    772646    777791    784293    802680    811181    770471    801631    773308    756267    785924    719769    768557    758876    833123    836942    735843    772482    738185    754698    816059    785279    816679    786269    717259    819913    778045    754788    703141    780771    781554    815083    792201    804693    795875    780553    761255    749739    789111    778794    774669    757989    816614    769509    770376    791963    757464    765192    766260    767202    791737    769531    739249    732185    753543    793612    791070    740326    845832    763789    742235    737937    742187    728817    798222    741565    808947    732640    822707    784888    790742    762657    796503    795758    757033    806968    791183    745256
    853779    833379    805436    812389    768581    811084    802767    849334    790643    791652    724492    812316    783418    789279    824510    772322    787803    772293    795010    779385    817529    831932    804723    821315    826961    769579    772809    852617    752683    773264    763322    811177    781100    790332    744323    781934    805666    807160    796752    838184    799329    801904    854915    866967    857905    776695    759006    821084    772004    770076    849078    852334    790495    755941    849999    827826    771833    818983    858956    819965    793302    721191    818422    848762    765910    835919    837291    880850    757483    798133    796152    793321    763196    764134    776363    817738    797007    764511    816537    836996    808226    766954    837366    770595    794151    817510    804393    816888    781774    730966    802848    841560    763367    808079    788293    792882    817120    753767    820382    784564    763690    803678    770612    818012    831773    800490    818234    836500    843052    752310    826865    850697    803550    763790    820967    814403    852182    817390    780531    845901    834084    739243    775688    745407    801846    824503    789538    791926    807888    800243    776949    809038    794145    803407    751223    868628    799765    781997    784542    784027    851010    808878    798099    794201    782344    765135    797660    831419    813670    772064    802302    772346    746008    771706    775610    847599    816410    840549    824409    814085    778901    783884    816137    763378    791970    816845    825728    756531    740826    817122    742871    755981    786628    844163    846353    784204    761543    828203    781683    819172    785283    828386    813293    800618    810876    786558    774894    807893    835482    826801    815192    769130    796285    783428    761026    815716    835585    809872    805501    816430    803972    817336    785097    790330    823911    817923    802212    762135    860189    801353    783487    837397    826600    794157    764650    793736    849024    795245    835794    823983    820058    820111    796548    769147    755868    809462    813065    817988    750300    820855    809974    746653    793164    787962    780313    789818    854020    851033    728459    795321    755482    776395    864916    832561    810523    781827    738687    855299    796928    768748    733798    782316    812197    837416    799846    800499    822824    784589    778077    764392    783285    806644    770533    816154    807345    754399    824011    763625    810155    793179    767131    768007    784217    751813    765862    756810    787195    815422    829425    773960    835266    749285    783644    739121    741479    769615    782919    783689    769999    775492    826284    810153    824560    768073    817709    832516    782039    798723    827452    770792
    799433    756463    763510    763384    700552    764039    751120    757152    727766    732047    674890    766479    756804    726416    764465    717625    754682    739041    725666    722315    736985    781187    769259    752390    772725    711352    709639    744531    746093    730443    703933    715397    723215    761497    719870    725692    753418    760289    751446    788858    735123    731403    798334    797533    819761    772844    710993    749983    701306    723537    800762    742179    728909    709965    793714    763675    718147    760733    784757    767686    741962    693427    753355    774499    706610    762869    785188    816892    736664    723258    739002    740613    693894    690632    719101    730548    769398    727183    731582    773366    723219    716261    776208    729941    752749    761196    786276    755085    700710    714862    757735    793618    741044    765270    723721    768841    782426    722364    748906    745318    737068    756918    712030    759741    776457    749563    754527    776454    777644    733487    753888    805230    729289    696291    730968    716308    777877    721140    746658    786784    747406    719984    709618    710750    750281    753861    744597    740359    745477    745683    717539    785660    751365    748527    731780    798155    769138    746332    748296    734950    736485    773439    717136    726950    720248    716677    757248    751754    753542    704976    751226    711893    746254    696818    714577    763801    776964    779892    783063    741615    728866    743373    755520    713871    746991    750535    759903    695889    703536    750636    733555    686547    722467    769478    788328    729312    745250    750283    746610    755780    745449    791453    735130    752920    725502    704649    735993    749532    766937    736062    729997    710398    748550    700568    695587    756241    785356    724152    748092    818115    747892    776401    750533    722897    744925    738244    737276    666332    782024    748223    734415    772617    753836    751125    696142    744600    790580    729950    794925    752163    741651    769646    721726    734010    736580    762376    757222    802571    736609    760984    737948    716198    740216    699866    729834    746496    787457    773945    703618    734369    691369    746682    815446    748478    756433    761649    686942    774277    711276    702048    692519    725680    747559    784787    731910    781058    769799    733786    727335    722853    709916    763312    720818    738531    768929    714755    763896    718916    759674    732711    749776    711820    748704    707579    707843    704442    744323    758610    753591    725289    798574    720998    747471    718233    736974    705204    752285    715326    769808    745581    755444    714992    747709    728825    766023    784425    767114    759520    764366    723106
    765008    792090    749042    783916    754809    788540    779320    794743    784262    762238    723022    776149    755642    748550    794725    781716    779074    784173    742597    755808    765169    816295    764541    771452    787878    730297    748121    789276    747696    771222    747472    751511    784186    774904    761863    749465    788392    784767    748088    794682    780740    779154    771054    836776    835330    766954    705894    753251    755197    779139    809846    834416    735560    728704    821639    800204    765345    757762    812425    793464    770994    725885    777051    786386    766843    765744    807721    801926    731546    774826    769321    770315    723432    757759    768271    762045    771267    758190    745822    806945    732840    777222    806254    772722    752937    787453    822819    824833    740798    719432    822657    815761    767388    748184    757148    760072    805990    739448    756949    756945    764695    736695    738123    801576    834655    769447    788580    781803    787010    751920    779673    786171    736395    760095    783425    757211    795966    764271    759781    792968    815846    744108    732895    756075    779039    761955    761913    794760    779545    759492    761811    778605    775977    757354    747060    813819    784186    735776    779414    760778    795145    801602    758814    751564    763854    731126    767469    833212    805113    764051    788536    730665    734706    734480    729424    811686    785843    802276    794824    777143    742958    764942    790570    754883    757570    779248    791458    738617    721551    804839    724499    737639    739826    777983    791934    761719    749796    767005    739461    815389    784765    778579    771620    787713    782215    764168    777864    791814    801507    774418    760102    746977    783104    747346    741414    786507    781948    788113    773487    813732    774275    760751    777056    771173    777363    749901    777083    741947    849352    789279    755965    804200    763777    796343    743257    776652    813977    726815    803452    808278    783594    814620    762279    760273    756185    776320    791735    798486    748895    800708    760526    725477    789457    724717    766788    778625    815266    861576    716187    727581    747302    757665    807149    755302    777169    777536    732224    813286    775247    728642    706422    780186    800727    782923    759558    785607    813735    791164    770036    731138    774762    772644    758943    772434    778630    752561    768082    738465    771909    778032    778851    760110    749592    725521    711857    721579    777040    779992    814118    738136    828882    733771    736611    749768    721565    738515    779546    777184    744073    758656    806203    786625    791328    756650    793147    767238    772350    779378    777441    753068
    717180    709088    752988    723699    700345    733198    703239    746043    696566    704582    663050    745118    705831    710485    743390    725765    699295    700131    685746    711876    704941    765937    723237    704396    727365    691080    682140    731753    715876    713696    727044    678300    721711    719562    715179    686016    710664    739726    689909    740094    729729    686134    762907    771349    782140    692520    691870    717004    682712    698971    770940    770511    685424    690169    732319    764014    687649    707197    775236    729424    725732    685016    747042    748404    689756    724976    763410    774333    684999    706455    713765    681585    667344    663525    714999    704783    712156    709142    693358    732055    682922    705757    745940    675854    694721    761977    724544    755960    691567    690120    755873    737422    726411    753817    695512    709458    734478    684563    728855    719698    717933    723028    667849    722046    750772    729973    713176    714247    747844    679710    727569    785844    718505    678119    717741    679617    748303    717147    719486    777496    733606    692065    691688    688393    712285    741528    711469    730103    696257    694439    706354    730243    717525    730815    696915    745974    701650    695696    738285    741635    728615    724345    718606    685006    696034    684233    712202    723279    745727    703128    741153    712265    693947    680488    688737    769725    741585    745515    760784    701942    690481    694100    723921    716666    715122    734481    758112    687619    653143    755865    671637    665925    711421    708098    735654    716051    680688    721934    710595    746929    710013    749292    711062    696438    677996    707614    706833    730783    742433    716285    705587    707172    698293    695349    668302    700511    727682    739702    683743    750574    707605    744228    732002    713731    726210    703665    715616    658785    784490    713234    705806    706229    759094    705156    701594    731125    752291    697999    741096    736360    726307    712778    686599    712753    688329    723737    693604    720949    710762    767729    725034    675687    700637    684583    703675    699323    767685    783021    669700    706906    685191    676130    741612    729544    712441    726939    677645    747334    701308    697280    654657    705465    712856    738615    717328    752947    747227    719270    699800    683314    690513    715530    698752    742746    758249    675077    723127    680386    726993    726335    711695    691144    702113    664539    653438    706398    705429    704475    742939    660567    757426    690265    700664    673454    688266    700132    728478    681604    714849    690799    742168    708893    700016    676805    741912    738848    700023    703016    725440    672525
    726230    746913    736836    757412    711189    748838    723782    760432    700865    722557    660830    772166    717777    738554    729267    705139    714836    710722    712562    717676    742399    778661    775549    731258    740660    705599    681980    740010    702370    707656    745866    717727    747043    746146    713214    745270    740392    760536    718117    777617    762482    717252    756374    797682    781285    725723    709917    732514    706490    717161    782493    787631    698424    680225    767742    751622    700871    764557    790709    756041    724872    703748    755882    737438    713069    716593    756188    795660    704338    755932    732789    689878    679146    679561    717082    728493    719247    702136    735863    775264    722801    692533    756367    715302    716922    739405    750437    762121    708794    679496    762622    735413    716322    724199    705253    710808    763074    705125    725913    720678    715362    710752    684947    746460    755032    738140    734654    733333    734571    693625    721006    745112    702269    721159    740444    727410    747822    756663    712701    783902    748407    697855    698171    692315    705851    740826    690548    715263    705335    711586    719872    761436    727246    728038    703901    790481    714727    730173    742989    735973    756964    749260    726656    711970    717777    705495    722176    744814    744718    725580    732573    703450    704268    704914    737772    764578    754032    788394    783305    724821    712229    716583    739211    713084    714110    737438    731306    704790    672449    733584    664528    684404    734036    753866    748440    746676    690312    762758    695746    740795    742722    763913    698352    746850    715883    723542    740031    721151    781976    741447    732838    709792    715799    699689    700758    707594    777369    744024    723461    764650    729212    774471    741226    689050    748646    739987    763640    682670    775094    729309    728687    761667    737428    714065    726958    728319    797004    717490    774786    754261    726153    735511    718799    735881    707032    731370    730363    762465    693143    728489    738374    682794    717962    673648    721929    712949    766725    764232    664287    705682    680309    718543    781000    737494    736099    742901    696943    788763    713147    696609    681104    759128    722070    776602    709559    754922    712833    768191    740094    721461    732790    737251    698832    760020    755136    675044    741461    728758    737700    714051    712587    716616    704290    695563    688583    710577    739347    730975    747762    705243    766424    679547    704883    717451    709212    676506    746553    703809    744090    692632    742163    724022    727627    735301    751577    748493    733108    725027    762108    724049
    763266    721467    718450    738178    709921    728625    754216    771971    701812    749912    683515    740080    728568    729932    777101    698178    745914    717716    699810    721738    727110    764954    753984    730135    760529    701444    688480    747367    698958    728273    696776    695428    720312    737847    680682    714804    771522    751193    712639    768192    742232    710841    745920    791457    787112    731287    713575    767311    671408    707527    772515    755873    700577    740103    764500    730836    679967    707228    786087    751628    736633    681566    756401    782636    717820    746998    777657    778057    691840    742835    733906    702276    687193    664025    728621    695019    728326    718588    733060    759470    722453    712642    740682    710167    718737    751955    759829    747980    700089    673899    749404    735982    729055    744615    688484    721759    768633    724795    735180    721818    752662    726623    725933    740452    750506    749921    761709    734340    771670    701554    748678    748249    715453    709638    737891    714959    745776    733099    704389    775682    781563    712315    666703    697699    733264    757008    732663    695991    695923    727484    748851    760644    716843    714110    701699    774365    746133    703619    755557    707028    753424    754495    724466    712538    725301    702538    707176    780141    750630    719545    718797    703955    705100    691629    716133    777104    760350    764445    720839    772455    716113    706016    733946    701452    729792    746627    759090    714603    679578    733213    689717    689075    705404    729151    757049    702120    724313    766704    730268    756545    741885    742327    720901    744868    733665    703639    731572    733040    766744    742912    758421    708769    701083    696587    680873    756078    723244    754107    725724    778842    692071    769396    711296    710901    737604    733150    755036    684737    764595    712661    706682    771838    753381    744634    691035    753815    765862    733675    794144    756969    724651    711971    697977    711217    710815    746216    727634    750187    718859    732587    740894    715381    700284    675456    702665    731186    750304    774618    674927    736954    693831    703487    763398    750011    731868    738797    665605    773633    728085    690198    691084    739949    708228    735219    731543    731455    737633    742880    718701    710285    728280    756284    736483    751460    720514    707923    734472    728328    711736    704151    710530    720969    746130    683016    671041    687561    726750    734672    756653    707129    785521    704902    727481    684083    674934    710482    728333    743501    727675    711969    769057    750251    735443    698012    747208    772544    726690    717986    744903    695401
    717421    728286    734718    720157    712524    730131    716586    711455    707446    715133    635122    754649    725567    674190    734047    711082    717513    706037    700903    721601    703018    747290    748617    728535    724352    694455    691143    707504    715108    730546    677907    706870    702673    719171    692117    677866    749354    735867    696402    757093    724158    702317    776070    748021    763643    696499    670483    725722    687730    696438    775870    760393    710824    692772    763155    741862    715302    712142    761726    704946    690898    668086    696609    759174    701745    732961    749953    752832    702430    718099    709387    689862    694515    676899    732449    708848    742398    707892    713495    748128    701671    682014    746219    693280    706613    749163    726663    730316    704093    663471    746981    746993    718965    730656    699653    712369    758616    659552    741194    724985    707716    695754    677635    733530    780645    743572    754047    728133    746236    679331    711915    744369    718223    720088    720041    701731    741495    713762    671172    750945    728154    676645    705343    673675    711836    728848    700294    729922    704569    698963    696222    717745    685536    720484    720820    757698    736059    666157    737374    721201    713811    725398    717628    705430    676859    697701    695570    728822    732941    709717    704306    690331    659341    684147    704489    744461    762503    749276    746053    697190    666048    710359    688950    669772    701994    724616    713327    702422    667355    724251    690420    684692    693669    741928    749570    699276    679178    725762    708727    758194    759247    741262    672858    730268    722324    719455    734175    726822    748810    746845    711167    684140    705878    693803    670774    727470    748262    723682    681504    761274    714615    739119    689405    733142    719650    737633    721034    661592    749641    742508    669069    738140    718969    712249    687307    717478    788075    705728    762608    747916    699953    742445    689939    702551    699108    739092    712002    730347    720057    722607    688661    678222    700037    670399    700924    693234    774533    788768    667838    691698    668714    704049    750977    736281    723333    691263    666248    740396    712146    655796    676878    719970    728332    712848    696901    760982    719180    725184    708976    666212    704663    738851    733725    726417    730456    714731    743178    701421    706995    686926    708021    696883    710517    671152    659232    675610    717486    742521    763069    697169    767820    684318    677023    689984    690026    674821    703054    699022    705314    703765    757931    724268    703260    722541    736092    734699    689616    717466    697369    680882
    764899    750073    757926    743423    710704    757997    736291    758460    691077    735783    671774    761253    741140    711068    765443    717091    759837    710792    727024    738586    752379    784556    760129    722484    758403    716857    701810    714082    717333    715608    735506    768800    749459    739643    707993    731896    738876    760533    732367    771220    739377    733138    766862    789762    798034    718284    704895    761487    692783    730907    765377    797981    699947    730584    789033    771505    724968    739434    806638    775641    726601    695785    761212    756790    725733    778048    785838    791273    732339    749108    739262    722939    688502    681298    738517    734743    706120    706811    722541    756615    733336    700880    778804    703790    725709    777772    769233    739903    700203    691425    753624    774272    725365    760040    746039    737887    747315    709400    745964    746608    725148    748840    709538    749844    769591    787694    770423    777643    761358    690419    748244    785883    757640    710072    757388    723966    772493    718098    711449    788996    773574    715826    698499    671942    745793    777203    701160    716174    719421    705413    724960    742715    731509    713111    728667    794515    761157    713663    763505    730221    772549    754555    731261    723988    717231    683508    743139    753829    758953    737920    723213    716184    728216    705358    744384    799965    790778    765738    754260    740564    721145    708070    748611    739544    724888    739502    763652    701316    678308    759719    686638    715766    698657    763455    773371    725014    700095    746715    715429    765253    756896    745456    727508    780821    719427    738312    745792    733058    780910    750004    752601    689429    729270    711620    690759    714845    763084    775789    733544    763078    727198    768802    714896    722192    734232    712868    744190    684554    769572    752546    725722    773403    739202    750975    718418    734766    800788    716935    778124    749057    734346    749104    736514    723193    722241    753233    774635    761010    722199    769374    740356    705401    746339    710647    698050    738493    792148    768566    713063    706177    684798    712086    769373    745051    727225    734120    673844    770106    709385    698187    657256    729893    728495    752573    731481    747460    752975    760107    705597    724978    744402    756392    732567    780587    743686    732904    745859    761859    744114    744539    707769    723680    720213    696587    718839    723458    729991    751873    780587    700692    764946    700948    720290    697627    707626    716694    728707    733827    767135    742348    747384    732154    734368    698796    748451    766594    738603    714372    742158    712045
    820164    824364    802085    791781    775733    782267    781642    832665    768792    777755    705546    812491    800318    783635    786045    734318    791457    757330    766182    757979    800887    798036    806982    803449    790211    758422    727098    833813    753062    762757    755565    758674    793471    784413    758350    759075    774338    769422    759508    841067    814091    780345    807181    843549    851501    776408    756311    772195    771317    767427    827846    829680    758175    743319    822532    807966    717962    779148    841581    793384    778904    714450    811050    809626    765837    780955    833022    840753    762066    785340    775646    792467    745713    728978    759463    808128    776549    755959    769574    833980    738137    758871    780764    734630    792808    796888    830360    801415    760392    734269    807648    820182    779055    793609    765626    798664    817709    754658    812478    772311    816134    750566    728913    804227    847563    787927    782096    812319    765778    718346    773907    811819    783782    760587    785264    759893    801498    795790    752647    829343    808110    748762    776843    745449    769145    763891    746514    799577    743440    780115    772900    783177    765463    787679    775318    809414    789071    760113    802826    782091    783373    817120    790158    773723    734996    773161    778771    813965    810120    739826    767070    754505    745347    732853    732452    829305    823140    835469    818663    782077    788586    767405    797604    767084    765344    804918    797940    753880    689736    805933    717871    724258    785691    814727    795480    778852    740872    780018    777383    803163    831987    805656    764228    784578    761644    764211    791099    796658    796207    803744    782541    756681    758885    756414    716889    767816    840306    807689    767388    812166    774857    812283    771360    805359    794657    748923    791914    751689    808443    814043    761493    818423    806375    785146    772273    795780    861535    788166    831878    819689    794262    817372    736294    751099    775502    820651    802103    782512    764981    770751    782630    765334    777557    720666    756933    775844    821614    876428    739521    771655    737630    762988    812234    772612    768357    786386    718443    825373    758602    727532    724618    793561    801107    783392    778122    796429    823282    806906    778610    734596    791528    797709    793485    807825    832165    762768    795871    759562    756735    765563    769226    782669    807134    712472    754657    742259    776315    792171    822597    758358    825759    728701    724808    745178    752709    735359    784220    773393    754108    744075    810285    779677    780057    760976    806970    793888    748997    784037    795370    774989
    771525    754539    755141    757114    717139    753673    776420    795900    766844    756699    701769    764916    753103    742841    787426    765557    779152    755937    738201    738180    749370    814667    789641    802370    766987    744144    728754    772825    724402    727153    745862    734009    763783    767063    752365    728177    756331    764712    723010    802891    789088    747292    791545    811693    806468    746432    735542    792885    737589    770074    829637    795437    735695    749722    802945    795101    728161    769469    801116    768900    747171    725899    791462    783632    752070    776822    780605    837123    708889    750930    745680    763098    737704    735695    765912    741105    788953    714919    725323    785364    752799    746878    789042    743107    771455    808616    811994    793569    713620    711582    787051    802397    779958    772566    740599    791979    780218    708668    790782    755271    748895    741208    712965    781030    812819    795903    772555    784278    795385    701503    757742    796447    755556    746575    761713    765403    787397    766338    748624    797057    786580    759000    729629    750320    775938    779073    731619    786175    736499    733576    744832    785035    742523    783838    741058    807179    764122    723500    809802    788806    768990    781325    734923    729730    715180    733350    759837    786179    767198    728018    737241    714430    712800    710891    740098    823926    815150    813500    775729    752506    726194    758677    783899    755569    763388    761086    788706    719180    704327    769899    728778    713785    706374    778490    777240    762607    745941    766301    750744    794432    784392    773098    778068    766275    763937    747517    766593    774745    792686    762283    759229    724299    748496    724880    709695    774334    778465    801581    759354    803800    756583    785360    757651    749563    758931    749738    771088    713831    791669    758645    753686    789614    739233    746409    762915    772858    792069    758940    814679    774493    747185    787137    755553    754926    753877    761240    770476    785049    741914    788873    784762    726739    742208    711491    737483    765783    821845    826282    718091    744143    722377    725169    787996    746670    786555    760575    724851    803742    728241    736111    703245    762298    762194    800620    754786    793930    796156    784902    773920    729489    746249    771767    745970    753782    794386    730250    742776    746453    763198    757575    761456    755371    778906    721031    730415    727914    734415    763781    807437    746197    809428    721603    727329    738007    734359    723690    753025    753853    741304    721296    792230    764548    748174    752193    780252    788969    752621    779158    778392    753939
    781731    782309    757241    778908    749926    782709    748967    794756    757869    737121    724502    789052    744333    759888    785750    772428    779952    737427    763883    781789    756421    793768    778351    794116    794826    748899    771725    772418    758971    785187    772260    755131    768791    738947    745016    732944    783243    792958    757137    810280    768936    797677    806310    804508    843996    765913    760609    764144    702882    762546    811085    810619    733483    761927    799516    793003    744361    737718    792126    783899    761873    718443    777948    759024    753042    761062    779627    828254    769621    773758    778242    745555    715430    710775    748175    759623    767016    740836    743447    760224    761467    754287    813093    729908    730185    788677    803446    796245    740629    746751    783425    776450    797320    798313    747889    781689    775642    741822    770456    743902    768281    770997    731899    794384    792905    778198    760976    796918    802803    735616    801987    784612    746775    745777    750165    734634    790098    753298    738487    803950    799832    761164    729440    719422    768036    757273    771974    786160    737302    770714    774803    801477    781144    772913    775821    821049    783256    734838    764307    753716    785312    778441    791576    718702    736352    751534    748819    785567    765974    738635    789500    745334    775741    744857    720387    799916    784305    780935    823287    788003    730266    749317    794811    774156    741374    744640    804857    730763    700441    816580    746070    738127    738001    787550    782244    741805    738931    794961    782700    798826    782924    807346    750583    789528    784816    752598    761705    769409    798977    750826    757877    730516    745834    735477    705289    771170    785773    740672    760595    826247    762379    796355    759563    754374    789959    747103    758475    725101    820092    757910    757200    778982    790328    782037    745740    801619    833816    766207    824104    764524    785262    787623    759716    726134    741510    787363    779090    799868    745149    769298    756791    748383    783123    709259    737133    728171    808011    800016    723980    744212    679063    732602    829375    780590    772892    782125    716480    793706    753575    742551    685132    768748    748097    774619    744440    781283    784912    795791    758732    743783    737851    783405    755592    774281    777050    740761    790735    742691    742816    761918    752006    753279    772909    738538    736038    724291    765270    765674    778617    728954    829343    741052    742578    729389    716353    732347    757583    753745    762255    762575    813119    761313    770612    726967    779986    770720    756694    777222    783566    739702
    783861    748624    780885    764732    754934    741372    776711    782994    713020    764051    707455    761453    735885    738753    784969    724534    825244    754637    770109    737716    773910    794869    755006    759097    771629    735352    712600    763170    730204    758062    740140    750267    762345    800875    746089    756834    754298    778868    763246    814557    763612    752818    800974    802336    851427    728693    736075    775940    724765    743035    810467    808896    740755    726462    758687    829935    717312    753969    791733    790909    755904    707490    765804    808327    773073    794103    772308    808838    740848    759351    807966    726620    698324    725389    764331    742733    768173    728007    761877    778326    742245    752345    803016    726230    769511    789009    788802    792878    732280    738218    785611    799710    765186    793307    748422    767654    767770    704398    727425    746624    764305    744557    706933    773406    808627    779513    778390    769424    740920    746926    757841    812957    757667    727255    763606    767047    792896    741352    743070    801018    787368    743979    729904    731068    745339    787819    759780    790709    746996    730502    744555    794076    743031    750307    733899    803283    774736    726336    771097    761411    799912    778369    771167    768902    725024    725410    787714    784159    781731    739814    755440    728735    755180    715365    733871    806499    784073    797101    802280    755178    749722    754252    783741    756672    775746    760033    763689    718908    718326    783148    710326    723340    756019    785735    787405    745661    729905    783138    732171    781317    785267    781824    756746    757704    742460    718016    743601    747880    819287    785559    763325    742524    742891    738309    723087    771580    813296    790759    741075    795232    741773    772193    742828    744472    783563    787525    775843    696756    809563    760101    708198    791288    769103    774125    761198    795535    795912    756523    810397    792870    768066    765921    752443    734841    760629    751905    778141    759620    758347    764239    768179    733590    748179    709470    765592    750453    780629    824938    712680    779315    714648    751823    794250    731835    788754    730179    738699    814295    763197    737377    717737    734933    806193    760049    733803    808592    770886    757197    791540    748893    775604    791035    749479    797409    799298    757144    756354    726572    740998    745178    761440    754557    735816    697925    708672    744598    740454    801514    792938    723230    804146    745403    725868    725740    739954    737250    764779    769881    747136    707056    788276    746603    787582    745747    796832    756472    747193    779578    779695    739282
    748009    720200    753192    724736    731102    766583    768949    757768    703887    752541    682915    746137    731955    727235    775022    737968    758765    716993    721052    736864    730225    792834    775859    724710    757341    739232    679939    745329    716890    715660    724174    738364    737597    754388    711483    721330    740474    777961    737895    783447    720874    727851    774200    756669    778410    742025    712206    736419    693138    723029    776874    761409    725487    686087    771413    783998    699711    754528    794795    749761    705599    686073    787616    782563    724649    734947    764010    814574    705388    715984    730012    725936    718801    680009    713645    716285    764479    731509    728394    765299    750990    746803    794036    729771    732275    786564    772067    770452    686078    706485    760536    802083    740841    762692    724505    750590    749805    716156    744684    727909    730249    737476    693500    794457    770124    749177    749902    776150    778241    703367    753157    774382    721668    733440    779209    752152    761305    746918    709867    782849    767480    716658    698876    688192    751649    750182    709821    738945    723375    708773    747706    768331    736705    761888    745656    790625    771213    702847    740798    736661    756054    768477    737882    712859    713947    701426    743876    748534    728095    719112    722242    725641    717864    670442    695751    772343    750488    807324    793888    712083    703478    722937    749880    730235    713163    721613    767205    718472    686848    754258    722006    706641    705750    752497    750046    742116    742987    757146    724030    763239    743320    771633    750716    748690    727283    751910    747650    749855    769461    754726    740659    703306    706316    689390    700783    745974    774241    757051    728867    780208    730562    749909    734425    743896    774611    735310    744350    680098    787638    760220    709032    760520    768733    763980    738244    735944    793191    715522    786312    750655    735376    738441    745639    710791    731660    748434    747813    773440    724709    756843    739594    700112    719861    694132    720407    738129    766644    784122    694200    709120    671436    703143    770528    712651    749919    725560    705747    791484    741492    702033    657596    725656    765348    755288    704802    783629    735920    774143    708150    698701    732200    749904    746182    767091    762085    700454    744803    732185    739699    761422    728366    719258    717127    705071    681245    726117    725201    737730    766936    728910    769894    684670    724157    724326    701848    709998    746087    730884    714620    717190    766199    727123    719631    697955    750074    768235    726227    741894    743356    726636
    809480    808260    800603    791166    761393    808263    795546    800474    743975    768783    713128    826729    787231    771031    776766    753669    782874    762490    763333    770421    724589    801105    802217    783300    797835    746446    753278    795135    763011    777110    778763    780114    772491    792913    753399    800401    790312    796954    768701    812105    785759    769343    832297    833789    850948    761575    759153    777677    748093    769932    832376    804298    790749    745508    820807    792645    736697    780093    815771    797792    761771    721940    813092    800110    758980    796105    821951    854005    792380    773999    779441    780038    750929    752192    762913    780577    797772    763861    761369    798311    761262    751847    811366    734532    765000    788477    820299    810432    742266    718050    823691    804365    779877    796447    761484    763973    824037    755107    795849    773988    767558    760031    731012    799031    821782    758345    785435    779752    790709    733024    781685    838344    782454    744250    809980    753338    813335    763160    765795    834671    814977    759061    716064    727976    781564    790485    755445    789447    759173    766310    766665    762356    728272    796794    789963    809674    743948    757590    781059    793908    789583    804059    737830    754977    705974    742979    789128    804083    788055    743236    772840    757036    750564    709309    748060    819879    765174    824933    831451    767624    762677    768847    776880    740331    768538    779004    803825    755442    710912    794403    771774    731928    759186    804032    823765    784963    747717    796197    749450    803762    809111    808400    762309    765619    761521    750230    788479    795550    785947    799863    755772    750696    761852    735259    745306    755801    841564    772541    758131    821011    757878    813691    781936    796629    807317    737483    790612    732651    821201    799479    766330    788935    799818    778717    773760    793011    829986    759074    821521    800703    796559    804248    737290    766012    774420    801316    785376    822130    773319    804184    774474    743569    785554    732173    751723    756632    827646    852955    737578    762061    721645    775033    802371    800312    781463    807298    751714    818058    763486    749398    702029    785205    759365    797454    799851    784130    805573    786303    763218    764928    789179    790681    771715    780140    808279    737278    799384    762942    784494    764019    789556    750847    767795    733078    735486    748912    762187    787011    819596    759457    817848    738509    728725    740419    770304    741666    785632    761267    765008    747072    830610    781222    759924    751660    807564    808995    769276    788233    776476    739923
    721514    730534    716401    730890    687183    740993    731293    769780    724745    696978    668946    747158    726884    688660    736454    692623    723010    689228    719685    712178    703750    735026    751775    743367    747067    709546    701216    744647    687490    692725    725317    715299    716882    761867    680948    707515    710999    744519    707428    769946    715174    705776    765498    782065    793738    727382    697632    722291    674761    708648    762597    750747    696094    700830    781248    759347    671645    705080    754651    746704    702663    679566    751720    721521    706738    746897    746981    772868    720490    707399    729828    708406    683321    681161    705063    693320    733346    710552    707413    744210    711070    711213    733968    669612    711961    750955    772203    761121    691002    680869    760839    761993    720000    744012    699634    720106    767790    720721    703790    723650    720173    708774    672983    752340    779181    730973    725539    759552    742948    680977    730668    765064    702103    699957    730711    697955    756411    701820    697768    751257    748932    724165    685201    665389    728043    728833    695727    717707    709878    696448    737854    764136    715130    749107    710015    776614    751029    684078    740727    726857    717982    753901    727702    725355    685637    689018    718055    733019    762378    689107    691626    719304    702532    682305    669407    758465    739403    760698    749256    717157    710224    693293    737198    706162    673175    723663    727223    690226    678411    728467    684528    669830    708368    739511    764883    711971    712770    726521    700080    726890    714640    739071    718827    725760    731625    685209    694529    739779    762914    730645    705972    667742    733012    670974    680396    707942    748891    753072    729339    771484    711514    746987    730485    725155    710945    707489    727533    679584    740128    749276    720526    725018    719959    744082    695809    750323    751811    733092    755675    781121    706154    732169    706371    734516    728436    756955    697943    720405    728354    740673    696089    700431    737227    673203    718276    721316    748069    790931    706315    704165    664883    686944    755470    740147    744146    718185    677873    716012    723570    676744    648444    720645    738050    739986    712010    756080    736380    721372    711057    683042    712495    730993    723930    733528    739111    702718    740735    697627    729278    696279    705386    734039    715346    657070    689288    691555    687532    737006    753255    667579    766507    675115    678371    676904    717521    677194    720403    690543    710953    691672    778163    709188    723602    675043    717929    714702    719558    737752    719970    675163
    792369    789010    809782    790664    773298    780603    800639    823701    758245    772966    722598    776680    765651    777587    813355    752357    803669    774824    752807    773624    771860    814869    809078    796035    791271    743193    718058    818569    773932    789516    754038    802469    785327    792589    766845    775179    759652    791466    772072    815803    790020    793285    808656    858829    840094    765498    742523    798075    746650    776339    794671    852758    768312    760146    801219    808451    750815    769614    819812    826440    768705    704132    799374    813955    747759    790870    824258    854924    758148    767264    778381    767110    709384    729953    759810    759432    784944    760984    745831    819201    784105    765639    806369    759565    746529    790731    823085    813593    751879    732104    842072    824089    792721    837909    757538    787594    812233    761898    792199    762772    761660    791430    742163    806013    838567    784506    798920    814896    783319    738650    792177    835519    759668    751995    789140    742051    814825    763741    732263    810201    803463    750778    752433    770601    783286    778717    739065    809069    779050    748849    779790    797487    748289    786082    787906    806226    786731    763357    808484    774657    825364    792954    771724    767460    732922    743771    756523    812499    819373    764760    780507    748960    754258    742247    771093    816459    801935    830805    801874    779813    755556    764509    805247    779923    802176    792603    764696    735683    716975    851653    752861    743718    757852    776118    808928    763534    749799    798451    772891    795026    799622    816277    777596    766414    765401    744379    788114    783938    812041    812675    764417    761617    801375    711198    744636    785084    832958    788670    773380    834364    777195    798570    756168    771920    800608    748946    779340    730001    832949    783099    734057    803982    820065    789217    747705    763424    831488    778664    800565    798251    787189    806328    741749    796926    774373    830723    793630    822152    757555    811166    795916    764565    776553    747040    767212    771004    822961    832329    726572    796642    728505    758790    810360    762912    784651    807011    757841    839179    769218    741712    727076    773995    807364    795225    779603    830140    836327    820820    765732    766439    793109    806702    781533    770742    813288    744659    794210    769395    768148    756707    774372    742895    776477    734288    729438    764171    765380    796983    824858    747596    809486    755760    748549    721380    763595    759617    790852    781934    776033    734441    815754    765154    768755    753569    786280    790164    765232    782771    806411    741093
    758336    777100    801024    761942    756802    773731    729078    822615    718382    768651    690741    756665    749358    758988    764080    728662    752236    745662    736446    748205    743288    794713    788296    747347    762198    721031    732063    765690    761096    741030    720400    729705    765107    767568    736675    730332    778886    770675    744416    802862    776665    745623    796603    813520    836333    769276    752805    780314    684130    751594    802390    785481    744284    731708    815382    778693    724052    751471    813260    785496    751626    682262    786165    800208    724625    742268    802742    812846    744968    767952    761384    724346    725433    716962    731635    743367    773477    736298    757540    782218    717059    727416    777811    718880    747481    771160    780511    789246    718063    728284    812625    768976    784029    773005    733342    759473    803331    729490    767253    755423    753749    767970    736220    788942    796511    780673    763066    778750    769123    710910    784093    813953    748277    735640    793485    731667    767704    753572    736376    812615    785684    713855    734501    721659    726436    781136    727184    762133    746716    751095    752613    729217    748267    744177    745693    786779    775090    726394    759609    749366    786087    786950    755049    726053    715776    718031    755898    805353    749363    755268    738637    760368    726885    717969    743915    808252    783208    815817    759850    751688    754571    721641    759047    753827    719071    728555    757733    739725    695454    776869    694729    715703    737202    762632    785145    768612    714234    771191    747909    791922    758569    767660    747692    769469    720594    735246    757559    771365    801348    766548    765827    720209    729303    700118    694310    749196    780785    778281    756985    821617    750277    790610    761472    737817    754677    742652    775418    701027    809867    783297    745317    777228    778370    798255    728290    759940    837650    751282    815657    789397    761593    769300    712678    760965    739286    797721    766655    804774    762603    769851    770285    734407    777573    704064    693910    774565    796178    816284    675137    760665    702616    743818    802975    790139    748459    753349    722053    798325    761199    707330    710788    772348    732570    746372    745212    776598    789835    772515    762918    714855    746072    752319    751639    785555    754943    692173    751558    754920    761433    737866    753708    750601    765694    682324    708225    693578    729171    764661    812383    753202    797211    730597    736846    740521    729574    724562    745320    748888    759423    734217    816742    725103    729693    736726    763522    798055    751236    756039    774646    729950
    731949    764414    732142    758695    703290    757238    757852    775154    720797    723349    668601    739560    721899    729518    765605    694618    744100    721102    717307    737256    757639    775809    767358    742970    767506    682430    693633    750081    692001    700771    737228    727112    733496    752732    701715    718428    754691    728878    704480    755101    741073    745614    776136    800763    783845    708448    706327    742609    688864    726032    774359    798475    697141    699291    759940    777066    710132    761685    788799    764542    695683    657422    735382    752566    744327    727131    757781    784685    688384    736635    724462    726082    670548    683134    706568    704379    712401    695337    719130    738224    733839    724526    731739    699968    718326    756438    747120    750674    696045    682520    772623    765177    737266    744525    679964    723426    756158    704382    745851    740770    736989    713818    682047    722286    787612    717043    774526    759005    739891    667928    725238    762455    738319    692853    721598    726810    776562    745613    710753    782665    747694    713255    724175    709888    720932    760753    703607    737044    704281    718890    692068    766391    711331    760420    705353    777926    742466    740995    776059    741633    751567    737961    739076    734823    695217    708968    719907    766670    768065    718364    738395    677571    712834    680473    736034    788669    778072    775916    769709    720617    693548    731757    728260    708230    721202    743435    758822    696536    678253    738126    684708    713563    696266    755764    772548    707097    724090    748487    722277    739373    768093    746407    721900    731685    717128    722463    733179    750765    738636    748412    734472    688472    712808    712634    693501    741988    745621    742871    724126    780583    728694    758482    737718    699157    767520    743079    735309    696677    800362    722808    703910    763164    755323    727635    722324    728675    794672    728149    747729    753587    718739    737219    730626    729230    712485    758235    748540    733570    712938    753587    733844    740433    691843    675802    716054    727415    782831    779233    665391    717966    717311    723425    760501    716921    739579    736227    664133    767612    719890    684815    670463    732461    747341    715941    713351    750580    752440    778275    743501    707583    726924    745264    698177    744824    745988    709281    768469    721649    738896    750337    719779    735188    722204    703837    695585    689778    726410    729004    763909    721749    755899    704082    718704    706072    694247    685098    727306    710957    710954    702140    771437    748970    733316    702133    753230    756604    745681    748168    769844    726759
    769316    747072    754680    759632    728166    771648    770270    785900    750503    768632    686001    764810    744648    703408    807426    718244    760556    734460    734227    741299    762147    763139    746960    755684    780854    697944    710556    775262    705752    750067    734989    754268    748415    766710    750909    722277    752182    758607    746511    793791    784947    751925    780673    785718    816053    719637    740291    767000    716468    725997    786422    779364    735266    724334    798177    783375    695008    744861    810881    812447    708942    669763    761204    753203    734630    745171    760726    825168    747948    747270    737772    742030    725334    694522    756977    768410    770626    702298    739235    759815    744112    709934    788203    732456    754996    765792    771435    761232    742626    687234    769660    792327    756890    786042    697743    764282    757355    744613    783266    723168    718109    753455    721534    767113    783737    777028    774982    788957    751779    737108    759446    790617    742395    706675    757637    729843    780017    733731    700792    794623    758277    735979    725598    702742    767505    718512    705472    752042    704610    714405    739381    757930    723061    746173    728596    803325    738229    716458    773671    751383    753142    777793    722669    750340    694262    685454    740733    770317    754292    731835    753462    729483    761885    717783    737846    818308    763733    782451    781218    758258    709712    737174    747491    746578    740677    741925    744299    731999    708693    770189    701076    711329    704929    793011    792337    711024    719221    782919    750667    766178    759989    775608    745812    778936    746915    733698    756153    723610    778285    762059    746816    706021    742331    696144    706860    748832    772518    733607    742624    792101    741539    771421    730615    741546    760236    737752    781183    694697    804895    773699    729458    790811    782113    763449    744370    759899    811894    783482    796474    766713    718282    761975    734535    759550    736618    770856    743060    759376    702874    753676    740851    722058    758876    686498    735328    717437    756183    807206    709942    743942    718887    718817    789894    754231    770094    735645    682650    787599    738857    726049    708849    751595    771185    783459    735128    765931    794695    738421    728828    722818    761859    756696    751050    750403    781190    752043    758074    725912    743098    759041    749598    712852    732548    711167    721465    725629    737483    746307    814565    729389    820820    727879    719446    675684    730783    696151    760598    751106    727757    717049    764089    764537    736923    725073    790241    794706    761075    765145    768706    735275
    779041    773356    769815    761289    748596    780559    779543    798278    741608    764152    700008    796726    780711    738371    774322    772590    794807    745351    759076    780536    750058    783312    765454    799638    804639    749488    710629    771224    724339    761025    758942    744781    788344    771542    731645    743255    745276    799804    751667    816749    785073    759659    786852    826640    841132    768583    727952    763350    744754    756295    831701    798127    739714    744058    793783    783845    732834    767504    800449    821059    750193    721211    834716    778990    745027    777319    797062    824001    708111    764556    765190    740367    741965    716223    747693    758041    758385    735761    747151    789816    773028    747313    792446    723525    754362    795559    797021    800856    706818    720225    805880    781158    763625    766046    763899    770360    757051    739328    761744    768834    768587    732577    733045    779380    814498    767960    778002    740084    774549    717181    780851    768146    744518    738877    796076    751755    793908    754587    766637    800281    808753    738582    716977    726282    767626    777440    729326    780633    736393    746980    788204    802581    766593    799543    776640    792225    754730    719172    803472    773046    786690    788303    755536    724992    713684    742715    758803    781301    763725    730699    763459    731765    758984    717991    746412    829664    766326    805166    795187    764051    715259    767017    762537    767449    754646    783581    777219    752276    696572    781391    709602    716339    764756    784642    780389    775416    760617    773932    757563    795946    801629    780699    754969    796219    776626    756308    784847    793788    788745    778709    757887    757250    749851    726261    704209    759701    808681    779058    770144    784143    763246    786484    791813    752785    763874    752574    801178    719506    816546    766045    775275    808756    777257    769133    752575    786912    802843    731260    826669    799793    780124    797177    752160    774377    765771    750253    781842    809931    776178    770606    746685    717380    779072    676091    771981    762599    808369    856239    721619    764387    709414    745026    761672    755921    765244    779468    734859    832556    759931    737662    703398    798271    769746    788592    782581    781682    787708    799559    751918    750321    760407    785832    771638    783003    785432    743514    776435    779066    751560    748637    742126    759753    742342    709985    711907    727860    753141    766355    825142    736053    808572    749224    758546    735592    749486    754910    767814    772256    748029    736970    806533    741262    721618    727902    800567    787177    749650    751816    790627    760290
    740553    750795    780433    757192    744039    780711    745156    776131    711642    764893    695189    762920    733922    725578    773088    717525    786694    707598    710298    737550    745118    773897    754097    768531    730800    702482    679286    792109    732830    724649    724276    726470    731729    768570    729482    752281    743513    749471    723677    809861    763642    746010    785567    803909    808006    735226    735818    735154    723429    729577    791422    774676    700307    740031    768701    758729    712518    747395    814544    777881    730504    682410    776732    740163    713271    762104    740799    820592    720531    729917    746132    734436    707017    723744    712759    742235    744652    723991    749917    759362    746864    751415    792457    720651    739936    784530    752480    773182    721785    681268    740193    792838    764867    749286    724031    762965    738046    702387    759378    750581    734722    719595    694212    791268    788060    761760    746810    779023    787691    695855    727697    802572    743622    708347    753614    746666    787075    763663    717570    788001    760222    744441    682689    712325    712460    738113    718864    772749    734477    752677    755679    764428    727235    764035    719805    794917    753415    736681    763339    717564    740605    752335    716968    724576    692145    710477    718508    775723    748526    737873    703400    720293    733456    699634    708050    785387    757367    788300    749799    753031    689640    706235    755713    742440    732341    749633    742150    749435    714776    760092    711877    725264    732636    769698    769655    714257    718983    779294    731198    792611    733575    755041    735902    758692    765981    755632    714315    734561    762889    753216    745141    707624    740425    709116    696476    744232    763149    747207    713687    781461    742467    740906    741703    753450    770862    754576    711223    701646    803123    732607    711492    765126    741070    751144    755563    752160    792139    737747    801196    760418    747954    770265    707856    752003    741414    741861    743414    754264    737470    783483    750199    733368    742174    691629    713458    724117    783637    805259    722636    725285    706079    732463    781045    764646    787298    746258    713406    761089    705376    702484    680849    755920    739540    754745    728382    790176    767023    746142    742607    686935    732235    738978    750554    756896    790696    736822    747244    749149    740777    764890    704964    717219    748035    694292    713448    710193    742636    733439    788547    718596    804351    689501    713504    686879    726224    713778    746535    721879    747816    715295    744169    743961    730320    725218    763022    752709    735688    738919    751026    734349
    769566    753582    751293    758229    706000    748894    738541    755772    706150    720945    714870    745264    695347    709260    772826    721990    739321    723357    720906    700572    728264    782642    742082    743289    762648    732204    679950    746210    707463    746592    709044    726127    751810    740717    700910    733237    734837    751918    713450    777181    726167    735679    760758    795879    829289    735496    716994    708610    714288    721376    773717    759541    676237    706073    762159    760421    709114    740000    810782    757380    722795    664166    737936    757455    721785    732519    752270    803112    729377    727917    764882    719711    674014    679552    738687    734674    743743    719806    725655    736009    723535    718939    771846    707441    729224    759006    764835    767492    721164    671471    760945    744338    704856    754469    714316    756220    781007    703469    757221    711908    758835    716265    709243    754587    776134    727802    760986    755376    741557    697589    752802    756425    725018    698142    753122    741038    757535    749895    717007    773427    741296    731666    693169    714240    739458    754956    704774    711957    754829    732791    730497    745028    713549    760699    714196    788407    742435    747550    746473    713450    773578    739197    719570    708659    725608    709855    725263    752523    734404    713978    731902    726543    698484    676428    709767    780191    743640    780462    781105    708260    700043    711861    731870    722840    712696    740899    728560    726171    668769    748021    685802    692736    720658    772192    765513    723874    696404    746722    713906    728137    730962    771479    726900    727975    737225    716844    713293    712927    779869    755650    719676    705402    737248    672066    675788    752383    762957    743845    733963    780290    768297    715189    724739    732932    745488    739948    738430    696307    794596    741653    710612    726007    782318    744033    720734    755345    777739    732533    773713    737904    745995    757807    724908    704701    708637    737000    751097    753630    717985    744058    719059    708847    713024    677763    714275    738955    759684    798093    683836    697168    690621    716383    792123    728231    751876    714219    702332    767058    724958    715535    670459    733018    763576    742659    731583    725892    789938    726004    719906    729058    724836    765114    707325    714763    749106    739370    731043    715387    725977    699625    723200    721282    731512    686927    700304    713958    712518    728638    787858    689112    776177    681408    735517    669513    700114    682553    748657    710288    740831    712622    756217    734696    751201    727527    749685    707314    750042    734473    752039    690758
    819147    784991    804485    803433    751409    777158    815425    817516    770364    791383    717289    806820    773390    762105    791236    777251    769405    773493    760606    757086    772155    824648    775319    776485    796773    760853    739580    781688    785574    793548    763279    771347    782647    789339    752883    756711    788017    797486    744617    838711    809327    799075    812370    863959    855334    774387    762575    812889    739568    766507    826941    827945    756124    730297    835210    811073    763666    776995    861291    803107    773129    718827    808428    806589    772280    764608    812204    850969    779933    777144    806750    762041    742649    719793    774425    777322    787665    757205    775043    789968    748166    771977    868699    788852    812323    818668    836921    816219    747104    769545    832719    812286    788540    821352    760786    775420    810010    740068    776427    774145    785085    766030    727557    814690    839263    806234    804239    785939    788943    761046    826594    812317    781888    805795    801594    756998    825728    791176    763900    828394    814226    757468    756511    770644    795157    794663    774843    775663    775036    786374    759438    798073    743655    797041    761675    816159    785439    749146    821888    776423    781580    813338    785439    744632    745633    762388    808431    816266    788249    774503    795545    789822    755919    744510    757130    833020    782755    825350    820168    779620    758908    775680    790365    802979    740584    787014    806090    767354    717009    789279    739684    737664    765155    813722    826272    794626    750972    819372    796849    810038    818371    841672    787571    777545    785998    775505    783553    807254    824651    775523    784318    726406    808495    744436    729199    777842    817101    784790    787787    837267    764946    797683    781006    773537    779574    786912    785441    741357    844876    790820    763764    804096    795849    795077    747211    792613    830667    788530    828895    794922    779960    815627    790085    767815    767479    770037    768142    800947    775580    795899    778395    741937    787921    734097    784353    760152    831375    863638    730604    778392    746336    744655    804142    757040    803145    789094    764631    825915    750579    745692    734600    779209    807005    794276    789176    797468    806678    790488    774628    763915    773330    796040    780586    800039    786618    747627    768411    759993    786101    778094    772927    776312    791213    724966    749377    716233    780990    788133    827353    755279    837498    765818    744395    753625    750468    736800    772187    775874    805269    765435    825059    801684    794824    776188    807456    797510    760253    767915    783371    786970
    745773    742771    727409    738006    724370    715071    710377    738622    695423    726925    672944    722748    689341    713439    738313    698642    699741    686282    678844    689165    718244    747899    724051    711803    738568    651155    648784    706346    690895    737015    700012    674763    716342    694851    697050    694393    715543    738256    688259    752160    710152    705141    737484    743134    803399    676508    686315    702027    701583    677665    762152    759688    682216    679953    728282    737993    670204    707182    744429    713802    714475    671969    712104    723697    694505    713101    741550    761216    695971    703870    718500    673227    645218    664194    741044    701670    705820    689955    701009    729747    685949    683899    752364    716236    693380    730721    744008    733585    671391    678594    745336    744278    717782    741448    670731    713392    725766    694543    738213    700254    693213    704233    659935    734361    743218    734006    700170    713927    726015    681277    711331    756082    721260    708518    706355    708459    726870    715144    673556    743068    740527    700868    679223    708265    715287    716199    690513    734156    675190    678638    706747    726042    698723    708492    680449    724827    695725    701027    721215    700109    693740    708537    707364    716907    683674    692539    668937    729271    730059    649014    699510    677530    687832    684822    691913    744120    748507    751056    737398    685413    687502    689347    706738    694617    675377    715111    715153    662566    682300    753335    661439    642674    698626    737081    746522    706914    673988    723981    685235    703465    729947    760159    720063    710062    697860    704591    700188    691012    750651    718294    688742    710017    707977    667047    657332    720665    734450    725752    700790    765847    700720    745101    687439    710586    727046    695289    717737    650727    765728    717244    670127    714314    713435    717359    706338    735143    765467    679480    738180    745336    710527    736950    662051    692138    700471    728847    722991    750945    716264    705923    728846    676938    697506    679058    701884    709050    726372    767616    675438    708419    678473    673753    755318    687162    718729    706755    647694    734968    701565    663796    667454    704313    735055    737376    687103    731086    741238    719379    696203    704930    707534    732496    729918    718172    735521    680658    697702    654730    680789    707080    699687    691213    706520    675748    661457    699314    708164    705768    754912    698778    746347    668356    666439    687472    694483    661654    725289    689198    708124    699675    729711    715729    722173    692163    752922    727598    711673    719585    749731    663122
    720259    727879    736754    747728    699950    745320    717683    759188    691855    727515    679708    729201    690470    706023    752307    723083    730460    686524    696584    701646    720677    726055    744229    744914    716849    693197    733654    716426    706105    708679    717675    708039    711029    717200    669238    696713    739504    725592    693110    762445    713537    726640    736338    770021    788300    705759    683702    723708    659410    704309    769936    745579    672182    648005    772477    727093    705830    706989    733760    769161    701623    640252    744999    716754    698259    738225    745923    773782    737212    717295    730082    694574    698508    687614    696453    733065    694594    688835    707614    745049    701692    691739    761394    703147    712355    736715    708863    752763    676792    656225    765540    714665    727934    746999    703187    752718    748718    714030    739185    712382    704983    693213    669936    712195    754284    728478    736830    739760    725320    692768    731659    769593    695090    677575    695500    697291    739097    710901    668998    773790    723170    712526    673729    695762    719847    738303    703483    728202    686151    714041    730631    715461    704409    726103    719123    738873    746890    677533    737271    707842    732147    737596    709884    683539    667346    680205    692631    739045    715996    683942    712502    695869    689849    681276    712080    770211    735789    735944    742337    730989    683888    673233    707534    719011    703216    717731    729285    673326    659812    722581    683721    700512    676006    725394    738122    704111    678981    759121    698468    733255    746447    744891    720802    749053    710179    708198    708382    741481    779907    699631    725586    666710    693882    696682    680371    736119    743457    713025    704930    804073    733979    740721    699823    709535    720844    710214    740499    681374    757180    717115    695049    745305    721028    723192    700715    735828    747358    712005    784811    723565    729096    730196    705688    751218    697460    726747    745588    732830    663537    745758    726253    688657    710966    688272    682308    705977    754043    767706    673354    709085    664465    685969    766329    710387    743398    736655    694615    749302    704157    704151    670169    715092    740564    702589    714948    734307    739697    760221    718308    696020    720781    734995    708011    703554    738409    684627    718462    704656    731521    704444    682768    697083    710041    661482    688068    677929    718580    721251    768201    677589    753011    701754    674505    678062    684811    683449    717226    719649    705701    695821    758579    726809    703464    699730    730514    725639    716756    726693    717513    707278
    799140    803360    783711    797236    762859    794715    800653    796195    731077    758690    718582    778999    773767    722605    778516    750327    776277    766389    752226    774772    767025    824262    788572    740435    788719    725804    731674    791671    732478    772983    742542    761386    769745    774691    707220    753141    786931    802994    752562    821393    788885    767858    837487    846105    838378    748951    747792    807362    740760    761391    808081    804268    750462    729264    796293    807793    757160    758811    837094    769196    746495    742174    772707    796777    752645    782563    800433    814250    735256    798090    739149    749287    693393    730873    774553    752284    797117    751482    761069    783102    745967    738461    768349    740577    742719    777069    826139    806743    755271    731737    807404    803984    804088    787303    741159    768498    793795    741846    794325    756542    760225    755857    755081    757653    834914    767413    794530    789850    789295    743807    771553    789430    739672    721465    772946    747467    808962    766579    756484    813699    799984    753517    733752    744004    742005    803732    731498    761113    779961    763638    765541    779892    754481    742624    751125    824952    772753    749982    786639    762901    788222    793638    758423    764991    721473    734714    753522    819210    762889    764806    767855    741680    736742    739284    754150    811419    786073    812942    772645    757474    745617    727177    760056    755358    747243    769409    759188    738549    720061    786486    761619    707939    748423    784539    801758    763658    746640    786412    746936    801838    777607    818925    766097    763427    766868    757161    774149    797053    790218    805879    814117    740775    754793    695392    719619    750802    808285    749270    761957    805390    752401    778556    765658    750324    782273    763717    768827    692699    836747    763652    780579    799676    787172    769946    750266    775220    809141    769717    798567    764908    741289    812487    697942    761507    762276    758657    763523    798098    720796    777455    752045    739083    752553    709984    758674    747905    813733    795544    689638    756539    728858    749100    821008    763957    782780    776627    729684    809066    755841    728307    686189    759739    768436    801644    773568    815320    810052    808423    768522    758800    780126    783095    773883    776497    783516    745770    761850    747175    765121    745259    759689    743974    768723    709961    726228    723280    770486    767634    807136    746177    819201    733993    780690    723709    762963    732154    801911    772459    781270    762727    775082    802540    761201    769749    795383    767214    763185    757023    779777    732586
    746202    758151    777078    746462    723568    751198    742087    788010    730343    750080    670546    730714    728908    737993    756368    708863    746051    708733    726794    728755    760605    778177    753737    770234    761743    706809    686053    741002    740006    709851    727285    718261    754225    752689    677115    718645    723729    763213    707810    795764    752913    744013    780075    762599    770738    694976    715358    756908    685145    719070    809418    772947    719212    700826    750596    757935    702287    721762    790047    748680    713736    709012    761269    731662    738250    766848    775667    806835    702912    759671    741679    738403    708338    714188    736627    698955    734408    729576    734738    777399    707495    717841    777123    713268    720595    770771    784116    770212    703306    696074    762057    765673    750707    753460    710161    737191    754407    703498    755598    716381    726593    728715    684535    735183    765584    739770    769882    755114    765030    729574    745055    768487    727462    735269    766062    709786    749956    734432    683548    761621    738491    698406    732864    680280    738904    751224    727061    747433    706358    709919    725065    754164    732291    726837    740697    769880    730930    705925    788238    742202    745733    757407    734932    761417    722753    723467    747313    772216    749457    696286    705700    709688    714374    707030    744536    791102    753156    783849    774667    728234    720276    751532    748263    757144    707983    737918    744462    703450    692540    753359    684713    682582    727642    741720    745177    727528    730625    739766    722918    740934    758766    754893    720740    763424    736847    740426    741443    755466    765293    751866    748490    691690    714327    723467    693971    728729    770168    751989    729311    770196    720990    760099    763913    723577    755179    740868    755824    671414    806318    750241    729704    736584    759823    720102    732293    737520    764247    740483    794941    771836    750440    746140    726019    717418    712123    741396    746484    749544    706252    784595    757458    673584    727426    659874    732355    736800    810258    781098    689149    743327    725489    724092    767646    745019    761618    744440    687130    763360    721883    698147    675112    753030    755943    776491    708182    765980    787097    740003    749708    704103    745269    744159    737851    749960    760974    683894    759694    736860    732014    728867    714481    723638    731342    717061    682109    715628    722862    724866    799708    687139    775297    698826    730941    691058    707936    698184    745276    727728    749473    713730    776264    751671    752531    731011    757943    773096    748272    723003    762619    709092
    761048    730031    749827    752380    711189    744986    728314    756385    704886    703855    661654    761416    726545    723801    759022    719852    734291    683161    722639    710249    712509    793814    762339    736698    715377    727362    691754    725866    732022    733115    731013    737592    755205    733048    707691    725741    731850    752256    730519    787695    726716    691208    776313    781517    822867    727288    723749    742889    680918    712516    772607    794010    709838    707632    730360    774832    694791    723991    776240    743384    735989    695828    735922    767763    745969    765593    761872    826654    737304    736375    790780    720814    686760    709901    708195    731932    756440    708364    723031    756544    727480    719139    768863    694613    706274    770371    761461    782975    692843    727107    747341    790299    727265    770194    734808    737788    766748    707246    733285    742651    725780    715219    717796    794490    770402    780695    740282    759853    750855    704747    741220    786606    745151    702418    738738    762958    782060    757414    687234    788378    754678    708786    716924    700456    747228    758336    736382    729544    704152    724670    730450    747862    719993    756353    708517    803045    765705    711705    723861    700702    774411    730751    732952    694762    699465    729696    743763    742261    753147    691886    727192    745847    709169    671787    725132    806753    767772    794644    761340    724326    706795    722825    771279    733739    751291    741006    750656    709878    671611    778988    711367    690061    739326    760091    746043    747646    683436    738477    725442    776475    750214    756628    732630    748175    725079    744465    734167    734151    780668    705918    739949    723518    718534    720457    674681    749508    761893    727254    719678    767632    721843    746184    688268    741572    745255    741542    693725    715412    766295    743072    687884    800570    729959    745444    724215    745718    815143    703696    755780    761918    725694    782631    764901    716482    701386    737335    728742    770283    726721    749778    724822    699152    728508    675075    701488    710567    793225    785657    681121    731049    689406    720522    755532    721344    750808    751751    714167    760088    726136    683547    673451    724284    747783    749177    691471    780296    769409    736839    740479    689056    745283    747838    705340    753913    795697    739174    734885    718686    724981    744357    710952    723370    735484    701431    682487    717690    712396    739868    753836    716575    773522    704162    693290    715316    716563    716133    743099    727106    749646    725295    757781    731534    725216    692389    745754    759457    737297    733788    751942    744543
    783479    759213    793806    780519    741388    726117    743687    769474    709603    755407    677257    744385    751232    749897    777549    737334    747304    702767    694660    718982    728770    777663    777008    738550    768500    703431    717922    770742    740247    743915    711956    733575    752943    749405    683387    713471    757885    755513    719427    789483    751332    749008    789724    793014    795498    741675    723262    790498    684247    728071    812703    804878    746904    690526    766021    744062    713760    729273    826431    742480    736868    683300    766126    753657    725919    760663    771191    804274    733264    747712    740135    729598    675799    698566    726043    728875    727853    712746    742118    770577    741015    746391    780743    730270    733079    752297    789007    734745    710891    701502    757910    786581    734528    771966    727601    745542    776525    713782    741232    770988    726713    739609    694504    774089    782101    751551    753308    765816    799959    716359    733656    775860    752749    687701    791792    712895    753073    717638    707104    803212    783107    725050    698210    724234    772304    767844    729251    765735    746700    719075    747329    765551    752206    754475    734457    776914    746996    715794    763965    735412    751031    758834    727987    734176    704770    733528    740396    772299    740491    724617    741188    732183    734213    705928    719506    803052    764398    812817    797460    759216    759533    758065    774429    734441    728540    753599    783199    724584    696645    782708    682725    689676    733263    762878    791104    727631    699776    773969    752925    802482    781408    755239    727160    740587    737069    724109    752918    757159    769659    723666    759369    719777    732467    724093    720873    734528    742384    761230    719393    780930    728110    791444    731677    749378    744961    720780    756955    686484    816529    772014    724979    755156    745012    758036    721253    757880    787502    748385    782309    755101    750956    750477    735469    733607    696881    758047    730373    764691    702677    773946    784618    717061    719881    686810    714384    725141    780862    810236    685642    718713    702979    699350    780169    736333    743449    734458    687649    796086    723006    700580    668931    733544    740853    793867    747968    766100    792238    747045    733506    699046    741337    761156    731010    747844    744805    720315    760896    712854    756032    745306    734081    730918    739223    690520    670674    742606    755610    749165    803830    699233    835033    707178    717011    708495    739934    719875    768149    734817    721044    745565    779363    752374    742903    714549    751882    797413    742942    745336    789803    728435
    783934    752505    780564    766331    749918    779879    744525    787502    727703    766702    696344    772989    731885    756332    760285    730654    768737    725867    717383    703965    771603    765884    775317    757605    774198    723986    764505    786863    738275    734050    739970    752367    759509    760853    772694    753048    770957    762283    740142    791607    776362    742485    793843    799614    810389    749161    705183    789080    698069    726273    771771    803647    734477    710865    785367    788684    734522    748271    801385    793430    776517    708398    761051    777329    712226    768624    793747    807025    744356    737817    745866    739732    683407    740770    743100    758517    746413    731568    731987    780204    737870    759641    772472    722593    739343    786975    774619    774785    725081    708070    777485    763372    747018    784769    747847    753867    780022    733346    742347    732771    707460    737051    680182    775860    801926    777699    764489    762088    737483    723718    740985    817988    765452    707595    779968    760320    792126    740668    754544    816523    761852    750835    699496    765497    759139    755390    727618    764358    741681    751369    754875    759980    742707    751024    727970    812418    745020    725606    755059    754899    747953    778833    743593    716941    702735    720617    764825    754566    791623    716155    766848    745108    710667    726557    716195    804574    776250    793661    775878    747176    731592    726329    760239    716003    740756    780253    770704    728363    698555    789844    695392    712649    731951    757904    771628    743252    753435    786234    736305    794046    764542    771510    740430    767023    750950    733705    713267    794694    786062    765175    771933    715154    759877    738750    708379    775207    768496    795839    741972    806329    781977    772165    744289    730012    811672    744112    769660    693138    797887    734937    723564    773775    776813    734831    726196    742766    793210    742970    844692    752725    762921    764574    731713    764738    711080    778096    757687    774965    719596    769434    784064    712929    749964    708723    695248    732888    790925    836142    690061    729054    690236    765917    786630    750091    783594    740468    718995    796990    759274    719105    680007    777922    769209    772835    741528    786596    790234    765402    734667    727456    757686    762317    724937    753825    758910    719587    786605    734898    771419    759449    734535    733075    751488    696694    708494    741312    747810    758082    825636    735180    805399    744620    721728    706423    725290    719684    773351    736290    736379    712878    794496    763955    735589    725033    740535    789411    753742    747872    782586    725444
    724418    741314    731960    717798    699206    708620    713970    751931    695842    705180    673353    732300    709393    707499    743156    684003    703402    688697    686514    695032    715089    752387    745921    705693    734320    690780    673097    727757    713044    718523    719415    695176    741329    709011    705247    724972    723275    734516    698991    756109    711148    723085    738894    769983    781650    708843    708578    724048    664778    700250    764490    732919    672744    689904    743686    716892    682527    714224    770442    757403    736479    660344    742505    728308    682906    719823    754028    763602    687632    708483    732769    677136    679755    658138    732991    706837    720086    688491    730650    735347    713759    681543    730488    699637    689732    714672    755836    716192    683470    650286    747396    743655    728251    737427    676658    728730    730294    688867    746137    690731    701929    701827    699739    740872    753189    721641    733732    730308    738406    682906    716141    745902    720021    688352    744429    702593    750994    698112    708740    762657    725821    670370    686303    685100    717813    728568    674797    693526    694360    688340    699787    740463    713425    721602    697391    722601    704035    693825    719631    724483    748900    751458    696214    696117    667506    696674    732496    749591    736527    680494    717147    695684    702204    670329    702809    768503    732670    777316    743601    698976    694856    682158    707192    706093    664526    718409    725813    678575    675286    740481    647357    689993    692399    733630    729950    722151    679919    739338    706423    757612    738904    750907    698762    773009    713645    684101    699557    741684    739590    723967    700084    700246    706478    662442    657927    714878    732926    719550    698917    757340    717356    736162    696879    714045    697411    714829    732468    628051    764438    697469    673961    732776    730029    716507    704624    704644    769505    709383    753089    697184    709537    747566    705487    731986    679739    718219    718330    739184    712694    732881    740202    663441    715715    676610    684731    712528    768942    767499    679686    702505    668096    691978    733042    716279    731686    723369    680453    766451    685907    694009    660686    720840    720084    748768    696307    721802    761474    729937    668348    692953    720530    693654    683442    728236    740604    694612    710536    705392    709658    702300    731970    698454    688830    672982    661937    709460    700680    704912    732245    694316    767348    668001    681842    666727    701587    709456    736582    703102    726358    692245    727800    738184    716622    711152    741069    724781    719950    725730    731563    696711
    785741    757593    759923    781761    724864    785024    764592    796166    744334    748260    680710    741140    752837    762712    790022    715298    762559    737571    725623    727788    753448    810895    788539    748681    771114    724034    710781    781922    733161    751020    749990    743360    775222    784832    751104    728345    781817    780886    737717    794367    771803    760326    812018    819316    814300    736711    714561    791931    718952    746240    801236    790608    738682    733262    787939    786723    714890    739950    812076    766945    744427    711547    777293    775488    744408    765128    803431    811859    740881    747120    765658    746847    716536    709283    760949    738759    745193    729724    763355    785187    730466    725858    772502    727925    746481    798476    781678    799894    684089    734836    780592    784219    780849    790198    719644    756932    726349    720975    772817    731276    744234    703917    739559    769378    793082    760933    754984    791160    773364    696294    732586    796006    765288    746299    796735    762304    799674    753228    715944    792878    770602    755693    751044    730302    775237    759546    744720    757906    719556    731803    766810    766772    732652    769879    736762    792718    738007    741616    789074    801119    751486    789790    746962    751305    720621    712188    758932    780521    792187    735616    747701    734775    731155    715723    738572    787287    792486    811216    757615    730914    734824    711858    745553    745077    723357    772120    784875    718598    716948    792168    682976    707664    737893    765292    773668    756824    738782    792196    734490    788576    764871    814484    759467    754982    743459    722327    738620    765511    796186    780672    742977    735658    735713    718161    709844    739625    764044    787078    747234    841217    742667    786254    778591    744007    787723    746099    757389    688110    780310    759805    727738    780801    778698    768620    707413    758906    805662    741722    783831    789958    754947    755806    724361    772263    737535    763693    773262    777495    763965    780646    763097    739881    725672    742530    726593    760207    774580    814064    722790    751421    705180    715818    799871    747818    788043    747442    703971    776224    778531    751054    700888    732083    776983    754110    747145    790125    776260    763362    758519    742769    743609    745231    742437    797265    784541    722467    768209    746430    775899    748643    743189    753246    753483    709431    723536    761981    719514    757962    804902    735045    824306    708248    745339    714900    735702    710942    723431    751698    757521    721920    766703    780655    736933    710936    761624    759527    741707    743434    757057    722228
    748227    749288    776039    742127    734949    755862    745719    784858    722097    742715    671756    755221    721684    764327    770837    694533    777866    711349    706072    731184    742312    772046    780470    768684    747151    730092    710367    770791    722113    735722    713778    740362    740621    771444    716137    747943    735828    779046    731077    802132    739881    765503    782530    814291    818212    735876    707427    731731    723453    750642    783170    759567    686560    719069    779251    781211    705979    768561    817940    741733    736675    687835    758205    775370    717499    771927    777376    816959    719839    737172    768294    727789    671996    720137    763581    729505    750304    715486    744655    771364    727456    737211    803835    725366    722112    786093    765817    801594    724344    704328    790394    791591    743542    787538    710209    759993    771723    672311    748963    759715    739971    724579    716813    756404    808233    795657    770873    776118    766523    710597    760978    786076    707024    744416    767101    755526    781027    743171    727783    793823    746297    718214    685838    706904    733866    768758    732027    736748    722122    721027    733906    760815    732105    760889    706324    787887    744012    715228    756038    743751    760858    778468    707791    737684    700903    683591    757262    767962    734496    743974    733348    712419    733542    722248    716833    785288    766083    761384    782909    751883    741866    737678    753613    742876    737930    760344    768059    717677    690322    756929    698348    698328    738261    755517    776721    705840    716529    779931    717391    782618    742967    769433    723794    717362    722272    730371    728013    741665    775840    746852    749985    726148    718669    722257    696026    744301    822101    763434    731826    756668    728724    759008    756528    745149    753234    753183    757933    697462    785950    731949    705347    794493    767878    771901    742164    757489    795384    764489    796711    753611    723172    736547    712642    726656    708639    760412    753434    760707    720298    740009    753146    713277    761606    665591    720886    736033    764460    794312    684749    763921    708131    705288    786509    764829    752081    731729    688354    783850    734669    710272    681685    731553    745321    776257    733343    756584    758023    741557    745766    707312    758793    749386    755399    766574    780431    728000    761197    725477    744028    759995    733251    742119    724501    683378    693914    721102    735460    751053    770251    717482    782634    706844    711503    699538    725134    695430    766172    731423    757110    701242    744703    731020    727119    738202    753866    769374    714137    738627    751129    716929
    805836    817617    817086    799914    757180    796700    786475    822573    765507    788673    729319    787696    774190    773515    808417    777770    806448    784865    780090    806504    812781    812926    814656    805740    805724    778190    765307    812262    762543    800703    774608    751722    786666    803119    779000    774158    776915    829026    781518    809755    804099    798007    847796    832472    893808    798352    779291    804597    755583    787791    848052    849116    784707    760686    840451    827498    749444    799299    847227    844536    792601    737645    806748    793252    776883    809513    834256    872869    764487    805468    822379    772681    754157    776351    794877    783424    778899    775466    769253    813460    783185    767754    834096    757960    764513    823975    814722    825249    758827    757641    818930    821693    795176    833914    748447    809018    840324    767915    805784    799468    809353    800678    754367    798465    839984    793500    791621    811130    809596    769274    783003    850608    804216    774397    798929    772233    812359    749273    799943    838924    798673    790162    767387    774506    782390    815647    799270    787202    771124    780887    784561    800475    794427    831363    788341    825065    818227    778116    783064    791070    811526    842168    771141    777454    754819    749193    831194    836410    840946    738340    774858    782257    763049    734468    793980    837870    801570    850379    847231    790130    786406    760513    795926    766302    786509    802078    801300    764671    734882    796520    719912    749879    752411    786858    823082    789025    765935    795239    816193    798776    827337    797648    805927    790681    777754    731245    799200    792536    840776    742585    762464    785639    780986    756862    731397    812736    835784    811363    801511    834581    807208    806218    802086    799683    793838    778124    793279    747523    848163    818413    770658    805559    803368    785493    786030    795753    856168    767832    843665    808791    767132    800284    774091    809720    768606    794936    808218    803517    766825    808870    773189    772935    796228    738807    769179    765714    850054    854165    726621    792089    721732    789599    862496    800652    799880    828598    742724    821094    772079    771853    757243    765428    816567    802955    793637    825436    824126    791280    795079    763857    805130    797884    804953    819873    818487    745958    780168    782017    794576    793255    764826    784116    765770    737835    740544    757526    788641    817832    831862    777926    810955    706531    759442    725530    776816    753052    816397    788028    786999    765687    828899    809779    772389    746960    803922    819931    785459    788619    821571    769733
    794896    784836    777990    796496    771915    814627    785821    794389    744543    770279    704990    794148    765038    728854    800476    781635    799555    732535    737594    769260    775687    819010    792199    764614    800052    741495    713822    789620    766363    773200    743027    761994    785596    773227    707190    754860    808785    812688    753982    826583    780321    785510    830165    825739    847362    766494    761007    801730    735752    767385    834598    825767    712984    755109    788887    813646    723666    790817    822613    792382    760172    716804    764526    784549    774628    772798    798075    834665    756149    783523    782598    758911    705120    709691    783400    747695    772371    753038    789117    795866    789740    745687    809001    758001    746625    791539    838001    795041    764045    736030    828610    795120    769395    796313    752499    768018    801382    732591    787186    752434    761998    774980    739780    823103    804920    778196    808277    796126    804305    745452    795214    799192    766693    751700    793310    764451    818303    773715    745645    806860    807385    760083    708411    749272    787387    789680    748925    775003    756546    774022    767729    791126    750810    755016    792766    821068    777490    763064    784602    768283    785032    775176    753175    759172    720243    734395    792372    819986    780178    744921    789936    752141    768635    722892    773944    802449    795129    808171    837420    786382    790133    775341    787136    763781    743781    762659    777152    756934    749725    813379    730703    738536    748973    783671    823392    745572    753257    786792    747769    802150    802727    800785    777793    799942    798658    758446    782578    776276    788802    764826    798333    765466    776414    708246    726591    764364    802498    774454    776413    796148    770906    811767    774206    775835    779492    760511    784912    717025    851276    781095    740684    795071    807258    818050    763502    770050    811507    777349    836462    773404    775765    786000    759256    756943    748782    742300    773420    809823    761176    786699    790358    721409    769200    713572    760886    773086    822161    818181    718552    780191    731481    752319    785026    784312    799267    742502    722034    828129    760255    719825    735567    804145    764683    775898    763453    800758    816424    797427    725595    745762    777933    801584    772156    795950    795348    749961    771523    763893    754072    748435    750438    756712    755206    741739    732812    733621    749850    781968    799665    741372    802798    755960    749085    734826    736621    754394    789815    767295    770430    757020    840153    773224    772588    760256    800354    811423    785827    789749    792604    757432
    753064    774385    767290    787172    739664    781654    771410    799253    740680    759168    704359    773989    735212    737655    755657    748727    785955    717694    749321    737756    757420    810220    780277    780272    774632    756301    736727    756514    747199    763510    733518    738959    766422    773523    722158    750242    752123    802071    796561    800993    751061    769955    812139    779648    851640    794043    718031    785347    699391    733140    811234    786946    728016    731328    795747    776893    728944    740693    822026    796190    736293    731767    792719    780965    737253    785958    783850    811991    724634    759028    776392    745011    727174    734256    748753    759256    763306    726580    750957    787442    749833    737331    800762    727758    736652    758269    789773    764709    752153    729828    792060    806638    749948    766020    753097    776746    769473    730882    784960    769962    729825    744272    728266    811576    796023    766975    775442    799896    805863    730100    772735    790774    764916    723509    810610    738841    805453    743418    739010    808553    755605    729930    715816    718755    761421    740361    748153    750789    733780    748222    759926    772549    756789    757831    757069    838378    764400    745768    771570    771680    802642    786368    752067    728225    731140    734234    766870    777797    759299    736397    756448    754229    760524    734369    756797    780451    783868    845022    766577    794168    740964    751514    753984    735709    713267    772586    772247    717693    681430    796224    700947    717820    749802    756416    778656    762438    716698    788233    754879    767665    784267    789572    752234    781896    750535    729128    743361    748526    796870    749420    765186    727552    737970    718171    711416    766101    789752    767261    753273    828403    768035    774270    752031    751016    771904    743684    782430    725438    804252    791269    738491    787517    774140    785960    726938    780707    826698    771556    800355    773265    764512    784227    773547    768312    738526    757511    758711    767662    749466    757612    744886    724850    761246    707399    708174    749812    791148    801521    691630    740868    706814    745877    787026    775360    787758    744532    719768    796352    745239    714258    701008    793746    742946    809332    768918    770180    780589    763354    736974    734316    784861    744741    782233    761880    807362    753427    787335    777903    776642    763101    769215    740516    771267    710628    713934    729984    728454    761224    803379    737826    791988    720703    729043    675626    745867    749029    764160    730648    759328    742337    791311    751571    772660    725902    757561    775021    766628    764590    775910    750647
